Paper Title,Subjects,Score
Paper 0,['Area Studies'],3
Paper 1,"['Business and Management Studies', 'Biological Sciences']",3
Paper 2,['Classics'],3
Paper 3,['Modern Languages and Linguistics'],3
Paper 4,['Law'],1
Paper 5,"['English Language and Literature', 'Sport and Exercise Sciences, Leisure and Tourism']",3
Paper 6,['Economics and Econometrics'],2
Paper 7,['Area Studies'],3
Paper 8,['Business and Management Studies'],2
Paper 9,['Business and Management Studies'],2
Paper 10,['Mathematical Sciences'],3
Paper 11,['English Language and Literature'],3
Paper 12,"['Social Work and Social Policy', 'Theology and Religious Studies']",3
Paper 13,"['Biological Sciences', 'Clinical Medicine']",3
Paper 14,['Physics'],2
Paper 15,"['Psychology, Psychiatry and Neuroscience']",2
Paper 16,"['Communication, Cultural and Media Studies, Library and Information Management']",3
Paper 17,['Physics'],3
Paper 18,['Engineering'],3
Paper 19,"['Art and Design: History, Practice and Theory']",3
Paper 20,"['Sport and Exercise Sciences, Leisure and Tourism']",3
Paper 21,['Theology and Religious Studies'],1
Paper 22,"['Agriculture, Food and Veterinary Sciences']",3
Paper 23,"['Allied Health Professions, Dentistry, Nursing and Pharmacy']",3
Paper 24,"['Art and Design: History, Practice and Theory']",2
Paper 25,['Sociology'],1
Paper 26,"['Education', 'Theology and Religious Studies']",3
Paper 27,"['Agriculture, Food and Veterinary Sciences']",3
Paper 28,"['Agriculture, Food and Veterinary Sciences']",2
Paper 29,['English Language and Literature'],2
Paper 30,['English Language and Literature'],3
Paper 31,"['Sport and Exercise Sciences, Leisure and Tourism']",3
Paper 32,"['Psychology, Psychiatry and Neuroscience']",1
Paper 33,['Economics and Econometrics'],3
Paper 34,"['Agriculture, Food and Veterinary Sciences']",3
Paper 35,"['Theology and Religious Studies', 'Anthropology and Development Studies']",2
Paper 36,['Law'],3
Paper 37,"['Allied Health Professions, Dentistry, Nursing and Pharmacy']",2
Paper 38,['Computer Science and Informatics'],2
Paper 39,['Mathematical Sciences'],3
Paper 40,['Anthropology and Development Studies'],3
Paper 41,"['Communication, Cultural and Media Studies, Library and Information Management']",2
Paper 42,"['Psychology, Psychiatry and Neuroscience']",2
Paper 43,['Theology and Religious Studies'],2
Paper 44,['Classics'],3
Paper 45,"['Philosophy', 'Sport and Exercise Sciences, Leisure and Tourism']",3
Paper 46,['Social Work and Social Policy'],3
Paper 47,['Sociology'],3
Paper 48,['History'],2
Paper 49,"['Allied Health Professions, Dentistry, Nursing and Pharmacy']",2
Paper 50,['Clinical Medicine'],3
Paper 51,['Economics and Econometrics'],3
Paper 52,['Earth Systems and Environmental Sciences'],2
Paper 53,['Anthropology and Development Studies'],2
Paper 54,['Politics and International Studies'],3
Paper 55,['Theology and Religious Studies'],2
Paper 56,['Clinical Medicine'],3
Paper 57,['Mathematical Sciences'],3
Paper 58,"['Art and Design: History, Practice and Theory']",2
Paper 59,['Biological Sciences'],2
Paper 60,['Business and Management Studies'],3
Paper 61,['Area Studies'],3
Paper 62,"['Psychology, Psychiatry and Neuroscience']",2
Paper 63,['Education'],3
Paper 64,['Modern Languages and Linguistics'],3
Paper 65,['English Language and Literature'],3
Paper 66,['Philosophy'],3
Paper 67,['Area Studies'],2
Paper 68,['History'],2
Paper 69,['Clinical Medicine'],3
Paper 70,['Area Studies'],3
Paper 71,['Geography and Environmental Studies'],2
Paper 72,"['Psychology, Psychiatry and Neuroscience']",2
Paper 73,['Biological Sciences'],3
Paper 74,"['Architecture, Built Environment and Planning']",2
Paper 75,['Engineering'],3
Paper 76,"['Psychology, Psychiatry and Neuroscience']",2
Paper 77,['Engineering'],2
Paper 78,"['Allied Health Professions, Dentistry, Nursing and Pharmacy']",3
Paper 79,['Computer Science and Informatics'],2
Paper 80,['Philosophy'],3
Paper 81,"['Philosophy', 'Social Work and Social Policy']",3
Paper 82,['History'],2
Paper 83,"['Sport and Exercise Sciences, Leisure and Tourism']",2
Paper 84,['Politics and International Studies'],2
Paper 85,"['Agriculture, Food and Veterinary Sciences']",2
Paper 86,['Archaeology'],3
Paper 87,"['Music, Drama, Dance, Performing Arts, Film and Screen Studies']",2
Paper 88,"['Art and Design: History, Practice and Theory', 'Public Health, Health Services and Primary Care']",3
Paper 89,['Classics'],3
Paper 90,['Economics and Econometrics'],2
Paper 91,['Modern Languages and Linguistics'],3
Paper 92,['Politics and International Studies'],2
Paper 93,['Clinical Medicine'],3
Paper 94,['Business and Management Studies'],2
Paper 95,['Anthropology and Development Studies'],3
Paper 96,"['Politics and International Studies', 'Engineering']",3
Paper 97,"['Physics', 'Education']",2
Paper 98,['Mathematical Sciences'],3
Paper 99,['Business and Management Studies'],3
Paper 100,"['Sociology', 'Architecture, Built Environment and Planning']",2
Paper 101,['Sociology'],2
Paper 102,['Area Studies'],3
Paper 103,"['Business and Management Studies', 'Physics']",3
Paper 104,['Engineering'],2
Paper 105,"['Agriculture, Food and Veterinary Sciences']",3
Paper 106,"['English Language and Literature', 'Archaeology']",4
Paper 107,['Education'],1
Paper 108,['Law'],3
Paper 109,"['Law', 'Earth Systems and Environmental Sciences']",3
Paper 110,['Law'],3
Paper 111,"['Art and Design: History, Practice and Theory']",3
Paper 112,['History'],3
Paper 113,"['Music, Drama, Dance, Performing Arts, Film and Screen Studies']",2
Paper 114,['Sociology'],2
Paper 115,['English Language and Literature'],2
Paper 116,['Philosophy'],3
Paper 117,['Education'],3
Paper 118,['English Language and Literature'],3
Paper 119,['Law'],2
Paper 120,['Engineering'],2
Paper 121,"['Public Health, Health Services and Primary Care']",3
Paper 122,['Anthropology and Development Studies'],3
Paper 123,['Engineering'],3
Paper 124,['Politics and International Studies'],3
Paper 125,"['Law', 'Business and Management Studies']",2
Paper 126,['Geography and Environmental Studies'],3
Paper 127,"['Agriculture, Food and Veterinary Sciences']",3
Paper 128,"['Allied Health Professions, Dentistry, Nursing and Pharmacy']",2
Paper 129,"['Sport and Exercise Sciences, Leisure and Tourism']",2
Paper 130,"['Sport and Exercise Sciences, Leisure and Tourism']",2
Paper 131,['Clinical Medicine'],3
Paper 132,['Sociology'],3
Paper 133,"['Agriculture, Food and Veterinary Sciences']",3
Paper 134,['Clinical Medicine'],3
Paper 135,"['Philosophy', 'Business and Management Studies']",3
Paper 136,['Modern Languages and Linguistics'],3
Paper 137,['Anthropology and Development Studies'],3
Paper 138,['Social Work and Social Policy'],2
Paper 139,"['Allied Health Professions, Dentistry, Nursing and Pharmacy']",2
Paper 140,"['Mathematical Sciences', 'Modern Languages and Linguistics']",3
Paper 141,['Chemistry'],3
Paper 142,['Social Work and Social Policy'],3
Paper 143,['Computer Science and Informatics'],2
Paper 144,['Anthropology and Development Studies'],3
Paper 145,['Geography and Environmental Studies'],3
Paper 146,"['Public Health, Health Services and Primary Care']",4
Paper 147,"['Sport and Exercise Sciences, Leisure and Tourism']",2
Paper 148,['Physics'],3
Paper 149,['Business and Management Studies'],2
Paper 150,['Theology and Religious Studies'],3
Paper 151,"['Sport and Exercise Sciences, Leisure and Tourism']",3
Paper 152,['Business and Management Studies'],2
Paper 153,['Mathematical Sciences'],2
Paper 154,['Theology and Religious Studies'],3
Paper 155,['History'],2
Paper 156,['Politics and International Studies'],3
Paper 157,['Chemistry'],2
Paper 158,['Economics and Econometrics'],2
Paper 159,['Classics'],3
Paper 160,['Archaeology'],3
Paper 161,['Mathematical Sciences'],3
Paper 162,['Physics'],2
Paper 163,['Biological Sciences'],3
Paper 164,['Earth Systems and Environmental Sciences'],3
Paper 165,['Mathematical Sciences'],3
Paper 166,"['Music, Drama, Dance, Performing Arts, Film and Screen Studies']",3
Paper 167,"['Area Studies', 'Chemistry']",3
Paper 168,['Clinical Medicine'],3
Paper 169,['Politics and International Studies'],2
Paper 170,['Law'],3
Paper 171,['History'],3
Paper 172,"['Public Health, Health Services and Primary Care']",3
Paper 173,['Physics'],3
Paper 174,['Chemistry'],3
Paper 175,['Mathematical Sciences'],3
Paper 176,['English Language and Literature'],2
Paper 177,['History'],2
Paper 178,['Classics'],3
Paper 179,['Biological Sciences'],2
Paper 180,['Area Studies'],2
Paper 181,['English Language and Literature'],3
Paper 182,['Education'],2
Paper 183,['Biological Sciences'],3
Paper 184,['Chemistry'],3
Paper 185,['Earth Systems and Environmental Sciences'],3
Paper 186,['Modern Languages and Linguistics'],2
Paper 187,['Theology and Religious Studies'],3
Paper 188,['Computer Science and Informatics'],3
Paper 189,['Mathematical Sciences'],3
Paper 190,['History'],3
Paper 191,"['Allied Health Professions, Dentistry, Nursing and Pharmacy']",2
Paper 192,"['Mathematical Sciences', 'Communication, Cultural and Media Studies, Library and Information Management']",2
Paper 193,"['Public Health, Health Services and Primary Care']",3
Paper 194,"['Earth Systems and Environmental Sciences', 'Architecture, Built Environment and Planning']",3
Paper 195,"['Engineering', 'Area Studies']",3
Paper 196,['Philosophy'],3
Paper 197,"['Mathematical Sciences', 'Modern Languages and Linguistics']",3
Paper 198,['Social Work and Social Policy'],3
Paper 199,['Modern Languages and Linguistics'],2
Paper 200,['Earth Systems and Environmental Sciences'],3
Paper 201,['Archaeology'],3
Paper 202,"['Area Studies', 'Earth Systems and Environmental Sciences']",3
Paper 203,['Classics'],3
Paper 204,['Philosophy'],3
Paper 205,['Earth Systems and Environmental Sciences'],3
Paper 206,['Computer Science and Informatics'],3
Paper 207,['Geography and Environmental Studies'],2
Paper 208,"['Architecture, Built Environment and Planning']",3
Paper 209,['Sociology'],2
Paper 210,"['Geography and Environmental Studies', 'Engineering']",3
Paper 211,"['Agriculture, Food and Veterinary Sciences']",3
Paper 212,"['Allied Health Professions, Dentistry, Nursing and Pharmacy']",3
Paper 213,['Physics'],2
Paper 214,"['Art and Design: History, Practice and Theory', 'Allied Health Professions, Dentistry, Nursing and Pharmacy']",3
Paper 215,['Biological Sciences'],2
Paper 216,['English Language and Literature'],3
Paper 217,"['Art and Design: History, Practice and Theory']",3
Paper 218,"['Politics and International Studies', 'History']",3
Paper 219,['Chemistry'],2
Paper 220,['Sociology'],4
Paper 221,"['Communication, Cultural and Media Studies, Library and Information Management']",3
Paper 222,['History'],3
Paper 223,['Engineering'],3
Paper 224,"['Agriculture, Food and Veterinary Sciences']",2
Paper 225,['Business and Management Studies'],3
Paper 226,"['Allied Health Professions, Dentistry, Nursing and Pharmacy']",2
Paper 227,['Biological Sciences'],3
Paper 228,"['Philosophy', 'Computer Science and Informatics']",2
Paper 229,['Physics'],3
Paper 230,['Physics'],3
Paper 231,['Social Work and Social Policy'],3
Paper 232,"['Art and Design: History, Practice and Theory']",3
Paper 233,"['Economics and Econometrics', 'Education']",2
Paper 234,['Engineering'],2
Paper 235,['Clinical Medicine'],3
Paper 236,['Earth Systems and Environmental Sciences'],3
Paper 237,"['Allied Health Professions, Dentistry, Nursing and Pharmacy']",2
Paper 238,['Modern Languages and Linguistics'],3
Paper 239,"['Architecture, Built Environment and Planning']",3
Paper 240,['Physics'],3
Paper 241,"['Sport and Exercise Sciences, Leisure and Tourism']",3
Paper 242,['Theology and Religious Studies'],3
Paper 243,['Engineering'],2
Paper 244,"['Psychology, Psychiatry and Neuroscience', 'English Language and Literature']",2
Paper 245,['Physics'],3
Paper 246,"['Allied Health Professions, Dentistry, Nursing and Pharmacy']",3
Paper 247,['Biological Sciences'],3
Paper 248,"['Psychology, Psychiatry and Neuroscience']",1
Paper 249,['Chemistry'],3
Paper 250,['Sociology'],2
Paper 251,['Physics'],3
Paper 252,"['Geography and Environmental Studies', 'Area Studies']",3
Paper 253,['Social Work and Social Policy'],2
Paper 254,['Clinical Medicine'],3
Paper 255,['Physics'],3
Paper 256,"['Art and Design: History, Practice and Theory']",3
Paper 257,['Earth Systems and Environmental Sciences'],3
Paper 258,['Computer Science and Informatics'],3
Paper 259,['Geography and Environmental Studies'],2
Paper 260,['Education'],2
Paper 261,['Economics and Econometrics'],3
Paper 262,['Computer Science and Informatics'],3
Paper 263,['Modern Languages and Linguistics'],3
Paper 264,['Business and Management Studies'],2
Paper 265,['Computer Science and Informatics'],2
Paper 266,"['Computer Science and Informatics', 'Sport and Exercise Sciences, Leisure and Tourism']",3
Paper 267,['Philosophy'],3
Paper 268,"['Music, Drama, Dance, Performing Arts, Film and Screen Studies', 'Geography and Environmental Studies']",3
Paper 269,['Engineering'],3
Paper 270,['Physics'],3
Paper 271,"['Agriculture, Food and Veterinary Sciences']",3
Paper 272,['Computer Science and Informatics'],2
Paper 273,['Physics'],3
Paper 274,"['Music, Drama, Dance, Performing Arts, Film and Screen Studies']",3
Paper 275,['Modern Languages and Linguistics'],3
Paper 276,"['Psychology, Psychiatry and Neuroscience']",2
Paper 277,['Philosophy'],3
Paper 278,['Business and Management Studies'],2
Paper 279,['Law'],2
Paper 280,"['Art and Design: History, Practice and Theory']",2
Paper 281,['Economics and Econometrics'],3
Paper 282,['Chemistry'],3
Paper 283,['Modern Languages and Linguistics'],3
Paper 284,['Education'],1
Paper 285,['Business and Management Studies'],3
Paper 286,['Philosophy'],3
Paper 287,['Business and Management Studies'],3
Paper 288,['Education'],2
Paper 289,['Physics'],2
Paper 290,"['Earth Systems and Environmental Sciences', 'Theology and Religious Studies']",3
Paper 291,"['Education', 'Anthropology and Development Studies']",3
Paper 292,['Chemistry'],3
Paper 293,['Chemistry'],3
Paper 294,['Biological Sciences'],3
Paper 295,['Education'],2
Paper 296,"['Business and Management Studies', 'Allied Health Professions, Dentistry, Nursing and Pharmacy']",2
Paper 297,['Engineering'],2
Paper 298,"['Allied Health Professions, Dentistry, Nursing and Pharmacy']",2
Paper 299,['Engineering'],3
Paper 300,['Business and Management Studies'],2
Paper 301,['Archaeology'],3
Paper 302,"['Sport and Exercise Sciences, Leisure and Tourism']",2
Paper 303,['Law'],2
Paper 304,['Education'],2
Paper 305,"['Psychology, Psychiatry and Neuroscience', 'Politics and International Studies']",2
Paper 306,['Biological Sciences'],3
Paper 307,['Mathematical Sciences'],2
Paper 308,"['Music, Drama, Dance, Performing Arts, Film and Screen Studies', 'Earth Systems and Environmental Sciences']",2
Paper 309,"['Art and Design: History, Practice and Theory']",3
Paper 310,['Engineering'],3
Paper 311,"['Psychology, Psychiatry and Neuroscience']",2
Paper 312,['History'],3
Paper 313,['Theology and Religious Studies'],2
Paper 314,['Chemistry'],3
Paper 315,['Geography and Environmental Studies'],2
Paper 316,['Engineering'],3
Paper 317,"['Earth Systems and Environmental Sciences', 'Agriculture, Food and Veterinary Sciences']",3
Paper 318,['Biological Sciences'],3
Paper 319,['Modern Languages and Linguistics'],3
Paper 320,['English Language and Literature'],2
Paper 321,['Mathematical Sciences'],3
Paper 322,['Clinical Medicine'],3
Paper 323,['Law'],3
Paper 324,['Philosophy'],3
Paper 325,['Engineering'],3
Paper 326,['Engineering'],2
Paper 327,['History'],2
Paper 328,['Anthropology and Development Studies'],3
Paper 329,"['Sport and Exercise Sciences, Leisure and Tourism']",3
Paper 330,['Mathematical Sciences'],3
Paper 331,"['Communication, Cultural and Media Studies, Library and Information Management']",2
Paper 332,['Education'],2
Paper 333,"['Psychology, Psychiatry and Neuroscience']",3
Paper 334,"['Music, Drama, Dance, Performing Arts, Film and Screen Studies']",2
Paper 335,['Clinical Medicine'],3
Paper 336,"['Art and Design: History, Practice and Theory']",3
Paper 337,"['Chemistry', 'Clinical Medicine']",3
Paper 338,['Mathematical Sciences'],3
Paper 339,['Biological Sciences'],3
Paper 340,['Computer Science and Informatics'],2
Paper 341,['Earth Systems and Environmental Sciences'],3
Paper 342,"['Communication, Cultural and Media Studies, Library and Information Management']",2
Paper 343,"['Communication, Cultural and Media Studies, Library and Information Management']",3
Paper 344,['Archaeology'],3
Paper 345,['Philosophy'],3
Paper 346,['Archaeology'],2
Paper 347,"['Computer Science and Informatics', 'Chemistry']",2
Paper 348,['Theology and Religious Studies'],2
Paper 349,['Law'],2
Paper 350,['Geography and Environmental Studies'],2
Paper 351,['Computer Science and Informatics'],2
Paper 352,['Anthropology and Development Studies'],3
Paper 353,"['Business and Management Studies', 'Agriculture, Food and Veterinary Sciences']",3
Paper 354,"['Sport and Exercise Sciences, Leisure and Tourism']",2
Paper 355,"['Biological Sciences', 'Public Health, Health Services and Primary Care']",2
Paper 356,['Geography and Environmental Studies'],3
Paper 357,['Biological Sciences'],3
Paper 358,['Philosophy'],3
Paper 359,['Modern Languages and Linguistics'],3
Paper 360,['Business and Management Studies'],3
Paper 361,"['Law', 'Chemistry']",3
Paper 362,['Engineering'],3
Paper 363,['Modern Languages and Linguistics'],3
Paper 364,['Computer Science and Informatics'],2
Paper 365,['Earth Systems and Environmental Sciences'],3
Paper 366,"['Art and Design: History, Practice and Theory']",3
Paper 367,['Archaeology'],2
Paper 368,['Philosophy'],3
Paper 369,['Physics'],3
Paper 370,['Education'],2
Paper 371,['Politics and International Studies'],2
Paper 372,['Area Studies'],3
Paper 373,"['Sport and Exercise Sciences, Leisure and Tourism']",2
Paper 374,['Area Studies'],3
Paper 375,['Modern Languages and Linguistics'],3
Paper 376,['Area Studies'],3
Paper 377,['Computer Science and Informatics'],2
Paper 378,['Clinical Medicine'],3
Paper 379,"['Allied Health Professions, Dentistry, Nursing and Pharmacy']",3
Paper 380,['Biological Sciences'],3
Paper 381,['Geography and Environmental Studies'],2
Paper 382,"['Archaeology', 'Anthropology and Development Studies']",3
Paper 383,"['Biological Sciences', 'Agriculture, Food and Veterinary Sciences']",2
Paper 384,['Classics'],3
Paper 385,['Earth Systems and Environmental Sciences'],3
Paper 386,['Archaeology'],3
Paper 387,"['Art and Design: History, Practice and Theory']",2
Paper 388,['Chemistry'],3
Paper 389,['Sociology'],2
Paper 390,['Business and Management Studies'],2
Paper 391,['Earth Systems and Environmental Sciences'],2
Paper 392,"['Public Health, Health Services and Primary Care']",3
Paper 393,['Engineering'],3
Paper 394,"['Allied Health Professions, Dentistry, Nursing and Pharmacy']",3
Paper 395,['Politics and International Studies'],3
Paper 396,['Economics and Econometrics'],3
Paper 397,"['Architecture, Built Environment and Planning']",3
Paper 398,"['Architecture, Built Environment and Planning']",3
Paper 399,['English Language and Literature'],3
Paper 400,"['Classics', 'Theology and Religious Studies']",2
Paper 401,['Clinical Medicine'],3
Paper 402,['Physics'],3
Paper 403,"['English Language and Literature', 'Architecture, Built Environment and Planning']",2
Paper 404,"['Psychology, Psychiatry and Neuroscience']",2
Paper 405,"['Physics', 'Politics and International Studies']",3
Paper 406,"['Sport and Exercise Sciences, Leisure and Tourism']",3
Paper 407,['Business and Management Studies'],2
Paper 408,['Biological Sciences'],2
Paper 409,"['Communication, Cultural and Media Studies, Library and Information Management']",2
Paper 410,['Anthropology and Development Studies'],3
Paper 411,['Physics'],2
Paper 412,['Clinical Medicine'],3
Paper 413,['Theology and Religious Studies'],2
Paper 414,['Area Studies'],3
Paper 415,['Law'],2
Paper 416,['Sociology'],1
Paper 417,['Philosophy'],3
Paper 418,"['Agriculture, Food and Veterinary Sciences']",3
Paper 419,['Economics and Econometrics'],1
Paper 420,"['Art and Design: History, Practice and Theory']",3
Paper 421,['Biological Sciences'],3
Paper 422,['Law'],2
Paper 423,['Business and Management Studies'],2
Paper 424,['Anthropology and Development Studies'],3
Paper 425,['Business and Management Studies'],2
Paper 426,['Politics and International Studies'],3
Paper 427,"['Music, Drama, Dance, Performing Arts, Film and Screen Studies', 'Social Work and Social Policy']",2
Paper 428,"['Allied Health Professions, Dentistry, Nursing and Pharmacy']",3
Paper 429,['Politics and International Studies'],3
Paper 430,['Area Studies'],3
Paper 431,"['Public Health, Health Services and Primary Care', 'Sociology']",2
Paper 432,['Philosophy'],3
Paper 433,['Modern Languages and Linguistics'],3
Paper 434,['Chemistry'],3
Paper 435,"['Psychology, Psychiatry and Neuroscience']",1
Paper 436,['Computer Science and Informatics'],2
Paper 437,['History'],2
Paper 438,['Engineering'],2
Paper 439,['Classics'],3
Paper 440,['English Language and Literature'],2
Paper 441,"['Music, Drama, Dance, Performing Arts, Film and Screen Studies']",2
Paper 442,['Clinical Medicine'],3
Paper 443,['Archaeology'],3
Paper 444,['Clinical Medicine'],3
Paper 445,['Engineering'],3
Paper 446,"['Anthropology and Development Studies', 'Earth Systems and Environmental Sciences']",3
Paper 447,"['Public Health, Health Services and Primary Care']",3
Paper 448,"['Music, Drama, Dance, Performing Arts, Film and Screen Studies', 'Business and Management Studies']",2
Paper 449,['Clinical Medicine'],3
Paper 450,['Physics'],3
Paper 451,['Modern Languages and Linguistics'],3
Paper 452,['Mathematical Sciences'],3
Paper 453,"['Public Health, Health Services and Primary Care']",3
Paper 454,['History'],2
Paper 455,['Education'],2
Paper 456,['English Language and Literature'],3
Paper 457,['Earth Systems and Environmental Sciences'],3
Paper 458,['Computer Science and Informatics'],2
Paper 459,['Theology and Religious Studies'],2
Paper 460,"['Art and Design: History, Practice and Theory']",2
Paper 461,['Biological Sciences'],3
Paper 462,['Law'],3
Paper 463,"['Agriculture, Food and Veterinary Sciences']",2
Paper 464,"['Psychology, Psychiatry and Neuroscience']",3
Paper 465,['Area Studies'],2
Paper 466,"['Sociology', 'Art and Design: History, Practice and Theory']",2
Paper 467,['Earth Systems and Environmental Sciences'],3
Paper 468,['Earth Systems and Environmental Sciences'],3
Paper 469,"['Public Health, Health Services and Primary Care']",3
Paper 470,"['Chemistry', 'Biological Sciences']",2
Paper 471,"['Psychology, Psychiatry and Neuroscience']",2
Paper 472,"['Art and Design: History, Practice and Theory']",3
Paper 473,['Chemistry'],3
Paper 474,"['Art and Design: History, Practice and Theory']",3
Paper 475,['Social Work and Social Policy'],4
Paper 476,['Business and Management Studies'],3
Paper 477,['Physics'],3
Paper 478,['Chemistry'],3
Paper 479,['Engineering'],2
Paper 480,"['Allied Health Professions, Dentistry, Nursing and Pharmacy']",3
Paper 481,['Geography and Environmental Studies'],3
Paper 482,['History'],2
Paper 483,"['Agriculture, Food and Veterinary Sciences']",3
Paper 484,"['Music, Drama, Dance, Performing Arts, Film and Screen Studies']",4
Paper 485,['Social Work and Social Policy'],2
Paper 486,"['Allied Health Professions, Dentistry, Nursing and Pharmacy']",2
Paper 487,['Theology and Religious Studies'],3
Paper 488,['Physics'],3
Paper 489,['Area Studies'],2
Paper 490,['Law'],2
Paper 491,['Business and Management Studies'],2
Paper 492,"['Sport and Exercise Sciences, Leisure and Tourism']",2
Paper 493,['Classics'],3
Paper 494,['Social Work and Social Policy'],2
Paper 495,['Modern Languages and Linguistics'],2
Paper 496,['Theology and Religious Studies'],3
Paper 497,['Biological Sciences'],2
Paper 498,"['Communication, Cultural and Media Studies, Library and Information Management', 'Earth Systems and Environmental Sciences']",2
Paper 499,"['Music, Drama, Dance, Performing Arts, Film and Screen Studies']",3
Paper 500,"['Sport and Exercise Sciences, Leisure and Tourism']",3
Paper 501,['Geography and Environmental Studies'],3
Paper 502,"['Social Work and Social Policy', 'Public Health, Health Services and Primary Care']",3
Paper 503,"['Art and Design: History, Practice and Theory']",2
Paper 504,['Computer Science and Informatics'],2
Paper 505,"['Sport and Exercise Sciences, Leisure and Tourism']",2
Paper 506,['Economics and Econometrics'],2
Paper 507,['Sociology'],2
Paper 508,"['Business and Management Studies', 'Social Work and Social Policy']",2
Paper 509,['History'],2
Paper 510,['Law'],3
Paper 511,['Politics and International Studies'],3
Paper 512,['Archaeology'],3
Paper 513,"['Education', 'Allied Health Professions, Dentistry, Nursing and Pharmacy']",2
Paper 514,"['History', 'Classics']",3
Paper 515,['Philosophy'],2
Paper 516,"['Public Health, Health Services and Primary Care']",3
Paper 517,"['Agriculture, Food and Veterinary Sciences']",3
Paper 518,"['Allied Health Professions, Dentistry, Nursing and Pharmacy', 'Public Health, Health Services and Primary Care']",2
Paper 519,['Classics'],3
Paper 520,"['Allied Health Professions, Dentistry, Nursing and Pharmacy']",3
Paper 521,['Economics and Econometrics'],4
Paper 522,['Earth Systems and Environmental Sciences'],3
Paper 523,['Education'],3
Paper 524,"['Allied Health Professions, Dentistry, Nursing and Pharmacy']",2
Paper 525,"['Sport and Exercise Sciences, Leisure and Tourism']",3
Paper 526,['Theology and Religious Studies'],2
Paper 527,"['Agriculture, Food and Veterinary Sciences']",2
Paper 528,['Archaeology'],2
Paper 529,['Physics'],3
Paper 530,"['Art and Design: History, Practice and Theory']",3
Paper 531,['Physics'],3
Paper 532,"['Theology and Religious Studies', 'Mathematical Sciences']",3
Paper 533,"['Allied Health Professions, Dentistry, Nursing and Pharmacy']",2
Paper 534,['English Language and Literature'],3
Paper 535,"['Psychology, Psychiatry and Neuroscience']",3
Paper 536,['Theology and Religious Studies'],3
Paper 537,"['Law', 'Geography and Environmental Studies']",3
Paper 538,['Engineering'],2
Paper 539,['Engineering'],3
Paper 540,"['Philosophy', 'Theology and Religious Studies']",2
Paper 541,['Economics and Econometrics'],3
Paper 542,"['Architecture, Built Environment and Planning']",3
Paper 543,['Engineering'],3
Paper 544,"['Art and Design: History, Practice and Theory']",2
Paper 545,"['Allied Health Professions, Dentistry, Nursing and Pharmacy']",2
Paper 546,"['Social Work and Social Policy', 'Philosophy']",3
Paper 547,"['Art and Design: History, Practice and Theory']",2
Paper 548,['Earth Systems and Environmental Sciences'],3
Paper 549,"['Allied Health Professions, Dentistry, Nursing and Pharmacy']",3
Paper 550,['Archaeology'],4
Paper 551,"['Music, Drama, Dance, Performing Arts, Film and Screen Studies']",4
Paper 552,"['Sport and Exercise Sciences, Leisure and Tourism']",3
Paper 553,['Engineering'],2
Paper 554,['Business and Management Studies'],1
Paper 555,['Theology and Religious Studies'],3
Paper 556,['Business and Management Studies'],3
Paper 557,"['Allied Health Professions, Dentistry, Nursing and Pharmacy']",2
Paper 558,['Physics'],3
Paper 559,"['Allied Health Professions, Dentistry, Nursing and Pharmacy']",3
Paper 560,['Physics'],3
Paper 561,['Business and Management Studies'],2
Paper 562,['Anthropology and Development Studies'],3
Paper 563,"['Agriculture, Food and Veterinary Sciences']",3
Paper 564,"['Sport and Exercise Sciences, Leisure and Tourism']",3
Paper 565,['Biological Sciences'],3
Paper 566,['Modern Languages and Linguistics'],3
Paper 567,"['Psychology, Psychiatry and Neuroscience']",2
Paper 568,['Area Studies'],2
Paper 569,"['Engineering', 'Computer Science and Informatics']",3
Paper 570,['Computer Science and Informatics'],3
Paper 571,['English Language and Literature'],3
Paper 572,['Social Work and Social Policy'],3
Paper 573,"['Sport and Exercise Sciences, Leisure and Tourism', 'Art and Design: History, Practice and Theory']",3
Paper 574,"['Earth Systems and Environmental Sciences', 'Education']",3
Paper 575,['Earth Systems and Environmental Sciences'],3
Paper 576,['Education'],3
Paper 577,"['Sport and Exercise Sciences, Leisure and Tourism']",2
Paper 578,"['Engineering', 'Computer Science and Informatics']",3
Paper 579,"['Computer Science and Informatics', 'Archaeology']",2
Paper 580,['Archaeology'],3
Paper 581,"['Communication, Cultural and Media Studies, Library and Information Management']",2
Paper 582,['Classics'],3
Paper 583,['Politics and International Studies'],3
Paper 584,['Earth Systems and Environmental Sciences'],2
Paper 585,['Politics and International Studies'],3
Paper 586,['Philosophy'],2
Paper 587,['Biological Sciences'],2
Paper 588,['Philosophy'],2
Paper 589,"['Allied Health Professions, Dentistry, Nursing and Pharmacy', 'Social Work and Social Policy']",2
Paper 590,['Politics and International Studies'],3
Paper 591,['Earth Systems and Environmental Sciences'],3
Paper 592,['Earth Systems and Environmental Sciences'],3
Paper 593,['Computer Science and Informatics'],2
Paper 594,"['Allied Health Professions, Dentistry, Nursing and Pharmacy', 'Area Studies']",2
Paper 595,['Politics and International Studies'],3
Paper 596,['Chemistry'],3
Paper 597,['Business and Management Studies'],3
Paper 598,"['Psychology, Psychiatry and Neuroscience']",2
Paper 599,['Anthropology and Development Studies'],3
Paper 600,['Earth Systems and Environmental Sciences'],3
Paper 601,"['Music, Drama, Dance, Performing Arts, Film and Screen Studies']",2
Paper 602,['Modern Languages and Linguistics'],2
Paper 603,"['Agriculture, Food and Veterinary Sciences']",3
Paper 604,['Computer Science and Informatics'],3
Paper 605,['History'],2
Paper 606,"['Sociology', 'Modern Languages and Linguistics']",2
Paper 607,['Business and Management Studies'],3
Paper 608,['English Language and Literature'],3
Paper 609,['English Language and Literature'],3
Paper 610,"['Chemistry', 'Agriculture, Food and Veterinary Sciences']",3
Paper 611,['Mathematical Sciences'],2
Paper 612,['Chemistry'],3
Paper 613,['Clinical Medicine'],3
Paper 614,['Biological Sciences'],3
Paper 615,['Sociology'],3
Paper 616,"['Agriculture, Food and Veterinary Sciences']",3
Paper 617,"['Theology and Religious Studies', 'Business and Management Studies']",3
Paper 618,['Clinical Medicine'],3
Paper 619,['Philosophy'],2
Paper 620,['Business and Management Studies'],3
Paper 621,"['Area Studies', 'Physics']",3
Paper 622,['Chemistry'],3
Paper 623,"['Allied Health Professions, Dentistry, Nursing and Pharmacy']",2
Paper 624,['Economics and Econometrics'],3
Paper 625,['Business and Management Studies'],2
Paper 626,['Classics'],3
Paper 627,"['Art and Design: History, Practice and Theory']",3
Paper 628,['Biological Sciences'],3
Paper 629,"['Communication, Cultural and Media Studies, Library and Information Management']",2
Paper 630,['English Language and Literature'],3
Paper 631,['Clinical Medicine'],3
Paper 632,['English Language and Literature'],3
Paper 633,['Computer Science and Informatics'],3
Paper 634,['Anthropology and Development Studies'],3
Paper 635,"['Art and Design: History, Practice and Theory']",3
Paper 636,['Biological Sciences'],2
Paper 637,"['Allied Health Professions, Dentistry, Nursing and Pharmacy']",2
Paper 638,"['Sport and Exercise Sciences, Leisure and Tourism']",3
Paper 639,['Sociology'],2
Paper 640,"['Public Health, Health Services and Primary Care']",3
Paper 641,['Modern Languages and Linguistics'],3
Paper 642,['Modern Languages and Linguistics'],3
Paper 643,"['Sport and Exercise Sciences, Leisure and Tourism']",2
Paper 644,['Mathematical Sciences'],3
Paper 645,['English Language and Literature'],2
Paper 646,['Physics'],3
Paper 647,['Earth Systems and Environmental Sciences'],3
Paper 648,['Sociology'],2
Paper 649,['Chemistry'],3
Paper 650,['Geography and Environmental Studies'],3
Paper 651,"['Communication, Cultural and Media Studies, Library and Information Management', 'Music, Drama, Dance, Performing Arts, Film and Screen Studies']",3
Paper 652,['Geography and Environmental Studies'],2
Paper 653,"['Allied Health Professions, Dentistry, Nursing and Pharmacy']",3
Paper 654,['Theology and Religious Studies'],2
Paper 655,['Classics'],3
Paper 656,['English Language and Literature'],3
Paper 657,"['Communication, Cultural and Media Studies, Library and Information Management']",2
Paper 658,"['Classics', 'Archaeology']",3
Paper 659,['Archaeology'],3
Paper 660,"['Law', 'Communication, Cultural and Media Studies, Library and Information Management']",2
Paper 661,['Area Studies'],3
Paper 662,['Philosophy'],3
Paper 663,['Biological Sciences'],2
Paper 664,['Social Work and Social Policy'],2
Paper 665,['Law'],3
Paper 666,['Physics'],2
Paper 667,['Politics and International Studies'],3
Paper 668,['Theology and Religious Studies'],3
Paper 669,"['Art and Design: History, Practice and Theory']",3
Paper 670,['Sociology'],3
Paper 671,"['Communication, Cultural and Media Studies, Library and Information Management']",3
Paper 672,"['Earth Systems and Environmental Sciences', 'Clinical Medicine']",3
Paper 673,"['Psychology, Psychiatry and Neuroscience']",3
Paper 674,['Geography and Environmental Studies'],2
Paper 675,"['Music, Drama, Dance, Performing Arts, Film and Screen Studies']",2
Paper 676,['Chemistry'],3
Paper 677,['Archaeology'],3
Paper 678,['Business and Management Studies'],1
Paper 679,"['Music, Drama, Dance, Performing Arts, Film and Screen Studies']",3
Paper 680,"['Communication, Cultural and Media Studies, Library and Information Management']",2
Paper 681,['Philosophy'],3
Paper 682,['Philosophy'],3
Paper 683,"['Sport and Exercise Sciences, Leisure and Tourism']",2
Paper 684,['Theology and Religious Studies'],2
Paper 685,['Geography and Environmental Studies'],3
Paper 686,['Philosophy'],3
Paper 687,"['Psychology, Psychiatry and Neuroscience']",2
Paper 688,"['Earth Systems and Environmental Sciences', 'Architecture, Built Environment and Planning']",3
Paper 689,"['Earth Systems and Environmental Sciences', 'Music, Drama, Dance, Performing Arts, Film and Screen Studies']",3
Paper 690,['Business and Management Studies'],2
Paper 691,['Politics and International Studies'],3
Paper 692,['Chemistry'],3
Paper 693,['Theology and Religious Studies'],2
Paper 694,"['Allied Health Professions, Dentistry, Nursing and Pharmacy', 'Public Health, Health Services and Primary Care']",3
Paper 695,"['Art and Design: History, Practice and Theory']",2
Paper 696,['Computer Science and Informatics'],2
Paper 697,['Philosophy'],3
Paper 698,"['Art and Design: History, Practice and Theory']",2
Paper 699,['Mathematical Sciences'],2
Paper 700,['Mathematical Sciences'],3
Paper 701,['Engineering'],3
Paper 702,['English Language and Literature'],2
Paper 703,['Classics'],3
Paper 704,['Theology and Religious Studies'],2
Paper 705,"['Music, Drama, Dance, Performing Arts, Film and Screen Studies']",2
Paper 706,['Social Work and Social Policy'],2
Paper 707,['Clinical Medicine'],3
Paper 708,"['Architecture, Built Environment and Planning']",3
Paper 709,"['Agriculture, Food and Veterinary Sciences']",3
Paper 710,['Biological Sciences'],3
Paper 711,['Chemistry'],3
Paper 712,['English Language and Literature'],2
Paper 713,"['Communication, Cultural and Media Studies, Library and Information Management']",3
Paper 714,['Mathematical Sciences'],3
Paper 715,"['Engineering', 'Public Health, Health Services and Primary Care']",3
Paper 716,['Law'],2
Paper 717,"['Music, Drama, Dance, Performing Arts, Film and Screen Studies']",2
Paper 718,['Mathematical Sciences'],3
Paper 719,['Mathematical Sciences'],2
Paper 720,"['Agriculture, Food and Veterinary Sciences']",3
Paper 721,"['Music, Drama, Dance, Performing Arts, Film and Screen Studies']",2
Paper 722,['Biological Sciences'],3
Paper 723,['Philosophy'],3
Paper 724,['Law'],2
Paper 725,"['Agriculture, Food and Veterinary Sciences']",3
Paper 726,"['Agriculture, Food and Veterinary Sciences']",2
Paper 727,"['Philosophy', 'Physics']",3
Paper 728,['Archaeology'],3
Paper 729,"['Geography and Environmental Studies', 'Social Work and Social Policy']",3
Paper 730,"['Agriculture, Food and Veterinary Sciences']",3
Paper 731,['Education'],2
Paper 732,['Social Work and Social Policy'],2
Paper 733,['Archaeology'],3
Paper 734,['Biological Sciences'],2
Paper 735,"['History', 'History']",3
Paper 736,['Mathematical Sciences'],3
Paper 737,['Biological Sciences'],3
Paper 738,['Politics and International Studies'],2
Paper 739,['Engineering'],2
Paper 740,"['Psychology, Psychiatry and Neuroscience']",2
Paper 741,['Politics and International Studies'],2
Paper 742,"['Sport and Exercise Sciences, Leisure and Tourism']",2
Paper 743,"['Agriculture, Food and Veterinary Sciences']",2
Paper 744,['Anthropology and Development Studies'],3
Paper 745,"['Art and Design: History, Practice and Theory']",4
Paper 746,"['Allied Health Professions, Dentistry, Nursing and Pharmacy']",3
Paper 747,['English Language and Literature'],3
Paper 748,['Clinical Medicine'],3
Paper 749,"['Art and Design: History, Practice and Theory', 'Music, Drama, Dance, Performing Arts, Film and Screen Studies']",2
Paper 750,['Mathematical Sciences'],2
Paper 751,['Engineering'],2
Paper 752,"['Anthropology and Development Studies', 'Archaeology']",3
Paper 753,['Theology and Religious Studies'],2
Paper 754,"['Communication, Cultural and Media Studies, Library and Information Management']",2
Paper 755,['History'],2
Paper 756,['Archaeology'],3
Paper 757,"['Communication, Cultural and Media Studies, Library and Information Management']",3
Paper 758,['Politics and International Studies'],3
Paper 759,"['Art and Design: History, Practice and Theory']",2
Paper 760,['Geography and Environmental Studies'],3
Paper 761,['Politics and International Studies'],3
Paper 762,['Business and Management Studies'],2
Paper 763,['Clinical Medicine'],3
Paper 764,['History'],3
Paper 765,['Social Work and Social Policy'],2
Paper 766,['Geography and Environmental Studies'],3
Paper 767,"['Sociology', 'Classics']",3
Paper 768,['Physics'],3
Paper 769,['Politics and International Studies'],3
Paper 770,['English Language and Literature'],3
Paper 771,"['Archaeology', 'Earth Systems and Environmental Sciences']",3
Paper 772,"['Art and Design: History, Practice and Theory']",3
Paper 773,['Physics'],3
Paper 774,['Philosophy'],2
Paper 775,['Business and Management Studies'],3
Paper 776,"['Architecture, Built Environment and Planning']",2
Paper 777,['Area Studies'],2
Paper 778,['Economics and Econometrics'],3
Paper 779,['Engineering'],3
Paper 780,['Engineering'],3
Paper 781,['Engineering'],2
Paper 782,['Biological Sciences'],2
Paper 783,['Biological Sciences'],3
Paper 784,['English Language and Literature'],3
Paper 785,['History'],2
Paper 786,['Clinical Medicine'],3
Paper 787,['Earth Systems and Environmental Sciences'],3
Paper 788,"['Biological Sciences', 'Physics']",3
Paper 789,['Education'],1
Paper 790,['Politics and International Studies'],3
Paper 791,['Social Work and Social Policy'],3
Paper 792,['Engineering'],3
Paper 793,['Area Studies'],2
Paper 794,['Economics and Econometrics'],3
Paper 795,['English Language and Literature'],3
Paper 796,['Law'],2
Paper 797,"['Art and Design: History, Practice and Theory']",2
Paper 798,['Physics'],3
Paper 799,['Biological Sciences'],2
Paper 800,['Politics and International Studies'],3
Paper 801,['Economics and Econometrics'],4
Paper 802,['Theology and Religious Studies'],3
Paper 803,"['Earth Systems and Environmental Sciences', 'Anthropology and Development Studies']",3
Paper 804,['Chemistry'],3
Paper 805,['History'],2
Paper 806,['Politics and International Studies'],3
Paper 807,['Sociology'],3
Paper 808,"['Allied Health Professions, Dentistry, Nursing and Pharmacy']",3
Paper 809,['Theology and Religious Studies'],3
Paper 810,['Area Studies'],3
Paper 811,['Biological Sciences'],3
Paper 812,['Politics and International Studies'],2
Paper 813,['Archaeology'],2
Paper 814,"['Engineering', 'Anthropology and Development Studies']",3
Paper 815,"['Art and Design: History, Practice and Theory']",2
Paper 816,['Geography and Environmental Studies'],2
Paper 817,"['Communication, Cultural and Media Studies, Library and Information Management']",2
Paper 818,['Anthropology and Development Studies'],3
Paper 819,['History'],2
Paper 820,"['Public Health, Health Services and Primary Care']",3
Paper 821,"['Sociology', 'Sport and Exercise Sciences, Leisure and Tourism']",3
Paper 822,['Politics and International Studies'],3
Paper 823,"['Psychology, Psychiatry and Neuroscience', 'Education']",2
Paper 824,"['Art and Design: History, Practice and Theory']",3
Paper 825,"['Music, Drama, Dance, Performing Arts, Film and Screen Studies']",3
Paper 826,['English Language and Literature'],3
Paper 827,['Physics'],3
Paper 828,"['Communication, Cultural and Media Studies, Library and Information Management']",2
Paper 829,"['Public Health, Health Services and Primary Care']",3
Paper 830,['Chemistry'],3
Paper 831,"['Communication, Cultural and Media Studies, Library and Information Management']",3
Paper 832,['Theology and Religious Studies'],2
Paper 833,['Law'],2
Paper 834,['Economics and Econometrics'],3
Paper 835,"['Anthropology and Development Studies', 'Law']",2
Paper 836,['Chemistry'],3
Paper 837,['Mathematical Sciences'],2
Paper 838,['Clinical Medicine'],3
Paper 839,['Area Studies'],3
Paper 840,"['Music, Drama, Dance, Performing Arts, Film and Screen Studies']",2
Paper 841,"['Art and Design: History, Practice and Theory']",2
Paper 842,['English Language and Literature'],2
Paper 843,"['Allied Health Professions, Dentistry, Nursing and Pharmacy']",2
Paper 844,['Chemistry'],3
Paper 845,"['Public Health, Health Services and Primary Care']",3
Paper 846,"['Public Health, Health Services and Primary Care']",2
Paper 847,"['Music, Drama, Dance, Performing Arts, Film and Screen Studies']",2
Paper 848,['Social Work and Social Policy'],2
Paper 849,['Physics'],3
Paper 850,['Biological Sciences'],3
Paper 851,['Business and Management Studies'],2
Paper 852,['Computer Science and Informatics'],2
Paper 853,"['Geography and Environmental Studies', 'Business and Management Studies']",2
Paper 854,['Physics'],3
Paper 855,['Physics'],3
Paper 856,"['Agriculture, Food and Veterinary Sciences']",3
Paper 857,['Physics'],3
Paper 858,['Anthropology and Development Studies'],2
Paper 859,"['Chemistry', 'Modern Languages and Linguistics']",3
Paper 860,"['Communication, Cultural and Media Studies, Library and Information Management']",2
Paper 861,['Social Work and Social Policy'],2
Paper 862,['Computer Science and Informatics'],2
Paper 863,['Mathematical Sciences'],3
Paper 864,['Geography and Environmental Studies'],2
Paper 865,['Philosophy'],3
Paper 866,['Classics'],3
Paper 867,"['Sport and Exercise Sciences, Leisure and Tourism']",3
Paper 868,['Earth Systems and Environmental Sciences'],2
Paper 869,['Engineering'],2
Paper 870,['Earth Systems and Environmental Sciences'],3
Paper 871,"['Architecture, Built Environment and Planning']",3
Paper 872,['Clinical Medicine'],3
Paper 873,['English Language and Literature'],3
Paper 874,"['Allied Health Professions, Dentistry, Nursing and Pharmacy', 'Economics and Econometrics']",3
Paper 875,['Mathematical Sciences'],3
Paper 876,['English Language and Literature'],3
Paper 877,"['Art and Design: History, Practice and Theory']",2
Paper 878,"['Music, Drama, Dance, Performing Arts, Film and Screen Studies']",3
Paper 879,['Classics'],3
Paper 880,"['Public Health, Health Services and Primary Care']",3
Paper 881,['Education'],2
Paper 882,"['Engineering', 'Area Studies']",3
Paper 883,"['Agriculture, Food and Veterinary Sciences']",4
Paper 884,['English Language and Literature'],3
Paper 885,['Modern Languages and Linguistics'],3
Paper 886,['Business and Management Studies'],3
Paper 887,"['Art and Design: History, Practice and Theory', 'Communication, Cultural and Media Studies, Library and Information Management']",3
Paper 888,['Physics'],3
Paper 889,['Chemistry'],2
Paper 890,"['Allied Health Professions, Dentistry, Nursing and Pharmacy']",3
Paper 891,['Education'],2
Paper 892,['Archaeology'],3
Paper 893,"['Music, Drama, Dance, Performing Arts, Film and Screen Studies']",2
Paper 894,"['Computer Science and Informatics', 'Mathematical Sciences']",3
Paper 895,['Classics'],3
Paper 896,['Physics'],3
Paper 897,"['Music, Drama, Dance, Performing Arts, Film and Screen Studies']",2
Paper 898,['Engineering'],3
Paper 899,"['Public Health, Health Services and Primary Care']",2
Paper 900,['Economics and Econometrics'],2
Paper 901,"['Art and Design: History, Practice and Theory']",3
Paper 902,"['Public Health, Health Services and Primary Care', 'Psychology, Psychiatry and Neuroscience']",3
Paper 903,['History'],3
Paper 904,['Biological Sciences'],3
Paper 905,['Economics and Econometrics'],2
Paper 906,"['Anthropology and Development Studies', 'Communication, Cultural and Media Studies, Library and Information Management']",3
Paper 907,"['Agriculture, Food and Veterinary Sciences']",2
Paper 908,['Computer Science and Informatics'],3
Paper 909,['Classics'],3
Paper 910,"['Agriculture, Food and Veterinary Sciences']",3
Paper 911,['Computer Science and Informatics'],2
Paper 912,['English Language and Literature'],3
Paper 913,['Geography and Environmental Studies'],2
Paper 914,['Theology and Religious Studies'],3
Paper 915,['Biological Sciences'],3
Paper 916,['Computer Science and Informatics'],2
Paper 917,"['Sociology', 'Social Work and Social Policy']",3
Paper 918,"['Psychology, Psychiatry and Neuroscience']",2
Paper 919,['Theology and Religious Studies'],3
Paper 920,"['Classics', 'Business and Management Studies']",3
Paper 921,"['Art and Design: History, Practice and Theory']",3
Paper 922,['Economics and Econometrics'],3
Paper 923,['History'],3
Paper 924,['Engineering'],2
Paper 925,['Social Work and Social Policy'],2
Paper 926,['Law'],3
Paper 927,"['Public Health, Health Services and Primary Care']",3
Paper 928,"['Art and Design: History, Practice and Theory']",3
Paper 929,"['Art and Design: History, Practice and Theory']",3
Paper 930,['Chemistry'],3
Paper 931,['Geography and Environmental Studies'],3
Paper 932,['Area Studies'],3
Paper 933,['Politics and International Studies'],3
Paper 934,['Classics'],3
Paper 935,['Geography and Environmental Studies'],3
Paper 936,['Economics and Econometrics'],3
Paper 937,"['Earth Systems and Environmental Sciences', 'Sport and Exercise Sciences, Leisure and Tourism']",3
Paper 938,"['Art and Design: History, Practice and Theory']",3
Paper 939,"['Engineering', 'English Language and Literature']",3
Paper 940,"['Music, Drama, Dance, Performing Arts, Film and Screen Studies']",2
Paper 941,['Classics'],3
Paper 942,['Earth Systems and Environmental Sciences'],3
Paper 943,"['Psychology, Psychiatry and Neuroscience']",3
Paper 944,['Area Studies'],3
Paper 945,['Social Work and Social Policy'],2
Paper 946,['Engineering'],3
Paper 947,['Archaeology'],3
Paper 948,['Computer Science and Informatics'],2
Paper 949,"['Music, Drama, Dance, Performing Arts, Film and Screen Studies']",2
Paper 950,['Physics'],3
Paper 951,"['Allied Health Professions, Dentistry, Nursing and Pharmacy', 'Philosophy']",3
Paper 952,"['Sport and Exercise Sciences, Leisure and Tourism']",3
Paper 953,"['Communication, Cultural and Media Studies, Library and Information Management', 'Computer Science and Informatics']",2
Paper 954,['Theology and Religious Studies'],3
Paper 955,"['Communication, Cultural and Media Studies, Library and Information Management']",3
Paper 956,['Clinical Medicine'],3
Paper 957,['Theology and Religious Studies'],3
Paper 958,"['Architecture, Built Environment and Planning']",3
Paper 959,"['Agriculture, Food and Veterinary Sciences']",2
Paper 960,"['Allied Health Professions, Dentistry, Nursing and Pharmacy']",3
Paper 961,['Physics'],3
Paper 962,['Physics'],3
Paper 963,"['Communication, Cultural and Media Studies, Library and Information Management']",3
Paper 964,['Engineering'],3
Paper 965,['Sociology'],3
Paper 966,['Economics and Econometrics'],4
Paper 967,['Mathematical Sciences'],3
Paper 968,['Economics and Econometrics'],3
Paper 969,['Area Studies'],3
Paper 970,['Law'],3
Paper 971,['History'],2
Paper 972,"['Business and Management Studies', 'Communication, Cultural and Media Studies, Library and Information Management']",3
Paper 973,['Theology and Religious Studies'],2
Paper 974,['History'],3
Paper 975,"['Psychology, Psychiatry and Neuroscience']",2
Paper 976,['Modern Languages and Linguistics'],3
Paper 977,['Economics and Econometrics'],3
Paper 978,['Social Work and Social Policy'],3
Paper 979,['Mathematical Sciences'],3
Paper 980,"['Sport and Exercise Sciences, Leisure and Tourism']",2
Paper 981,['Theology and Religious Studies'],3
Paper 982,['Mathematical Sciences'],2
Paper 983,"['Art and Design: History, Practice and Theory']",3
Paper 984,['Biological Sciences'],3
Paper 985,['Economics and Econometrics'],2
Paper 986,"['Computer Science and Informatics', 'Philosophy']",2
Paper 987,['History'],3
Paper 988,['Earth Systems and Environmental Sciences'],3
Paper 989,"['Computer Science and Informatics', 'English Language and Literature']",3
Paper 990,['Social Work and Social Policy'],1
Paper 991,"['Clinical Medicine', 'Philosophy']",2
Paper 992,"['Economics and Econometrics', 'Earth Systems and Environmental Sciences']",3
Paper 993,"['Art and Design: History, Practice and Theory']",2
Paper 994,['Modern Languages and Linguistics'],2
Paper 995,"['Psychology, Psychiatry and Neuroscience']",1
Paper 996,"['Art and Design: History, Practice and Theory']",2
Paper 997,['Earth Systems and Environmental Sciences'],3
Paper 998,"['Public Health, Health Services and Primary Care']",3
Paper 999,['Anthropology and Development Studies'],3
Paper 1000,['Social Work and Social Policy'],3
Paper 1001,"['Earth Systems and Environmental Sciences', 'History']",3
Paper 1002,['Philosophy'],3
Paper 1003,"['Architecture, Built Environment and Planning']",3
Paper 1004,['Mathematical Sciences'],3
Paper 1005,"['Sport and Exercise Sciences, Leisure and Tourism']",3
Paper 1006,"['Social Work and Social Policy', 'Economics and Econometrics']",3
Paper 1007,['Politics and International Studies'],3
Paper 1008,['Politics and International Studies'],2
Paper 1009,['Business and Management Studies'],3
Paper 1010,"['Social Work and Social Policy', 'Modern Languages and Linguistics']",3
Paper 1011,['Chemistry'],3
Paper 1012,['Philosophy'],3
Paper 1013,['Anthropology and Development Studies'],3
Paper 1014,['Business and Management Studies'],2
Paper 1015,['English Language and Literature'],2
Paper 1016,['Chemistry'],4
Paper 1017,['Theology and Religious Studies'],3
Paper 1018,['Education'],2
Paper 1019,['Mathematical Sciences'],3
Paper 1020,['Law'],2
Paper 1021,['Anthropology and Development Studies'],3
Paper 1022,"['Sport and Exercise Sciences, Leisure and Tourism']",2
Paper 1023,['Earth Systems and Environmental Sciences'],2
Paper 1024,['Theology and Religious Studies'],3
Paper 1025,['English Language and Literature'],2
Paper 1026,"['Business and Management Studies', 'Engineering']",3
Paper 1027,['Archaeology'],2
Paper 1028,['Archaeology'],3
Paper 1029,"['Allied Health Professions, Dentistry, Nursing and Pharmacy']",3
Paper 1030,"['Biological Sciences', 'English Language and Literature']",3
Paper 1031,['Engineering'],3
Paper 1032,['English Language and Literature'],3
Paper 1033,"['Music, Drama, Dance, Performing Arts, Film and Screen Studies']",3
Paper 1034,['Area Studies'],2
Paper 1035,['Engineering'],2
Paper 1036,['Mathematical Sciences'],3
Paper 1037,"['History', 'Public Health, Health Services and Primary Care']",3
Paper 1038,['Social Work and Social Policy'],2
Paper 1039,"['Agriculture, Food and Veterinary Sciences']",2
Paper 1040,['Archaeology'],3
Paper 1041,['Politics and International Studies'],3
Paper 1042,['Economics and Econometrics'],3
Paper 1043,['Sociology'],3
Paper 1044,"['Public Health, Health Services and Primary Care']",3
Paper 1045,['Earth Systems and Environmental Sciences'],3
Paper 1046,['Biological Sciences'],2
Paper 1047,"['Music, Drama, Dance, Performing Arts, Film and Screen Studies']",2
Paper 1048,['English Language and Literature'],3
Paper 1049,['Geography and Environmental Studies'],3
Paper 1050,['Economics and Econometrics'],3
Paper 1051,['Anthropology and Development Studies'],3
Paper 1052,['Philosophy'],2
Paper 1053,"['Sport and Exercise Sciences, Leisure and Tourism']",2
Paper 1054,"['Public Health, Health Services and Primary Care']",3
Paper 1055,['Philosophy'],3
Paper 1056,['Business and Management Studies'],3
Paper 1057,['Area Studies'],3
Paper 1058,"['Music, Drama, Dance, Performing Arts, Film and Screen Studies']",2
Paper 1059,"['Architecture, Built Environment and Planning']",3
Paper 1060,"['Music, Drama, Dance, Performing Arts, Film and Screen Studies']",2
Paper 1061,"['Agriculture, Food and Veterinary Sciences']",3
Paper 1062,['Business and Management Studies'],2
Paper 1063,"['Art and Design: History, Practice and Theory']",3
Paper 1064,['Archaeology'],3
Paper 1065,"['Psychology, Psychiatry and Neuroscience']",2
Paper 1066,"['Public Health, Health Services and Primary Care']",2
Paper 1067,['Theology and Religious Studies'],2
Paper 1068,['Sociology'],3
Paper 1069,"['Art and Design: History, Practice and Theory']",3
Paper 1070,['Geography and Environmental Studies'],3
Paper 1071,"['Chemistry', 'Art and Design: History, Practice and Theory']",3
Paper 1072,['Sociology'],3
Paper 1073,"['Public Health, Health Services and Primary Care']",3
Paper 1074,['Theology and Religious Studies'],4
Paper 1075,"['Agriculture, Food and Veterinary Sciences']",2
Paper 1076,['Business and Management Studies'],3
Paper 1077,"['Business and Management Studies', 'Biological Sciences']",3
Paper 1078,['Social Work and Social Policy'],3
Paper 1079,['Physics'],3
Paper 1080,"['Agriculture, Food and Veterinary Sciences']",3
Paper 1081,['Anthropology and Development Studies'],2
Paper 1082,"['Psychology, Psychiatry and Neuroscience', 'Business and Management Studies']",3
Paper 1083,['Area Studies'],3
Paper 1084,"['Communication, Cultural and Media Studies, Library and Information Management']",2
Paper 1085,['Social Work and Social Policy'],2
Paper 1086,['Biological Sciences'],2
Paper 1087,['Philosophy'],3
Paper 1088,['Law'],3
Paper 1089,['Sociology'],2
Paper 1090,['Geography and Environmental Studies'],3
Paper 1091,['Geography and Environmental Studies'],3
Paper 1092,"['Allied Health Professions, Dentistry, Nursing and Pharmacy']",2
Paper 1093,['Economics and Econometrics'],3
Paper 1094,"['Mathematical Sciences', 'Psychology, Psychiatry and Neuroscience']",3
Paper 1095,"['Biological Sciences', 'Archaeology']",2
Paper 1096,"['Architecture, Built Environment and Planning']",2
Paper 1097,['Classics'],3
Paper 1098,['Computer Science and Informatics'],2
Paper 1099,['Biological Sciences'],3
Paper 1100,"['Public Health, Health Services and Primary Care']",3
Paper 1101,"['Education', 'English Language and Literature']",2
Paper 1102,['Social Work and Social Policy'],4
Paper 1103,['Sociology'],4
Paper 1104,['Mathematical Sciences'],3
Paper 1105,"['Allied Health Professions, Dentistry, Nursing and Pharmacy']",3
Paper 1106,"['Engineering', 'Biological Sciences']",3
Paper 1107,['Physics'],3
Paper 1108,['Physics'],3
Paper 1109,"['Psychology, Psychiatry and Neuroscience']",2
Paper 1110,['Engineering'],3
Paper 1111,"['Sociology', 'Computer Science and Informatics']",3
Paper 1112,"['Communication, Cultural and Media Studies, Library and Information Management']",3
Paper 1113,['Philosophy'],3
Paper 1114,"['Archaeology', 'Anthropology and Development Studies']",3
Paper 1115,['Engineering'],2
Paper 1116,['Anthropology and Development Studies'],3
Paper 1117,['Sociology'],2
Paper 1118,['Area Studies'],3
Paper 1119,['Law'],3
Paper 1120,"['Allied Health Professions, Dentistry, Nursing and Pharmacy']",3
Paper 1121,"['Sport and Exercise Sciences, Leisure and Tourism']",2
Paper 1122,['Business and Management Studies'],2
Paper 1123,"['Sport and Exercise Sciences, Leisure and Tourism']",2
Paper 1124,['Sociology'],2
Paper 1125,['Mathematical Sciences'],3
Paper 1126,['Chemistry'],3
Paper 1127,['Mathematical Sciences'],3
Paper 1128,['Archaeology'],3
Paper 1129,['Computer Science and Informatics'],3
Paper 1130,"['Chemistry', 'Area Studies']",3
Paper 1131,"['Geography and Environmental Studies', 'Music, Drama, Dance, Performing Arts, Film and Screen Studies']",3
Paper 1132,['Business and Management Studies'],3
Paper 1133,"['Music, Drama, Dance, Performing Arts, Film and Screen Studies']",2
Paper 1134,['Sociology'],3
Paper 1135,['Chemistry'],3
Paper 1136,['Computer Science and Informatics'],3
Paper 1137,['Politics and International Studies'],3
Paper 1138,"['Education', 'Architecture, Built Environment and Planning']",2
Paper 1139,"['Philosophy', 'Social Work and Social Policy']",3
Paper 1140,"['Business and Management Studies', 'Mathematical Sciences']",2
Paper 1141,"['Psychology, Psychiatry and Neuroscience']",4
Paper 1142,"['Physics', 'Biological Sciences']",2
Paper 1143,['Geography and Environmental Studies'],2
Paper 1144,['Clinical Medicine'],3
Paper 1145,['Engineering'],3
Paper 1146,"['Allied Health Professions, Dentistry, Nursing and Pharmacy', 'Sport and Exercise Sciences, Leisure and Tourism']",3
Paper 1147,['Mathematical Sciences'],3
Paper 1148,"['Music, Drama, Dance, Performing Arts, Film and Screen Studies']",3
Paper 1149,['Mathematical Sciences'],2
Paper 1150,['Classics'],3
Paper 1151,['Sociology'],3
Paper 1152,"['Allied Health Professions, Dentistry, Nursing and Pharmacy']",3
Paper 1153,['Business and Management Studies'],2
Paper 1154,['Philosophy'],3
Paper 1155,['Anthropology and Development Studies'],3
Paper 1156,['Computer Science and Informatics'],2
Paper 1157,"['Geography and Environmental Studies', 'Business and Management Studies']",3
Paper 1158,"['Architecture, Built Environment and Planning']",2
Paper 1159,"['Public Health, Health Services and Primary Care', 'Philosophy']",3
Paper 1160,"['Allied Health Professions, Dentistry, Nursing and Pharmacy', 'Chemistry']",2
Paper 1161,['Classics'],3
Paper 1162,"['Public Health, Health Services and Primary Care']",3
Paper 1163,['Area Studies'],3
Paper 1164,['Theology and Religious Studies'],3
Paper 1165,['Business and Management Studies'],3
Paper 1166,['Chemistry'],3
Paper 1167,['Sociology'],3
Paper 1168,['Theology and Religious Studies'],3
Paper 1169,['Archaeology'],3
Paper 1170,['Education'],2
Paper 1171,"['Architecture, Built Environment and Planning']",3
Paper 1172,['Clinical Medicine'],3
Paper 1173,['Classics'],3
Paper 1174,['Philosophy'],2
Paper 1175,['Mathematical Sciences'],3
Paper 1176,['Law'],2
Paper 1177,"['Art and Design: History, Practice and Theory']",3
Paper 1178,"['Mathematical Sciences', 'Earth Systems and Environmental Sciences']",2
Paper 1179,['Anthropology and Development Studies'],3
Paper 1180,"['Art and Design: History, Practice and Theory']",3
Paper 1181,['Chemistry'],3
Paper 1182,"['Art and Design: History, Practice and Theory']",3
Paper 1183,['English Language and Literature'],2
Paper 1184,['Biological Sciences'],3
Paper 1185,"['Allied Health Professions, Dentistry, Nursing and Pharmacy']",3
Paper 1186,['Physics'],3
Paper 1187,['English Language and Literature'],3
Paper 1188,"['Communication, Cultural and Media Studies, Library and Information Management']",3
Paper 1189,['Biological Sciences'],2
Paper 1190,['Computer Science and Informatics'],2
Paper 1191,"['Sport and Exercise Sciences, Leisure and Tourism']",4
Paper 1192,['Archaeology'],2
Paper 1193,['Clinical Medicine'],3
Paper 1194,['Clinical Medicine'],3
Paper 1195,"['Philosophy', 'English Language and Literature']",3
Paper 1196,['Theology and Religious Studies'],2
Paper 1197,"['Agriculture, Food and Veterinary Sciences']",2
Paper 1198,['Biological Sciences'],4
Paper 1199,['Sociology'],3
Paper 1200,['Anthropology and Development Studies'],3
Paper 1201,['Philosophy'],3
Paper 1202,['Clinical Medicine'],3
Paper 1203,['Earth Systems and Environmental Sciences'],3
Paper 1204,"['Architecture, Built Environment and Planning']",2
Paper 1205,"['Art and Design: History, Practice and Theory']",3
Paper 1206,['Law'],2
Paper 1207,['Classics'],3
Paper 1208,['Chemistry'],4
Paper 1209,['Earth Systems and Environmental Sciences'],3
Paper 1210,['Engineering'],2
Paper 1211,"['Public Health, Health Services and Primary Care']",3
Paper 1212,['Engineering'],3
Paper 1213,"['Allied Health Professions, Dentistry, Nursing and Pharmacy']",2
Paper 1214,"['Biological Sciences', 'Physics']",3
Paper 1215,['Engineering'],2
Paper 1216,['English Language and Literature'],3
Paper 1217,"['Allied Health Professions, Dentistry, Nursing and Pharmacy']",2
Paper 1218,['History'],3
Paper 1219,['Business and Management Studies'],2
Paper 1220,['Geography and Environmental Studies'],3
Paper 1221,['Classics'],3
Paper 1222,['Biological Sciences'],2
Paper 1223,"['Physics', 'Archaeology']",3
Paper 1224,"['Allied Health Professions, Dentistry, Nursing and Pharmacy', 'Sociology']",2
Paper 1225,['Area Studies'],3
Paper 1226,['Education'],2
Paper 1227,['Area Studies'],2
Paper 1228,"['Engineering', 'Physics']",3
Paper 1229,"['Music, Drama, Dance, Performing Arts, Film and Screen Studies']",3
Paper 1230,['English Language and Literature'],3
Paper 1231,"['Music, Drama, Dance, Performing Arts, Film and Screen Studies']",3
Paper 1232,['Archaeology'],3
Paper 1233,"['Sport and Exercise Sciences, Leisure and Tourism']",2
Paper 1234,['Clinical Medicine'],3
Paper 1235,['Social Work and Social Policy'],3
Paper 1236,"['Geography and Environmental Studies', 'Earth Systems and Environmental Sciences']",3
Paper 1237,['Modern Languages and Linguistics'],3
Paper 1238,['Chemistry'],3
Paper 1239,"['Agriculture, Food and Veterinary Sciences']",3
Paper 1240,['Sociology'],3
Paper 1241,"['Public Health, Health Services and Primary Care']",2
Paper 1242,['Sociology'],2
Paper 1243,['Chemistry'],3
Paper 1244,['Law'],2
Paper 1245,['Social Work and Social Policy'],2
Paper 1246,['Anthropology and Development Studies'],2
Paper 1247,['Clinical Medicine'],3
Paper 1248,['Biological Sciences'],3
Paper 1249,['English Language and Literature'],3
Paper 1250,['History'],3
Paper 1251,"['Architecture, Built Environment and Planning']",2
Paper 1252,['Chemistry'],3
Paper 1253,['Computer Science and Informatics'],2
Paper 1254,"['Architecture, Built Environment and Planning']",3
Paper 1255,['Social Work and Social Policy'],2
Paper 1256,"['Sport and Exercise Sciences, Leisure and Tourism']",3
Paper 1257,['History'],3
Paper 1258,['Engineering'],2
Paper 1259,['Computer Science and Informatics'],4
Paper 1260,['Modern Languages and Linguistics'],3
Paper 1261,"['Economics and Econometrics', 'Communication, Cultural and Media Studies, Library and Information Management']",2
Paper 1262,['Business and Management Studies'],2
Paper 1263,"['Public Health, Health Services and Primary Care']",3
Paper 1264,['Law'],2
Paper 1265,"['Philosophy', 'Archaeology']",2
Paper 1266,"['Public Health, Health Services and Primary Care']",3
Paper 1267,"['Art and Design: History, Practice and Theory']",3
Paper 1268,"['Philosophy', 'Physics']",3
Paper 1269,['Chemistry'],3
Paper 1270,"['Agriculture, Food and Veterinary Sciences']",3
Paper 1271,['Physics'],3
Paper 1272,['Area Studies'],2
Paper 1273,['Physics'],3
Paper 1274,['Biological Sciences'],3
Paper 1275,['Politics and International Studies'],3
Paper 1276,"['Public Health, Health Services and Primary Care']",3
Paper 1277,"['Psychology, Psychiatry and Neuroscience']",2
Paper 1278,['Geography and Environmental Studies'],3
Paper 1279,"['Music, Drama, Dance, Performing Arts, Film and Screen Studies']",2
Paper 1280,['Archaeology'],2
Paper 1281,"['Communication, Cultural and Media Studies, Library and Information Management']",3
Paper 1282,"['Art and Design: History, Practice and Theory']",3
Paper 1283,['Archaeology'],3
Paper 1284,['Modern Languages and Linguistics'],3
Paper 1285,['Law'],2
Paper 1286,"['Business and Management Studies', 'Computer Science and Informatics']",3
Paper 1287,['Clinical Medicine'],3
Paper 1288,['Law'],3
Paper 1289,['Clinical Medicine'],3
Paper 1290,['Education'],1
Paper 1291,['Area Studies'],3
Paper 1292,['Archaeology'],3
Paper 1293,['Anthropology and Development Studies'],2
Paper 1294,"['Music, Drama, Dance, Performing Arts, Film and Screen Studies']",2
Paper 1295,['Law'],3
Paper 1296,['Sociology'],2
Paper 1297,['Clinical Medicine'],3
Paper 1298,['Social Work and Social Policy'],2
Paper 1299,['Mathematical Sciences'],3
Paper 1300,['Economics and Econometrics'],4
Paper 1301,['Physics'],3
Paper 1302,"['Communication, Cultural and Media Studies, Library and Information Management']",3
Paper 1303,['Anthropology and Development Studies'],3
Paper 1304,"['Agriculture, Food and Veterinary Sciences']",3
Paper 1305,['Area Studies'],3
Paper 1306,"['Art and Design: History, Practice and Theory']",3
Paper 1307,"['Psychology, Psychiatry and Neuroscience']",4
Paper 1308,"['Psychology, Psychiatry and Neuroscience']",3
Paper 1309,['Theology and Religious Studies'],2
Paper 1310,"['Allied Health Professions, Dentistry, Nursing and Pharmacy']",2
Paper 1311,['Modern Languages and Linguistics'],3
Paper 1312,['Biological Sciences'],3
Paper 1313,['Physics'],3
Paper 1314,['Chemistry'],3
Paper 1315,['English Language and Literature'],3
Paper 1316,['History'],2
Paper 1317,['Chemistry'],3
Paper 1318,['Clinical Medicine'],3
Paper 1319,"['Public Health, Health Services and Primary Care']",3
Paper 1320,"['Communication, Cultural and Media Studies, Library and Information Management']",3
Paper 1321,['Biological Sciences'],2
Paper 1322,['Sociology'],2
Paper 1323,['Physics'],3
Paper 1324,"['Art and Design: History, Practice and Theory']",3
Paper 1325,"['Music, Drama, Dance, Performing Arts, Film and Screen Studies']",2
Paper 1326,['Clinical Medicine'],3
Paper 1327,"['Allied Health Professions, Dentistry, Nursing and Pharmacy']",3
Paper 1328,"['Politics and International Studies', 'Sociology']",3
Paper 1329,['Clinical Medicine'],3
Paper 1330,['Social Work and Social Policy'],2
Paper 1331,['Politics and International Studies'],3
Paper 1332,['Engineering'],3
Paper 1333,"['Business and Management Studies', 'Law']",2
Paper 1334,['Clinical Medicine'],3
Paper 1335,['Biological Sciences'],3
Paper 1336,['Law'],2
Paper 1337,['Mathematical Sciences'],2
Paper 1338,"['Music, Drama, Dance, Performing Arts, Film and Screen Studies', 'Politics and International Studies']",2
Paper 1339,"['Communication, Cultural and Media Studies, Library and Information Management']",2
Paper 1340,['Law'],2
Paper 1341,"['Chemistry', 'Biological Sciences']",2
Paper 1342,"['Psychology, Psychiatry and Neuroscience']",2
Paper 1343,['Earth Systems and Environmental Sciences'],3
Paper 1344,['Physics'],3
Paper 1345,"['Music, Drama, Dance, Performing Arts, Film and Screen Studies', 'Social Work and Social Policy']",2
Paper 1346,['Economics and Econometrics'],2
Paper 1347,['Classics'],3
Paper 1348,['History'],3
Paper 1349,['Politics and International Studies'],2
Paper 1350,"['Music, Drama, Dance, Performing Arts, Film and Screen Studies']",3
Paper 1351,['Sociology'],3
Paper 1352,['Business and Management Studies'],3
Paper 1353,"['Public Health, Health Services and Primary Care']",3
Paper 1354,"['Agriculture, Food and Veterinary Sciences']",3
Paper 1355,['Politics and International Studies'],2
Paper 1356,['Computer Science and Informatics'],3
Paper 1357,['Economics and Econometrics'],2
Paper 1358,"['Allied Health Professions, Dentistry, Nursing and Pharmacy', 'English Language and Literature']",3
Paper 1359,['Biological Sciences'],2
Paper 1360,['Philosophy'],3
Paper 1361,"['Agriculture, Food and Veterinary Sciences']",3
Paper 1362,"['Architecture, Built Environment and Planning']",2
Paper 1363,['Classics'],3
Paper 1364,['Computer Science and Informatics'],3
Paper 1365,['Business and Management Studies'],2
Paper 1366,['Theology and Religious Studies'],2
Paper 1367,"['Agriculture, Food and Veterinary Sciences']",3
Paper 1368,['Computer Science and Informatics'],3
Paper 1369,"['Sport and Exercise Sciences, Leisure and Tourism']",2
Paper 1370,"['Sport and Exercise Sciences, Leisure and Tourism']",3
Paper 1371,"['Public Health, Health Services and Primary Care']",3
Paper 1372,['Sociology'],2
Paper 1373,['Earth Systems and Environmental Sciences'],3
Paper 1374,"['Art and Design: History, Practice and Theory', 'Law']",2
Paper 1375,['Theology and Religious Studies'],3
Paper 1376,"['Communication, Cultural and Media Studies, Library and Information Management']",3
Paper 1377,"['Art and Design: History, Practice and Theory']",3
Paper 1378,['Modern Languages and Linguistics'],3
Paper 1379,['Sociology'],3
Paper 1380,['Mathematical Sciences'],3
Paper 1381,['Engineering'],3
Paper 1382,['Mathematical Sciences'],3
Paper 1383,['Anthropology and Development Studies'],3
Paper 1384,['Modern Languages and Linguistics'],2
Paper 1385,"['Psychology, Psychiatry and Neuroscience']",3
Paper 1386,['Business and Management Studies'],3
Paper 1387,"['Psychology, Psychiatry and Neuroscience']",2
Paper 1388,['Sociology'],3
Paper 1389,['Geography and Environmental Studies'],2
Paper 1390,"['Classics', 'Sport and Exercise Sciences, Leisure and Tourism']",2
Paper 1391,['Philosophy'],2
Paper 1392,"['Philosophy', 'Social Work and Social Policy']",3
Paper 1393,['Education'],2
Paper 1394,['Politics and International Studies'],2
Paper 1395,['Sociology'],3
Paper 1396,['Education'],2
Paper 1397,['Business and Management Studies'],2
Paper 1398,['English Language and Literature'],2
Paper 1399,"['Communication, Cultural and Media Studies, Library and Information Management']",3
Paper 1400,['Engineering'],2
Paper 1401,['Modern Languages and Linguistics'],3
Paper 1402,['Mathematical Sciences'],2
Paper 1403,['Anthropology and Development Studies'],2
Paper 1404,['Clinical Medicine'],3
Paper 1405,['Geography and Environmental Studies'],3
Paper 1406,"['Psychology, Psychiatry and Neuroscience']",2
Paper 1407,['Area Studies'],3
Paper 1408,['Clinical Medicine'],3
Paper 1409,['Anthropology and Development Studies'],3
Paper 1410,"['Communication, Cultural and Media Studies, Library and Information Management']",2
Paper 1411,"['Psychology, Psychiatry and Neuroscience']",2
Paper 1412,['Engineering'],3
Paper 1413,['Business and Management Studies'],2
Paper 1414,['Theology and Religious Studies'],3
Paper 1415,['Geography and Environmental Studies'],2
Paper 1416,['Mathematical Sciences'],2
Paper 1417,['Classics'],3
Paper 1418,['Theology and Religious Studies'],3
Paper 1419,['Economics and Econometrics'],3
Paper 1420,['Philosophy'],2
Paper 1421,['Engineering'],2
Paper 1422,"['Architecture, Built Environment and Planning']",2
Paper 1423,['Theology and Religious Studies'],2
Paper 1424,"['Public Health, Health Services and Primary Care']",3
Paper 1425,"['Public Health, Health Services and Primary Care']",2
Paper 1426,['Geography and Environmental Studies'],3
Paper 1427,['Chemistry'],3
Paper 1428,['Classics'],3
Paper 1429,['Computer Science and Informatics'],2
Paper 1430,['Engineering'],2
Paper 1431,"['Social Work and Social Policy', 'Sport and Exercise Sciences, Leisure and Tourism']",2
Paper 1432,['Philosophy'],3
Paper 1433,['Geography and Environmental Studies'],3
Paper 1434,['Economics and Econometrics'],2
Paper 1435,['History'],2
Paper 1436,"['Music, Drama, Dance, Performing Arts, Film and Screen Studies']",3
Paper 1437,['Business and Management Studies'],3
Paper 1438,['Politics and International Studies'],2
Paper 1439,"['Agriculture, Food and Veterinary Sciences']",3
Paper 1440,['Politics and International Studies'],2
Paper 1441,"['Geography and Environmental Studies', 'Agriculture, Food and Veterinary Sciences']",2
Paper 1442,['English Language and Literature'],3
Paper 1443,"['Sport and Exercise Sciences, Leisure and Tourism', 'Economics and Econometrics']",3
Paper 1444,['Education'],3
Paper 1445,"['Music, Drama, Dance, Performing Arts, Film and Screen Studies']",2
Paper 1446,['Classics'],3
Paper 1447,"['Allied Health Professions, Dentistry, Nursing and Pharmacy']",2
Paper 1448,"['Art and Design: History, Practice and Theory']",3
Paper 1449,"['Architecture, Built Environment and Planning']",2
Paper 1450,"['Social Work and Social Policy', 'History']",3
Paper 1451,"['Allied Health Professions, Dentistry, Nursing and Pharmacy']",2
Paper 1452,['Area Studies'],3
Paper 1453,['Engineering'],2
Paper 1454,['Biological Sciences'],3
Paper 1455,['Education'],2
Paper 1456,"['Philosophy', 'History']",3
Paper 1457,"['Art and Design: History, Practice and Theory', 'English Language and Literature']",3
Paper 1458,"['Chemistry', 'Philosophy']",3
Paper 1459,['Education'],3
Paper 1460,['Law'],2
Paper 1461,['History'],2
Paper 1462,['History'],2
Paper 1463,['Geography and Environmental Studies'],2
Paper 1464,['Computer Science and Informatics'],2
Paper 1465,['Biological Sciences'],2
Paper 1466,"['Area Studies', 'Communication, Cultural and Media Studies, Library and Information Management']",3
Paper 1467,['Chemistry'],3
Paper 1468,['Chemistry'],2
Paper 1469,"['Allied Health Professions, Dentistry, Nursing and Pharmacy', 'Psychology, Psychiatry and Neuroscience']",2
Paper 1470,"['Allied Health Professions, Dentistry, Nursing and Pharmacy']",3
Paper 1471,"['Architecture, Built Environment and Planning']",2
Paper 1472,['Sociology'],2
Paper 1473,['Clinical Medicine'],3
Paper 1474,['Politics and International Studies'],3
Paper 1475,['Computer Science and Informatics'],3
Paper 1476,['Biological Sciences'],3
Paper 1477,"['Computer Science and Informatics', 'Physics']",2
Paper 1478,['Education'],3
Paper 1479,"['Politics and International Studies', 'Anthropology and Development Studies']",3
Paper 1480,['Business and Management Studies'],3
Paper 1481,"['Classics', 'Mathematical Sciences']",2
Paper 1482,"['Modern Languages and Linguistics', 'Biological Sciences']",3
Paper 1483,"['Public Health, Health Services and Primary Care']",2
Paper 1484,['Chemistry'],2
Paper 1485,['Social Work and Social Policy'],2
Paper 1486,"['Architecture, Built Environment and Planning']",3
Paper 1487,['Earth Systems and Environmental Sciences'],3
Paper 1488,['Theology and Religious Studies'],3
Paper 1489,['Geography and Environmental Studies'],3
Paper 1490,['Sociology'],3
Paper 1491,['Modern Languages and Linguistics'],3
Paper 1492,['Archaeology'],3
Paper 1493,['Computer Science and Informatics'],2
Paper 1494,['Geography and Environmental Studies'],2
Paper 1495,['Education'],2
Paper 1496,['Business and Management Studies'],3
Paper 1497,['Archaeology'],4
Paper 1498,"['Public Health, Health Services and Primary Care', 'Sport and Exercise Sciences, Leisure and Tourism']",3
Paper 1499,['Physics'],3
Paper 1500,"['Sport and Exercise Sciences, Leisure and Tourism', 'Business and Management Studies']",2
Paper 1501,['Area Studies'],3
Paper 1502,"['Sport and Exercise Sciences, Leisure and Tourism']",3
Paper 1503,['Modern Languages and Linguistics'],3
Paper 1504,"['Public Health, Health Services and Primary Care']",3
Paper 1505,['Business and Management Studies'],2
Paper 1506,"['Architecture, Built Environment and Planning']",3
Paper 1507,"['Communication, Cultural and Media Studies, Library and Information Management']",2
Paper 1508,"['Agriculture, Food and Veterinary Sciences']",3
Paper 1509,['Education'],3
Paper 1510,['Earth Systems and Environmental Sciences'],3
Paper 1511,['Business and Management Studies'],2
Paper 1512,"['Music, Drama, Dance, Performing Arts, Film and Screen Studies']",3
Paper 1513,['Geography and Environmental Studies'],3
Paper 1514,['Geography and Environmental Studies'],3
Paper 1515,"['Architecture, Built Environment and Planning']",3
Paper 1516,['Education'],2
Paper 1517,"['Physics', 'Anthropology and Development Studies']",3
Paper 1518,['Earth Systems and Environmental Sciences'],3
Paper 1519,['Area Studies'],3
Paper 1520,['Sociology'],3
Paper 1521,['Business and Management Studies'],2
Paper 1522,['History'],3
Paper 1523,"['Music, Drama, Dance, Performing Arts, Film and Screen Studies', 'Archaeology']",2
Paper 1524,['Sociology'],2
Paper 1525,['Education'],2
Paper 1526,['Earth Systems and Environmental Sciences'],3
Paper 1527,"['Computer Science and Informatics', 'Engineering']",3
Paper 1528,['Engineering'],2
Paper 1529,['Business and Management Studies'],3
Paper 1530,['English Language and Literature'],3
Paper 1531,"['Theology and Religious Studies', 'Sociology']",2
Paper 1532,['Area Studies'],3
Paper 1533,['Area Studies'],3
Paper 1534,"['Public Health, Health Services and Primary Care']",3
Paper 1535,"['Physics', 'Area Studies']",3
Paper 1536,['Physics'],3
Paper 1537,['Biological Sciences'],3
Paper 1538,['Classics'],3
Paper 1539,['Earth Systems and Environmental Sciences'],2
Paper 1540,['Theology and Religious Studies'],3
Paper 1541,['Law'],3
Paper 1542,['Theology and Religious Studies'],3
Paper 1543,['Law'],2
Paper 1544,['English Language and Literature'],2
Paper 1545,['Physics'],3
Paper 1546,['English Language and Literature'],3
Paper 1547,['Sociology'],3
Paper 1548,['Business and Management Studies'],3
Paper 1549,['Engineering'],2
Paper 1550,['Modern Languages and Linguistics'],3
Paper 1551,['Biological Sciences'],3
Paper 1552,['Archaeology'],3
Paper 1553,['Computer Science and Informatics'],4
Paper 1554,"['Architecture, Built Environment and Planning']",2
Paper 1555,"['Allied Health Professions, Dentistry, Nursing and Pharmacy']",2
Paper 1556,['Classics'],3
Paper 1557,['Archaeology'],3
Paper 1558,['Anthropology and Development Studies'],3
Paper 1559,['Chemistry'],3
Paper 1560,['Biological Sciences'],3
Paper 1561,['Business and Management Studies'],3
Paper 1562,['Business and Management Studies'],2
Paper 1563,"['Public Health, Health Services and Primary Care']",3
Paper 1564,['Archaeology'],3
Paper 1565,['Clinical Medicine'],3
Paper 1566,['History'],3
Paper 1567,"['Art and Design: History, Practice and Theory', 'Clinical Medicine']",2
Paper 1568,"['Sport and Exercise Sciences, Leisure and Tourism']",3
Paper 1569,"['Architecture, Built Environment and Planning']",2
Paper 1570,['Social Work and Social Policy'],3
Paper 1571,['Biological Sciences'],3
Paper 1572,['Modern Languages and Linguistics'],3
Paper 1573,"['Music, Drama, Dance, Performing Arts, Film and Screen Studies']",2
Paper 1574,['Modern Languages and Linguistics'],3
Paper 1575,['Philosophy'],3
Paper 1576,['Chemistry'],3
Paper 1577,"['Communication, Cultural and Media Studies, Library and Information Management']",2
Paper 1578,['Sociology'],3
Paper 1579,['Law'],3
Paper 1580,['Earth Systems and Environmental Sciences'],3
Paper 1581,"['Agriculture, Food and Veterinary Sciences', 'Communication, Cultural and Media Studies, Library and Information Management']",2
Paper 1582,['Chemistry'],3
Paper 1583,"['Public Health, Health Services and Primary Care']",3
Paper 1584,['Geography and Environmental Studies'],3
Paper 1585,"['Allied Health Professions, Dentistry, Nursing and Pharmacy']",2
Paper 1586,['Earth Systems and Environmental Sciences'],3
Paper 1587,['Clinical Medicine'],2
Paper 1588,['Philosophy'],2
Paper 1589,['Anthropology and Development Studies'],3
Paper 1590,['English Language and Literature'],3
Paper 1591,['History'],2
Paper 1592,['Anthropology and Development Studies'],3
Paper 1593,"['Art and Design: History, Practice and Theory']",2
Paper 1594,['Physics'],2
Paper 1595,['Geography and Environmental Studies'],2
Paper 1596,['History'],2
Paper 1597,"['Music, Drama, Dance, Performing Arts, Film and Screen Studies']",3
Paper 1598,"['Music, Drama, Dance, Performing Arts, Film and Screen Studies']",2
Paper 1599,['Anthropology and Development Studies'],3
Paper 1600,"['Agriculture, Food and Veterinary Sciences']",3
Paper 1601,['English Language and Literature'],2
Paper 1602,['Clinical Medicine'],3
Paper 1603,['Computer Science and Informatics'],4
Paper 1604,"['Public Health, Health Services and Primary Care']",3
Paper 1605,['Modern Languages and Linguistics'],2
Paper 1606,"['Sport and Exercise Sciences, Leisure and Tourism']",3
Paper 1607,['Mathematical Sciences'],3
Paper 1608,['Education'],2
Paper 1609,['Physics'],3
Paper 1610,"['Psychology, Psychiatry and Neuroscience']",2
Paper 1611,['Biological Sciences'],2
Paper 1612,['Clinical Medicine'],3
Paper 1613,"['Physics', 'Engineering']",2
Paper 1614,['Economics and Econometrics'],3
Paper 1615,"['Art and Design: History, Practice and Theory']",2
Paper 1616,['Law'],2
Paper 1617,['Chemistry'],3
Paper 1618,['Biological Sciences'],3
Paper 1619,['Business and Management Studies'],2
Paper 1620,['Business and Management Studies'],2
Paper 1621,['Biological Sciences'],3
Paper 1622,['Classics'],3
Paper 1623,['Modern Languages and Linguistics'],2
Paper 1624,['Philosophy'],2
Paper 1625,['Law'],2
Paper 1626,['Computer Science and Informatics'],3
Paper 1627,['Social Work and Social Policy'],2
Paper 1628,['Archaeology'],3
Paper 1629,['English Language and Literature'],3
Paper 1630,['Anthropology and Development Studies'],3
Paper 1631,['Economics and Econometrics'],3
Paper 1632,"['Sport and Exercise Sciences, Leisure and Tourism']",3
Paper 1633,['Theology and Religious Studies'],2
Paper 1634,['Geography and Environmental Studies'],3
Paper 1635,['Law'],3
Paper 1636,"['Sport and Exercise Sciences, Leisure and Tourism']",2
Paper 1637,['Economics and Econometrics'],3
Paper 1638,['Area Studies'],3
Paper 1639,"['Art and Design: History, Practice and Theory']",3
Paper 1640,['Earth Systems and Environmental Sciences'],2
Paper 1641,['Business and Management Studies'],3
Paper 1642,['Law'],2
Paper 1643,['Anthropology and Development Studies'],3
Paper 1644,['Archaeology'],3
Paper 1645,['Economics and Econometrics'],4
Paper 1646,"['Social Work and Social Policy', 'Physics']",3
Paper 1647,['Education'],3
Paper 1648,['Classics'],3
Paper 1649,['Area Studies'],3
Paper 1650,"['Architecture, Built Environment and Planning']",2
Paper 1651,['Computer Science and Informatics'],2
Paper 1652,['Business and Management Studies'],2
Paper 1653,['Economics and Econometrics'],3
Paper 1654,['Classics'],3
Paper 1655,['Politics and International Studies'],3
Paper 1656,['Mathematical Sciences'],3
Paper 1657,"['Economics and Econometrics', 'Politics and International Studies']",2
Paper 1658,['Geography and Environmental Studies'],2
Paper 1659,['Engineering'],2
Paper 1660,"['Agriculture, Food and Veterinary Sciences']",3
Paper 1661,"['Classics', 'Music, Drama, Dance, Performing Arts, Film and Screen Studies']",3
Paper 1662,"['Architecture, Built Environment and Planning', 'Politics and International Studies']",3
Paper 1663,"['Sport and Exercise Sciences, Leisure and Tourism']",3
Paper 1664,['Sociology'],2
Paper 1665,"['Anthropology and Development Studies', 'Mathematical Sciences']",2
Paper 1666,['Biological Sciences'],3
Paper 1667,"['Communication, Cultural and Media Studies, Library and Information Management']",2
Paper 1668,['Computer Science and Informatics'],3
Paper 1669,['History'],2
Paper 1670,"['Public Health, Health Services and Primary Care']",3
Paper 1671,['History'],2
Paper 1672,"['Agriculture, Food and Veterinary Sciences']",3
Paper 1673,['Business and Management Studies'],3
Paper 1674,['Economics and Econometrics'],3
Paper 1675,"['Agriculture, Food and Veterinary Sciences']",2
Paper 1676,"['History', 'Theology and Religious Studies']",2
Paper 1677,['Chemistry'],3
Paper 1678,['Computer Science and Informatics'],3
Paper 1679,"['Allied Health Professions, Dentistry, Nursing and Pharmacy']",3
Paper 1680,['Area Studies'],3
Paper 1681,['History'],3
Paper 1682,['Politics and International Studies'],3
Paper 1683,"['Architecture, Built Environment and Planning']",2
Paper 1684,"['Allied Health Professions, Dentistry, Nursing and Pharmacy']",2
Paper 1685,['Classics'],3
Paper 1686,['Clinical Medicine'],3
Paper 1687,['Chemistry'],3
Paper 1688,['Mathematical Sciences'],3
Paper 1689,['Social Work and Social Policy'],2
Paper 1690,['Engineering'],2
Paper 1691,"['Music, Drama, Dance, Performing Arts, Film and Screen Studies']",3
Paper 1692,['English Language and Literature'],2
Paper 1693,"['Geography and Environmental Studies', 'Modern Languages and Linguistics']",3
Paper 1694,['Engineering'],3
Paper 1695,"['Agriculture, Food and Veterinary Sciences']",3
Paper 1696,['Clinical Medicine'],3
Paper 1697,"['Biological Sciences', 'Public Health, Health Services and Primary Care']",3
Paper 1698,['Education'],2
Paper 1699,['Physics'],2
Paper 1700,"['Art and Design: History, Practice and Theory']",3
Paper 1701,['Engineering'],2
Paper 1702,['Social Work and Social Policy'],2
Paper 1703,['Biological Sciences'],3
Paper 1704,['English Language and Literature'],3
Paper 1705,['Sociology'],2
Paper 1706,['Law'],4
Paper 1707,"['Psychology, Psychiatry and Neuroscience']",2
Paper 1708,['Area Studies'],3
Paper 1709,['Clinical Medicine'],3
Paper 1710,['English Language and Literature'],3
Paper 1711,"['Sport and Exercise Sciences, Leisure and Tourism']",2
Paper 1712,"['Classics', 'English Language and Literature']",3
Paper 1713,"['Communication, Cultural and Media Studies, Library and Information Management']",3
Paper 1714,"['Communication, Cultural and Media Studies, Library and Information Management']",3
Paper 1715,"['Law', 'Agriculture, Food and Veterinary Sciences']",2
Paper 1716,"['Clinical Medicine', 'Sociology']",3
Paper 1717,['Classics'],3
Paper 1718,['Anthropology and Development Studies'],3
Paper 1719,"['Biological Sciences', 'Architecture, Built Environment and Planning']",3
Paper 1720,['Engineering'],2
Paper 1721,['Politics and International Studies'],2
Paper 1722,['Biological Sciences'],3
Paper 1723,"['Allied Health Professions, Dentistry, Nursing and Pharmacy']",3
Paper 1724,"['Politics and International Studies', 'Modern Languages and Linguistics']",3
Paper 1725,"['Agriculture, Food and Veterinary Sciences']",3
Paper 1726,['Theology and Religious Studies'],3
Paper 1727,['Clinical Medicine'],3
Paper 1728,['Anthropology and Development Studies'],2
Paper 1729,['History'],2
Paper 1730,"['Music, Drama, Dance, Performing Arts, Film and Screen Studies']",2
Paper 1731,['Computer Science and Informatics'],2
Paper 1732,['Biological Sciences'],3
Paper 1733,"['Music, Drama, Dance, Performing Arts, Film and Screen Studies']",3
Paper 1734,['Biological Sciences'],3
Paper 1735,['Clinical Medicine'],3
Paper 1736,"['Anthropology and Development Studies', 'Anthropology and Development Studies']",3
Paper 1737,['Geography and Environmental Studies'],2
Paper 1738,['Sociology'],2
Paper 1739,['Earth Systems and Environmental Sciences'],3
Paper 1740,"['Art and Design: History, Practice and Theory']",2
Paper 1741,"['Allied Health Professions, Dentistry, Nursing and Pharmacy']",3
Paper 1742,"['Public Health, Health Services and Primary Care']",3
Paper 1743,"['Music, Drama, Dance, Performing Arts, Film and Screen Studies']",3
Paper 1744,['Clinical Medicine'],3
Paper 1745,['Archaeology'],3
Paper 1746,['Sociology'],2
Paper 1747,['Chemistry'],3
Paper 1748,"['Public Health, Health Services and Primary Care', 'English Language and Literature']",3
Paper 1749,['Sociology'],3
Paper 1750,"['Art and Design: History, Practice and Theory']",2
Paper 1751,['Computer Science and Informatics'],2
Paper 1752,['Mathematical Sciences'],2
Paper 1753,['Social Work and Social Policy'],3
Paper 1754,['Physics'],3
Paper 1755,['Law'],3
Paper 1756,"['Psychology, Psychiatry and Neuroscience']",2
Paper 1757,"['Art and Design: History, Practice and Theory']",3
Paper 1758,"['Archaeology', 'Communication, Cultural and Media Studies, Library and Information Management']",2
Paper 1759,['Clinical Medicine'],3
Paper 1760,['History'],3
Paper 1761,['Area Studies'],3
Paper 1762,['Computer Science and Informatics'],3
Paper 1763,['Education'],1
Paper 1764,['Earth Systems and Environmental Sciences'],3
Paper 1765,['Business and Management Studies'],2
Paper 1766,['Engineering'],2
Paper 1767,"['Law', 'Geography and Environmental Studies']",3
Paper 1768,['Politics and International Studies'],3
Paper 1769,['Chemistry'],3
Paper 1770,['Engineering'],2
Paper 1771,['English Language and Literature'],2
Paper 1772,['Physics'],3
Paper 1773,['Chemistry'],3
Paper 1774,['Theology and Religious Studies'],2
Paper 1775,['Philosophy'],3
Paper 1776,"['Music, Drama, Dance, Performing Arts, Film and Screen Studies']",2
Paper 1777,['Area Studies'],3
Paper 1778,['History'],2
Paper 1779,['Mathematical Sciences'],3
Paper 1780,['English Language and Literature'],3
Paper 1781,"['Art and Design: History, Practice and Theory']",2
Paper 1782,['Theology and Religious Studies'],3
Paper 1783,['Mathematical Sciences'],2
Paper 1784,['Classics'],3
Paper 1785,['Earth Systems and Environmental Sciences'],3
Paper 1786,['Archaeology'],4
Paper 1787,['Law'],2
Paper 1788,"['Architecture, Built Environment and Planning']",2
Paper 1789,"['Psychology, Psychiatry and Neuroscience']",3
Paper 1790,"['Architecture, Built Environment and Planning']",3
Paper 1791,"['Allied Health Professions, Dentistry, Nursing and Pharmacy']",2
Paper 1792,['Anthropology and Development Studies'],3
Paper 1793,['Geography and Environmental Studies'],2
Paper 1794,"['Allied Health Professions, Dentistry, Nursing and Pharmacy']",2
Paper 1795,['Area Studies'],3
Paper 1796,"['Psychology, Psychiatry and Neuroscience']",3
Paper 1797,['Chemistry'],3
Paper 1798,['English Language and Literature'],3
Paper 1799,"['Sport and Exercise Sciences, Leisure and Tourism']",2
Paper 1800,"['Art and Design: History, Practice and Theory']",2
Paper 1801,['Theology and Religious Studies'],3
Paper 1802,['Theology and Religious Studies'],1
Paper 1803,['English Language and Literature'],3
Paper 1804,['Earth Systems and Environmental Sciences'],3
Paper 1805,['Geography and Environmental Studies'],1
Paper 1806,['Education'],3
Paper 1807,['Physics'],3
Paper 1808,['Earth Systems and Environmental Sciences'],3
Paper 1809,['Earth Systems and Environmental Sciences'],3
Paper 1810,"['Art and Design: History, Practice and Theory']",2
Paper 1811,['Business and Management Studies'],3
Paper 1812,['Chemistry'],3
Paper 1813,"['Chemistry', 'Theology and Religious Studies']",3
Paper 1814,['Philosophy'],2
Paper 1815,['Area Studies'],3
Paper 1816,['Law'],3
Paper 1817,"['Music, Drama, Dance, Performing Arts, Film and Screen Studies']",3
Paper 1818,['Clinical Medicine'],3
Paper 1819,['Politics and International Studies'],3
Paper 1820,"['Sport and Exercise Sciences, Leisure and Tourism']",3
Paper 1821,"['Anthropology and Development Studies', 'Chemistry']",3
Paper 1822,['Theology and Religious Studies'],3
Paper 1823,['Modern Languages and Linguistics'],3
Paper 1824,"['Art and Design: History, Practice and Theory']",2
Paper 1825,['Classics'],3
Paper 1826,"['Communication, Cultural and Media Studies, Library and Information Management']",2
Paper 1827,['Education'],2
Paper 1828,['Chemistry'],3
Paper 1829,['Earth Systems and Environmental Sciences'],3
Paper 1830,['Biological Sciences'],3
Paper 1831,['Modern Languages and Linguistics'],3
Paper 1832,"['Geography and Environmental Studies', 'Biological Sciences']",2
Paper 1833,['Earth Systems and Environmental Sciences'],3
Paper 1834,"['Art and Design: History, Practice and Theory']",3
Paper 1835,"['Allied Health Professions, Dentistry, Nursing and Pharmacy']",2
Paper 1836,"['Public Health, Health Services and Primary Care']",2
Paper 1837,['Physics'],3
Paper 1838,['Education'],1
Paper 1839,['Mathematical Sciences'],3
Paper 1840,"['Psychology, Psychiatry and Neuroscience', 'Music, Drama, Dance, Performing Arts, Film and Screen Studies']",3
Paper 1841,['Earth Systems and Environmental Sciences'],2
Paper 1842,"['Public Health, Health Services and Primary Care']",3
Paper 1843,"['Art and Design: History, Practice and Theory']",1
Paper 1844,['Biological Sciences'],3
Paper 1845,"['Philosophy', 'Architecture, Built Environment and Planning']",3
Paper 1846,['Theology and Religious Studies'],2
Paper 1847,['Geography and Environmental Studies'],2
Paper 1848,['English Language and Literature'],2
Paper 1849,"['History', 'Sociology']",3
Paper 1850,['History'],2
Paper 1851,['Engineering'],3
Paper 1852,['Clinical Medicine'],3
Paper 1853,"['Art and Design: History, Practice and Theory']",3
Paper 1854,['Politics and International Studies'],3
Paper 1855,['Economics and Econometrics'],4
Paper 1856,"['Art and Design: History, Practice and Theory']",2
Paper 1857,['Physics'],3
Paper 1858,"['Music, Drama, Dance, Performing Arts, Film and Screen Studies']",3
Paper 1859,"['Psychology, Psychiatry and Neuroscience']",3
Paper 1860,['Politics and International Studies'],3
Paper 1861,['Archaeology'],2
Paper 1862,"['Agriculture, Food and Veterinary Sciences']",3
Paper 1863,"['Music, Drama, Dance, Performing Arts, Film and Screen Studies']",2
Paper 1864,['Computer Science and Informatics'],2
Paper 1865,['Theology and Religious Studies'],3
Paper 1866,['Social Work and Social Policy'],2
Paper 1867,['Clinical Medicine'],3
Paper 1868,['Area Studies'],2
Paper 1869,"['Public Health, Health Services and Primary Care']",2
Paper 1870,['Mathematical Sciences'],3
Paper 1871,"['Public Health, Health Services and Primary Care']",3
Paper 1872,['Engineering'],3
Paper 1873,"['Physics', 'Agriculture, Food and Veterinary Sciences']",3
Paper 1874,['Social Work and Social Policy'],3
Paper 1875,['History'],2
Paper 1876,['Computer Science and Informatics'],2
Paper 1877,['Physics'],3
Paper 1878,['Biological Sciences'],3
Paper 1879,['Clinical Medicine'],3
Paper 1880,['English Language and Literature'],3
Paper 1881,"['Communication, Cultural and Media Studies, Library and Information Management']",3
Paper 1882,['Earth Systems and Environmental Sciences'],3
Paper 1883,['English Language and Literature'],3
Paper 1884,['Geography and Environmental Studies'],2
Paper 1885,"['Agriculture, Food and Veterinary Sciences']",2
Paper 1886,"['Art and Design: History, Practice and Theory']",2
Paper 1887,['Clinical Medicine'],3
Paper 1888,"['Architecture, Built Environment and Planning']",2
Paper 1889,"['Music, Drama, Dance, Performing Arts, Film and Screen Studies']",3
Paper 1890,['English Language and Literature'],3
Paper 1891,"['Agriculture, Food and Veterinary Sciences', 'Archaeology']",3
Paper 1892,['Business and Management Studies'],3
Paper 1893,['Geography and Environmental Studies'],2
Paper 1894,['Earth Systems and Environmental Sciences'],3
Paper 1895,"['Philosophy', 'Business and Management Studies']",2
Paper 1896,"['Music, Drama, Dance, Performing Arts, Film and Screen Studies']",2
Paper 1897,['Social Work and Social Policy'],2
Paper 1898,"['Architecture, Built Environment and Planning']",2
Paper 1899,"['Public Health, Health Services and Primary Care']",2
Paper 1900,['Biological Sciences'],3
Paper 1901,"['Allied Health Professions, Dentistry, Nursing and Pharmacy']",2
Paper 1902,['Earth Systems and Environmental Sciences'],3
Paper 1903,"['Art and Design: History, Practice and Theory']",2
Paper 1904,['Business and Management Studies'],2
Paper 1905,"['Economics and Econometrics', 'Biological Sciences']",3
Paper 1906,"['Music, Drama, Dance, Performing Arts, Film and Screen Studies']",3
Paper 1907,['Archaeology'],3
Paper 1908,['Education'],2
Paper 1909,['Earth Systems and Environmental Sciences'],3
Paper 1910,"['Physics', 'Allied Health Professions, Dentistry, Nursing and Pharmacy']",3
Paper 1911,['Politics and International Studies'],2
Paper 1912,['Engineering'],3
Paper 1913,['Business and Management Studies'],3
Paper 1914,"['Art and Design: History, Practice and Theory', 'Politics and International Studies']",2
Paper 1915,['Modern Languages and Linguistics'],3
Paper 1916,"['Computer Science and Informatics', 'Mathematical Sciences']",2
Paper 1917,['Earth Systems and Environmental Sciences'],3
Paper 1918,['Modern Languages and Linguistics'],3
Paper 1919,['Computer Science and Informatics'],2
Paper 1920,['Economics and Econometrics'],3
Paper 1921,['Classics'],3
Paper 1922,"['Psychology, Psychiatry and Neuroscience']",2
Paper 1923,"['Modern Languages and Linguistics', 'Economics and Econometrics']",3
Paper 1924,['Politics and International Studies'],3
Paper 1925,['Philosophy'],2
Paper 1926,['Chemistry'],3
Paper 1927,['Economics and Econometrics'],2
Paper 1928,"['Art and Design: History, Practice and Theory', 'Area Studies']",3
Paper 1929,['Biological Sciences'],3
Paper 1930,"['Agriculture, Food and Veterinary Sciences']",3
Paper 1931,['Theology and Religious Studies'],2
Paper 1932,['Physics'],3
Paper 1933,['Social Work and Social Policy'],2
Paper 1934,['Chemistry'],3
Paper 1935,"['Engineering', 'Earth Systems and Environmental Sciences']",3
Paper 1936,"['Chemistry', 'Computer Science and Informatics']",2
Paper 1937,['Social Work and Social Policy'],2
Paper 1938,"['Psychology, Psychiatry and Neuroscience']",1
Paper 1939,['Sociology'],2
Paper 1940,['Biological Sciences'],3
Paper 1941,['Physics'],3
Paper 1942,['Archaeology'],2
Paper 1943,['Earth Systems and Environmental Sciences'],3
Paper 1944,"['Communication, Cultural and Media Studies, Library and Information Management']",2
Paper 1945,['Physics'],3
Paper 1946,['Physics'],3
Paper 1947,['Politics and International Studies'],2
Paper 1948,"['Sport and Exercise Sciences, Leisure and Tourism']",2
Paper 1949,"['Art and Design: History, Practice and Theory']",3
Paper 1950,['History'],3
Paper 1951,['Chemistry'],2
Paper 1952,['Sociology'],2
Paper 1953,['Clinical Medicine'],3
Paper 1954,['Economics and Econometrics'],3
Paper 1955,['English Language and Literature'],3
Paper 1956,['Mathematical Sciences'],3
Paper 1957,['Geography and Environmental Studies'],2
Paper 1958,['Politics and International Studies'],2
Paper 1959,['English Language and Literature'],3
Paper 1960,['Earth Systems and Environmental Sciences'],3
Paper 1961,['Chemistry'],3
Paper 1962,"['Sport and Exercise Sciences, Leisure and Tourism', 'History']",3
Paper 1963,['Classics'],3
Paper 1964,['Area Studies'],3
Paper 1965,"['Psychology, Psychiatry and Neuroscience']",2
Paper 1966,['Education'],3
Paper 1967,['Biological Sciences'],3
Paper 1968,"['Sport and Exercise Sciences, Leisure and Tourism']",3
Paper 1969,"['Music, Drama, Dance, Performing Arts, Film and Screen Studies']",2
Paper 1970,['Economics and Econometrics'],2
Paper 1971,['Business and Management Studies'],2
Paper 1972,"['Art and Design: History, Practice and Theory']",2
Paper 1973,['Chemistry'],3
Paper 1974,"['Sport and Exercise Sciences, Leisure and Tourism']",3
Paper 1975,['Computer Science and Informatics'],4
Paper 1976,"['Sport and Exercise Sciences, Leisure and Tourism']",2
Paper 1977,['Computer Science and Informatics'],2
Paper 1978,"['Anthropology and Development Studies', 'Area Studies']",3
Paper 1979,['Area Studies'],3
Paper 1980,['History'],2
Paper 1981,['Biological Sciences'],3
Paper 1982,['Sociology'],2
Paper 1983,['Sociology'],2
Paper 1984,['Earth Systems and Environmental Sciences'],2
Paper 1985,['Biological Sciences'],3
Paper 1986,"['Communication, Cultural and Media Studies, Library and Information Management']",3
Paper 1987,['Biological Sciences'],2
Paper 1988,"['Psychology, Psychiatry and Neuroscience', 'Social Work and Social Policy']",3
Paper 1989,['Clinical Medicine'],3
Paper 1990,"['Architecture, Built Environment and Planning']",4
Paper 1991,"['Allied Health Professions, Dentistry, Nursing and Pharmacy']",2
Paper 1992,['Physics'],3
Paper 1993,['Anthropology and Development Studies'],3
Paper 1994,"['Architecture, Built Environment and Planning']",3
Paper 1995,['Archaeology'],2
Paper 1996,['Engineering'],3
Paper 1997,"['Public Health, Health Services and Primary Care']",3
Paper 1998,['Business and Management Studies'],1
Paper 1999,"['Classics', 'Social Work and Social Policy']",2
Paper 2000,['Biological Sciences'],3
Paper 2001,['Biological Sciences'],2
Paper 2002,"['Music, Drama, Dance, Performing Arts, Film and Screen Studies', 'Communication, Cultural and Media Studies, Library and Information Management']",2
Paper 2003,['Politics and International Studies'],3
Paper 2004,['Chemistry'],4
Paper 2005,['Philosophy'],2
Paper 2006,"['Public Health, Health Services and Primary Care']",2
Paper 2007,['Classics'],3
Paper 2008,"['Psychology, Psychiatry and Neuroscience']",2
Paper 2009,['Earth Systems and Environmental Sciences'],3
Paper 2010,['Chemistry'],3
Paper 2011,['Mathematical Sciences'],3
Paper 2012,"['Architecture, Built Environment and Planning']",2
Paper 2013,"['Psychology, Psychiatry and Neuroscience']",3
Paper 2014,['Social Work and Social Policy'],3
Paper 2015,"['Communication, Cultural and Media Studies, Library and Information Management']",3
Paper 2016,['Clinical Medicine'],3
Paper 2017,['Politics and International Studies'],2
Paper 2018,['Biological Sciences'],3
Paper 2019,"['Communication, Cultural and Media Studies, Library and Information Management']",2
Paper 2020,"['Art and Design: History, Practice and Theory']",3
Paper 2021,['Chemistry'],2
Paper 2022,['Sociology'],2
Paper 2023,['Philosophy'],3
Paper 2024,['Modern Languages and Linguistics'],2
Paper 2025,['Anthropology and Development Studies'],3
Paper 2026,['Politics and International Studies'],3
Paper 2027,['Education'],1
Paper 2028,"['Agriculture, Food and Veterinary Sciences', 'Computer Science and Informatics']",3
Paper 2029,['Chemistry'],3
Paper 2030,['Sociology'],3
Paper 2031,['Theology and Religious Studies'],3
Paper 2032,['Law'],3
Paper 2033,['Politics and International Studies'],2
Paper 2034,"['Art and Design: History, Practice and Theory']",3
Paper 2035,"['Communication, Cultural and Media Studies, Library and Information Management']",4
Paper 2036,"['Psychology, Psychiatry and Neuroscience']",3
Paper 2037,['Modern Languages and Linguistics'],3
Paper 2038,['Mathematical Sciences'],2
Paper 2039,['Sociology'],3
Paper 2040,['Law'],2
Paper 2041,['Economics and Econometrics'],2
Paper 2042,['Geography and Environmental Studies'],2
Paper 2043,"['Art and Design: History, Practice and Theory']",2
Paper 2044,['Geography and Environmental Studies'],3
Paper 2045,['Physics'],2
Paper 2046,"['Biological Sciences', 'Allied Health Professions, Dentistry, Nursing and Pharmacy']",3
Paper 2047,['Education'],2
Paper 2048,['Earth Systems and Environmental Sciences'],3
Paper 2049,['Area Studies'],3
Paper 2050,"['Allied Health Professions, Dentistry, Nursing and Pharmacy']",3
Paper 2051,"['Theology and Religious Studies', 'Business and Management Studies']",3
Paper 2052,['Social Work and Social Policy'],3
Paper 2053,['Area Studies'],3
Paper 2054,['Economics and Econometrics'],3
Paper 2055,"['Art and Design: History, Practice and Theory']",2
Paper 2056,"['Agriculture, Food and Veterinary Sciences']",3
Paper 2057,['Chemistry'],3
Paper 2058,['Philosophy'],2
Paper 2059,['English Language and Literature'],3
Paper 2060,"['Computer Science and Informatics', 'Engineering']",3
Paper 2061,"['Communication, Cultural and Media Studies, Library and Information Management']",3
Paper 2062,['Mathematical Sciences'],2
Paper 2063,['Social Work and Social Policy'],2
Paper 2064,"['Theology and Religious Studies', 'Chemistry']",3
Paper 2065,"['Sport and Exercise Sciences, Leisure and Tourism']",3
Paper 2066,['Archaeology'],3
Paper 2067,['Earth Systems and Environmental Sciences'],2
Paper 2068,['Classics'],3
Paper 2069,"['Allied Health Professions, Dentistry, Nursing and Pharmacy']",2
Paper 2070,['Politics and International Studies'],3
Paper 2071,['Economics and Econometrics'],3
Paper 2072,"['Art and Design: History, Practice and Theory']",2
Paper 2073,['Law'],3
Paper 2074,"['Biological Sciences', 'Social Work and Social Policy']",3
Paper 2075,['Biological Sciences'],3
Paper 2076,['Anthropology and Development Studies'],2
Paper 2077,"['Art and Design: History, Practice and Theory']",2
Paper 2078,['Archaeology'],2
Paper 2079,"['Computer Science and Informatics', 'Physics']",2
Paper 2080,"['Sport and Exercise Sciences, Leisure and Tourism']",3
Paper 2081,['Biological Sciences'],2
Paper 2082,"['Allied Health Professions, Dentistry, Nursing and Pharmacy']",2
Paper 2083,['Education'],2
Paper 2084,['Economics and Econometrics'],3
Paper 2085,['Law'],2
Paper 2086,['English Language and Literature'],3
Paper 2087,['Clinical Medicine'],2
Paper 2088,"['Allied Health Professions, Dentistry, Nursing and Pharmacy']",3
Paper 2089,['Theology and Religious Studies'],4
Paper 2090,['Business and Management Studies'],2
Paper 2091,['Anthropology and Development Studies'],3
Paper 2092,"['Music, Drama, Dance, Performing Arts, Film and Screen Studies']",3
Paper 2093,['Politics and International Studies'],3
Paper 2094,"['Allied Health Professions, Dentistry, Nursing and Pharmacy', 'Politics and International Studies']",3
Paper 2095,"['Allied Health Professions, Dentistry, Nursing and Pharmacy']",3
Paper 2096,"['Communication, Cultural and Media Studies, Library and Information Management', 'Physics']",3
Paper 2097,"['Communication, Cultural and Media Studies, Library and Information Management']",3
Paper 2098,['Anthropology and Development Studies'],3
Paper 2099,['Education'],2
Paper 2100,['Theology and Religious Studies'],3
Paper 2101,['Business and Management Studies'],3
Paper 2102,['Anthropology and Development Studies'],2
Paper 2103,"['Architecture, Built Environment and Planning']",2
Paper 2104,"['Architecture, Built Environment and Planning']",3
Paper 2105,['Physics'],3
Paper 2106,['Clinical Medicine'],3
Paper 2107,['Physics'],3
Paper 2108,['Education'],2
Paper 2109,"['Public Health, Health Services and Primary Care']",3
Paper 2110,['Social Work and Social Policy'],2
Paper 2111,['Business and Management Studies'],2
Paper 2112,"['Allied Health Professions, Dentistry, Nursing and Pharmacy']",3
Paper 2113,['Area Studies'],3
Paper 2114,['Physics'],3
Paper 2115,['Economics and Econometrics'],3
Paper 2116,['History'],3
Paper 2117,"['Allied Health Professions, Dentistry, Nursing and Pharmacy']",3
Paper 2118,['Mathematical Sciences'],3
Paper 2119,['Area Studies'],3
Paper 2120,['Chemistry'],3
Paper 2121,['History'],3
Paper 2122,"['Theology and Religious Studies', 'English Language and Literature']",2
Paper 2123,['English Language and Literature'],3
Paper 2124,"['Art and Design: History, Practice and Theory']",2
Paper 2125,['Biological Sciences'],3
Paper 2126,['Modern Languages and Linguistics'],2
Paper 2127,['Chemistry'],3
Paper 2128,['Engineering'],3
Paper 2129,['Classics'],3
Paper 2130,"['Sport and Exercise Sciences, Leisure and Tourism']",2
Paper 2131,['Classics'],3
Paper 2132,['Law'],2
Paper 2133,['Theology and Religious Studies'],3
Paper 2134,['Physics'],3
Paper 2135,['Physics'],3
Paper 2136,['Business and Management Studies'],2
Paper 2137,['English Language and Literature'],3
Paper 2138,['Engineering'],2
Paper 2139,['Education'],2
Paper 2140,['Anthropology and Development Studies'],3
Paper 2141,['Modern Languages and Linguistics'],3
Paper 2142,['Theology and Religious Studies'],3
Paper 2143,"['Architecture, Built Environment and Planning']",3
Paper 2144,['Engineering'],3
Paper 2145,['English Language and Literature'],3
Paper 2146,"['Public Health, Health Services and Primary Care']",3
Paper 2147,['Earth Systems and Environmental Sciences'],3
Paper 2148,['Engineering'],3
Paper 2149,"['Physics', 'Music, Drama, Dance, Performing Arts, Film and Screen Studies']",3
Paper 2150,['Mathematical Sciences'],3
Paper 2151,"['Art and Design: History, Practice and Theory', 'Music, Drama, Dance, Performing Arts, Film and Screen Studies']",3
Paper 2152,['English Language and Literature'],3
Paper 2153,['Mathematical Sciences'],3
Paper 2154,['Sociology'],3
Paper 2155,['Computer Science and Informatics'],3
Paper 2156,['Modern Languages and Linguistics'],3
Paper 2157,['Business and Management Studies'],2
Paper 2158,['Biological Sciences'],3
Paper 2159,['Politics and International Studies'],3
Paper 2160,"['Allied Health Professions, Dentistry, Nursing and Pharmacy']",2
Paper 2161,"['Law', 'Archaeology']",3
Paper 2162,['Law'],2
Paper 2163,['Modern Languages and Linguistics'],3
Paper 2164,['History'],3
Paper 2165,"['Communication, Cultural and Media Studies, Library and Information Management']",3
Paper 2166,['Education'],2
Paper 2167,['Chemistry'],3
Paper 2168,['Economics and Econometrics'],3
Paper 2169,['Geography and Environmental Studies'],3
Paper 2170,['Politics and International Studies'],3
Paper 2171,['Clinical Medicine'],2
Paper 2172,"['Art and Design: History, Practice and Theory']",3
Paper 2173,['Theology and Religious Studies'],4
Paper 2174,['Social Work and Social Policy'],2
Paper 2175,['Sociology'],2
Paper 2176,['Anthropology and Development Studies'],3
Paper 2177,['Law'],3
Paper 2178,"['Sport and Exercise Sciences, Leisure and Tourism']",2
Paper 2179,['Archaeology'],2
Paper 2180,"['Communication, Cultural and Media Studies, Library and Information Management']",3
Paper 2181,['Theology and Religious Studies'],2
Paper 2182,['Chemistry'],3
Paper 2183,"['Public Health, Health Services and Primary Care']",3
Paper 2184,['Archaeology'],3
Paper 2185,"['Music, Drama, Dance, Performing Arts, Film and Screen Studies']",3
Paper 2186,['History'],3
Paper 2187,"['Communication, Cultural and Media Studies, Library and Information Management']",3
Paper 2188,['Philosophy'],3
Paper 2189,['Philosophy'],3
Paper 2190,['Sociology'],3
Paper 2191,['Engineering'],3
Paper 2192,['Clinical Medicine'],2
Paper 2193,['Anthropology and Development Studies'],3
Paper 2194,"['Architecture, Built Environment and Planning']",2
Paper 2195,"['Communication, Cultural and Media Studies, Library and Information Management']",3
Paper 2196,"['Public Health, Health Services and Primary Care']",3
Paper 2197,['Area Studies'],3
Paper 2198,['Politics and International Studies'],3
Paper 2199,['History'],3
Paper 2200,['Modern Languages and Linguistics'],2
Paper 2201,['Politics and International Studies'],3
Paper 2202,"['Anthropology and Development Studies', 'Business and Management Studies']",3
Paper 2203,"['Agriculture, Food and Veterinary Sciences']",3
Paper 2204,"['Architecture, Built Environment and Planning']",3
Paper 2205,['Earth Systems and Environmental Sciences'],3
Paper 2206,"['Architecture, Built Environment and Planning']",2
Paper 2207,['Biological Sciences'],2
Paper 2208,['Area Studies'],3
Paper 2209,['Business and Management Studies'],3
Paper 2210,"['Communication, Cultural and Media Studies, Library and Information Management']",3
Paper 2211,['Biological Sciences'],4
Paper 2212,['Area Studies'],2
Paper 2213,['Area Studies'],3
Paper 2214,['Computer Science and Informatics'],2
Paper 2215,['Modern Languages and Linguistics'],2
Paper 2216,['Anthropology and Development Studies'],3
Paper 2217,['Physics'],3
Paper 2218,['Engineering'],3
Paper 2219,"['Allied Health Professions, Dentistry, Nursing and Pharmacy']",3
Paper 2220,['Sociology'],2
Paper 2221,"['Psychology, Psychiatry and Neuroscience']",2
Paper 2222,['Business and Management Studies'],2
Paper 2223,"['Music, Drama, Dance, Performing Arts, Film and Screen Studies']",2
Paper 2224,['Social Work and Social Policy'],2
Paper 2225,['Economics and Econometrics'],3
Paper 2226,"['Sport and Exercise Sciences, Leisure and Tourism']",2
Paper 2227,['Philosophy'],3
Paper 2228,['Biological Sciences'],2
Paper 2229,['Classics'],3
Paper 2230,['Earth Systems and Environmental Sciences'],3
Paper 2231,['Sociology'],2
Paper 2232,['Business and Management Studies'],2
Paper 2233,['Area Studies'],3
Paper 2234,['Computer Science and Informatics'],3
Paper 2235,['Biological Sciences'],2
Paper 2236,['Engineering'],3
Paper 2237,['Classics'],3
Paper 2238,['Philosophy'],2
Paper 2239,"['Allied Health Professions, Dentistry, Nursing and Pharmacy']",3
Paper 2240,['Archaeology'],2
Paper 2241,['Philosophy'],3
Paper 2242,['Business and Management Studies'],2
Paper 2243,['Social Work and Social Policy'],2
Paper 2244,['Philosophy'],3
Paper 2245,"['Public Health, Health Services and Primary Care']",3
Paper 2246,['Clinical Medicine'],3
Paper 2247,['Sociology'],2
Paper 2248,['Law'],2
Paper 2249,"['Agriculture, Food and Veterinary Sciences']",2
Paper 2250,"['Communication, Cultural and Media Studies, Library and Information Management']",2
Paper 2251,['Physics'],3
Paper 2252,['Clinical Medicine'],2
Paper 2253,"['Art and Design: History, Practice and Theory']",2
Paper 2254,"['Sport and Exercise Sciences, Leisure and Tourism']",3
Paper 2255,['Education'],1
Paper 2256,['Modern Languages and Linguistics'],3
Paper 2257,['Computer Science and Informatics'],2
Paper 2258,"['Sport and Exercise Sciences, Leisure and Tourism']",2
Paper 2259,['Economics and Econometrics'],3
Paper 2260,['Geography and Environmental Studies'],2
Paper 2261,['English Language and Literature'],2
Paper 2262,"['Engineering', 'Earth Systems and Environmental Sciences']",2
Paper 2263,['Physics'],3
Paper 2264,"['Sport and Exercise Sciences, Leisure and Tourism']",2
Paper 2265,['Earth Systems and Environmental Sciences'],3
Paper 2266,['Earth Systems and Environmental Sciences'],3
Paper 2267,['Philosophy'],2
Paper 2268,"['Communication, Cultural and Media Studies, Library and Information Management']",3
Paper 2269,['Mathematical Sciences'],3
Paper 2270,"['Art and Design: History, Practice and Theory']",3
Paper 2271,"['Biological Sciences', 'Engineering']",3
Paper 2272,['English Language and Literature'],3
Paper 2273,['English Language and Literature'],2
Paper 2274,"['Art and Design: History, Practice and Theory']",3
Paper 2275,['English Language and Literature'],3
Paper 2276,['Computer Science and Informatics'],3
Paper 2277,['Social Work and Social Policy'],2
Paper 2278,['Chemistry'],2
Paper 2279,['Education'],2
Paper 2280,['Engineering'],3
Paper 2281,"['Psychology, Psychiatry and Neuroscience']",3
Paper 2282,['Chemistry'],3
Paper 2283,"['Architecture, Built Environment and Planning']",2
Paper 2284,['Geography and Environmental Studies'],4
Paper 2285,['Economics and Econometrics'],3
Paper 2286,"['Communication, Cultural and Media Studies, Library and Information Management']",2
Paper 2287,"['Communication, Cultural and Media Studies, Library and Information Management']",3
Paper 2288,['Mathematical Sciences'],3
Paper 2289,['Economics and Econometrics'],3
Paper 2290,['Geography and Environmental Studies'],4
Paper 2291,['Chemistry'],3
Paper 2292,['Engineering'],2
Paper 2293,"['Public Health, Health Services and Primary Care']",3
Paper 2294,['Clinical Medicine'],2
Paper 2295,['Business and Management Studies'],2
Paper 2296,"['Allied Health Professions, Dentistry, Nursing and Pharmacy']",3
Paper 2297,"['Psychology, Psychiatry and Neuroscience']",2
Paper 2298,"['Theology and Religious Studies', 'Law']",3
Paper 2299,"['Sport and Exercise Sciences, Leisure and Tourism']",2
Paper 2300,"['Classics', 'Social Work and Social Policy']",3
Paper 2301,['History'],3
Paper 2302,['Mathematical Sciences'],3
Paper 2303,"['Architecture, Built Environment and Planning']",2
Paper 2304,"['Allied Health Professions, Dentistry, Nursing and Pharmacy']",2
Paper 2305,['Education'],1
Paper 2306,['Archaeology'],3
Paper 2307,"['Law', 'Mathematical Sciences']",2
Paper 2308,['Computer Science and Informatics'],3
Paper 2309,['Business and Management Studies'],3
Paper 2310,['Theology and Religious Studies'],3
Paper 2311,"['Physics', 'Social Work and Social Policy']",3
Paper 2312,['Theology and Religious Studies'],3
Paper 2313,"['Agriculture, Food and Veterinary Sciences']",2
Paper 2314,['Physics'],3
Paper 2315,['English Language and Literature'],3
Paper 2316,"['Art and Design: History, Practice and Theory', 'Public Health, Health Services and Primary Care']",3
Paper 2317,"['Music, Drama, Dance, Performing Arts, Film and Screen Studies']",2
Paper 2318,['Philosophy'],3
Paper 2319,['Politics and International Studies'],2
Paper 2320,"['Law', 'Education']",3
Paper 2321,['English Language and Literature'],2
Paper 2322,['Clinical Medicine'],3
Paper 2323,"['Economics and Econometrics', 'Biological Sciences']",2
Paper 2324,"['Music, Drama, Dance, Performing Arts, Film and Screen Studies']",2
Paper 2325,['Biological Sciences'],2
Paper 2326,"['Agriculture, Food and Veterinary Sciences']",3
Paper 2327,"['Engineering', 'Chemistry']",3
Paper 2328,['Archaeology'],3
Paper 2329,['Area Studies'],3
Paper 2330,['Theology and Religious Studies'],3
Paper 2331,['Physics'],3
Paper 2332,['History'],3
Paper 2333,['Modern Languages and Linguistics'],3
Paper 2334,['Computer Science and Informatics'],2
Paper 2335,['Biological Sciences'],2
Paper 2336,['Clinical Medicine'],3
Paper 2337,"['Sport and Exercise Sciences, Leisure and Tourism']",2
Paper 2338,['Computer Science and Informatics'],2
Paper 2339,['Theology and Religious Studies'],2
Paper 2340,"['Communication, Cultural and Media Studies, Library and Information Management']",3
Paper 2341,['Sociology'],3
Paper 2342,['Philosophy'],3
Paper 2343,"['Communication, Cultural and Media Studies, Library and Information Management']",3
Paper 2344,['Mathematical Sciences'],3
Paper 2345,['Modern Languages and Linguistics'],3
Paper 2346,['Physics'],3
Paper 2347,['Theology and Religious Studies'],3
Paper 2348,['Chemistry'],3
Paper 2349,['Archaeology'],3
Paper 2350,['Archaeology'],4
Paper 2351,"['Music, Drama, Dance, Performing Arts, Film and Screen Studies', 'Music, Drama, Dance, Performing Arts, Film and Screen Studies']",2
Paper 2352,"['History', 'Economics and Econometrics']",3
Paper 2353,['Clinical Medicine'],3
Paper 2354,"['Mathematical Sciences', 'Law']",3
Paper 2355,"['Psychology, Psychiatry and Neuroscience']",2
Paper 2356,"['Architecture, Built Environment and Planning']",2
Paper 2357,['Modern Languages and Linguistics'],3
Paper 2358,['Theology and Religious Studies'],2
Paper 2359,['Archaeology'],3
Paper 2360,"['Biological Sciences', 'Architecture, Built Environment and Planning']",2
Paper 2361,"['Psychology, Psychiatry and Neuroscience']",2
Paper 2362,"['Agriculture, Food and Veterinary Sciences', 'Architecture, Built Environment and Planning']",3
Paper 2363,['Computer Science and Informatics'],2
Paper 2364,"['Law', 'Anthropology and Development Studies']",2
Paper 2365,['Engineering'],3
Paper 2366,['Philosophy'],3
Paper 2367,"['Psychology, Psychiatry and Neuroscience']",2
Paper 2368,['Education'],2
Paper 2369,['Archaeology'],3
Paper 2370,"['Music, Drama, Dance, Performing Arts, Film and Screen Studies']",3
Paper 2371,['English Language and Literature'],3
Paper 2372,['Social Work and Social Policy'],2
Paper 2373,['Anthropology and Development Studies'],3
Paper 2374,['Mathematical Sciences'],3
Paper 2375,['Education'],3
Paper 2376,['Business and Management Studies'],3
Paper 2377,"['Earth Systems and Environmental Sciences', 'Modern Languages and Linguistics']",3
Paper 2378,['Theology and Religious Studies'],3
Paper 2379,['Sociology'],2
Paper 2380,"['Agriculture, Food and Veterinary Sciences']",3
Paper 2381,['Archaeology'],3
Paper 2382,['Philosophy'],2
Paper 2383,['Biological Sciences'],3
Paper 2384,['English Language and Literature'],3
Paper 2385,"['Area Studies', 'History']",3
Paper 2386,['Economics and Econometrics'],2
Paper 2387,['Anthropology and Development Studies'],3
Paper 2388,['Computer Science and Informatics'],2
Paper 2389,"['Psychology, Psychiatry and Neuroscience']",3
Paper 2390,['Anthropology and Development Studies'],2
Paper 2391,['History'],3
Paper 2392,"['Law', 'Economics and Econometrics']",3
Paper 2393,['Archaeology'],3
Paper 2394,['Mathematical Sciences'],3
Paper 2395,"['Mathematical Sciences', 'Law']",3
Paper 2396,['Physics'],3
Paper 2397,['Modern Languages and Linguistics'],3
Paper 2398,['Clinical Medicine'],3
Paper 2399,"['Area Studies', 'Allied Health Professions, Dentistry, Nursing and Pharmacy']",2
Paper 2400,"['Politics and International Studies', 'Earth Systems and Environmental Sciences']",3
Paper 2401,['Clinical Medicine'],3
Paper 2402,['Social Work and Social Policy'],2
Paper 2403,"['Sport and Exercise Sciences, Leisure and Tourism']",3
Paper 2404,"['Communication, Cultural and Media Studies, Library and Information Management']",2
Paper 2405,['Area Studies'],3
Paper 2406,"['Allied Health Professions, Dentistry, Nursing and Pharmacy']",2
Paper 2407,['Theology and Religious Studies'],3
Paper 2408,['Computer Science and Informatics'],3
Paper 2409,"['Allied Health Professions, Dentistry, Nursing and Pharmacy']",2
Paper 2410,['Politics and International Studies'],3
Paper 2411,"['Allied Health Professions, Dentistry, Nursing and Pharmacy', 'Philosophy']",3
Paper 2412,"['Communication, Cultural and Media Studies, Library and Information Management', 'Architecture, Built Environment and Planning']",3
Paper 2413,['Computer Science and Informatics'],3
Paper 2414,['Mathematical Sciences'],2
Paper 2415,['Physics'],3
Paper 2416,['Mathematical Sciences'],3
Paper 2417,"['Allied Health Professions, Dentistry, Nursing and Pharmacy', 'Clinical Medicine']",3
Paper 2418,['Business and Management Studies'],2
Paper 2419,['Classics'],3
Paper 2420,['Biological Sciences'],3
Paper 2421,['Geography and Environmental Studies'],3
Paper 2422,"['Biological Sciences', 'Modern Languages and Linguistics']",3
Paper 2423,['Mathematical Sciences'],2
Paper 2424,['English Language and Literature'],2
Paper 2425,"['Public Health, Health Services and Primary Care', 'Sport and Exercise Sciences, Leisure and Tourism']",3
Paper 2426,['Education'],2
Paper 2427,['Clinical Medicine'],3
Paper 2428,['Anthropology and Development Studies'],3
Paper 2429,['Computer Science and Informatics'],3
Paper 2430,"['Architecture, Built Environment and Planning']",2
Paper 2431,['Anthropology and Development Studies'],2
Paper 2432,"['Agriculture, Food and Veterinary Sciences']",3
Paper 2433,"['Anthropology and Development Studies', 'Archaeology']",3
Paper 2434,"['Psychology, Psychiatry and Neuroscience', 'Engineering']",2
Paper 2435,['Theology and Religious Studies'],3
Paper 2436,['Biological Sciences'],3
Paper 2437,"['Music, Drama, Dance, Performing Arts, Film and Screen Studies']",3
Paper 2438,['Geography and Environmental Studies'],3
Paper 2439,"['Public Health, Health Services and Primary Care']",3
Paper 2440,['Clinical Medicine'],3
Paper 2441,['Theology and Religious Studies'],2
Paper 2442,['Chemistry'],3
Paper 2443,['Chemistry'],3
Paper 2444,"['Music, Drama, Dance, Performing Arts, Film and Screen Studies']",2
Paper 2445,['Economics and Econometrics'],3
Paper 2446,['Computer Science and Informatics'],3
Paper 2447,"['Allied Health Professions, Dentistry, Nursing and Pharmacy']",3
Paper 2448,['Earth Systems and Environmental Sciences'],3
Paper 2449,['Social Work and Social Policy'],3
Paper 2450,['Law'],2
Paper 2451,"['Psychology, Psychiatry and Neuroscience']",3
Paper 2452,['Anthropology and Development Studies'],3
Paper 2453,['Social Work and Social Policy'],3
Paper 2454,"['Art and Design: History, Practice and Theory']",3
Paper 2455,['Theology and Religious Studies'],3
Paper 2456,"['Sport and Exercise Sciences, Leisure and Tourism']",3
Paper 2457,['Clinical Medicine'],3
Paper 2458,"['Public Health, Health Services and Primary Care']",3
Paper 2459,"['Sport and Exercise Sciences, Leisure and Tourism']",3
Paper 2460,['Area Studies'],3
Paper 2461,['Computer Science and Informatics'],3
Paper 2462,"['Agriculture, Food and Veterinary Sciences']",2
Paper 2463,['English Language and Literature'],3
Paper 2464,['Earth Systems and Environmental Sciences'],3
Paper 2465,['Computer Science and Informatics'],3
Paper 2466,['Mathematical Sciences'],4
Paper 2467,['Education'],2
Paper 2468,['Economics and Econometrics'],2
Paper 2469,"['Psychology, Psychiatry and Neuroscience']",2
Paper 2470,['Social Work and Social Policy'],3
Paper 2471,['Physics'],3
Paper 2472,['English Language and Literature'],2
Paper 2473,['Geography and Environmental Studies'],3
Paper 2474,['Physics'],3
Paper 2475,['Social Work and Social Policy'],3
Paper 2476,['Sociology'],3
Paper 2477,['Mathematical Sciences'],3
Paper 2478,['Mathematical Sciences'],3
Paper 2479,"['Agriculture, Food and Veterinary Sciences']",3
Paper 2480,"['Sociology', 'Politics and International Studies']",2
Paper 2481,['Chemistry'],3
Paper 2482,['Modern Languages and Linguistics'],2
Paper 2483,['Computer Science and Informatics'],3
Paper 2484,['Philosophy'],3
Paper 2485,"['Chemistry', 'Public Health, Health Services and Primary Care']",3
Paper 2486,['Theology and Religious Studies'],2
Paper 2487,['Philosophy'],2
Paper 2488,['Physics'],3
Paper 2489,['Business and Management Studies'],3
Paper 2490,['Theology and Religious Studies'],3
Paper 2491,"['History', 'Public Health, Health Services and Primary Care']",2
Paper 2492,['Archaeology'],3
Paper 2493,"['Communication, Cultural and Media Studies, Library and Information Management']",3
Paper 2494,"['Art and Design: History, Practice and Theory']",3
Paper 2495,"['Public Health, Health Services and Primary Care']",3
Paper 2496,['Classics'],3
Paper 2497,"['Art and Design: History, Practice and Theory']",2
Paper 2498,['Area Studies'],3
Paper 2499,['Mathematical Sciences'],2
Paper 2500,['Clinical Medicine'],3
Paper 2501,['Physics'],3
Paper 2502,"['Communication, Cultural and Media Studies, Library and Information Management']",3
Paper 2503,['Sociology'],2
Paper 2504,['History'],3
Paper 2505,['Economics and Econometrics'],3
Paper 2506,['Computer Science and Informatics'],3
Paper 2507,['Biological Sciences'],2
Paper 2508,"['Earth Systems and Environmental Sciences', 'Sociology']",3
Paper 2509,['Mathematical Sciences'],3
Paper 2510,['Engineering'],3
Paper 2511,['Biological Sciences'],3
Paper 2512,['Anthropology and Development Studies'],3
Paper 2513,['Social Work and Social Policy'],2
Paper 2514,['Chemistry'],3
Paper 2515,['Geography and Environmental Studies'],3
Paper 2516,['Computer Science and Informatics'],2
Paper 2517,['Politics and International Studies'],3
Paper 2518,['Chemistry'],3
Paper 2519,"['Agriculture, Food and Veterinary Sciences']",3
Paper 2520,['Classics'],3
Paper 2521,['Biological Sciences'],3
Paper 2522,['Sociology'],2
Paper 2523,['Geography and Environmental Studies'],2
Paper 2524,['Education'],3
Paper 2525,['Education'],2
Paper 2526,"['Law', 'Computer Science and Informatics']",3
Paper 2527,"['Art and Design: History, Practice and Theory']",2
Paper 2528,['Engineering'],2
Paper 2529,['History'],3
Paper 2530,"['Architecture, Built Environment and Planning']",3
Paper 2531,['Business and Management Studies'],2
Paper 2532,['Modern Languages and Linguistics'],3
Paper 2533,['Physics'],3
Paper 2534,['Sociology'],3
Paper 2535,['Engineering'],3
Paper 2536,"['Agriculture, Food and Veterinary Sciences']",3
Paper 2537,['Modern Languages and Linguistics'],3
Paper 2538,['Physics'],3
Paper 2539,['Sociology'],2
Paper 2540,['Business and Management Studies'],2
Paper 2541,['Engineering'],2
Paper 2542,['Earth Systems and Environmental Sciences'],3
Paper 2543,"['Psychology, Psychiatry and Neuroscience']",2
Paper 2544,"['Architecture, Built Environment and Planning']",4
Paper 2545,"['Music, Drama, Dance, Performing Arts, Film and Screen Studies']",3
Paper 2546,['Clinical Medicine'],2
Paper 2547,['Physics'],3
Paper 2548,"['Communication, Cultural and Media Studies, Library and Information Management']",2
Paper 2549,['Philosophy'],3
Paper 2550,['Mathematical Sciences'],2
Paper 2551,['Social Work and Social Policy'],2
Paper 2552,"['English Language and Literature', 'Engineering']",3
Paper 2553,['Biological Sciences'],3
Paper 2554,"['Agriculture, Food and Veterinary Sciences']",3
Paper 2555,"['Psychology, Psychiatry and Neuroscience', 'Computer Science and Informatics']",3
Paper 2556,"['Communication, Cultural and Media Studies, Library and Information Management']",3
Paper 2557,['Area Studies'],3
Paper 2558,['Education'],2
Paper 2559,"['Music, Drama, Dance, Performing Arts, Film and Screen Studies']",2
Paper 2560,['Sociology'],3
Paper 2561,['Biological Sciences'],3
Paper 2562,"['Art and Design: History, Practice and Theory']",3
Paper 2563,"['Education', 'Social Work and Social Policy']",3
Paper 2564,['Computer Science and Informatics'],2
Paper 2565,['Biological Sciences'],3
Paper 2566,['Business and Management Studies'],3
Paper 2567,['Business and Management Studies'],3
Paper 2568,['Chemistry'],3
Paper 2569,['Anthropology and Development Studies'],3
Paper 2570,"['Anthropology and Development Studies', 'Art and Design: History, Practice and Theory']",2
Paper 2571,['Earth Systems and Environmental Sciences'],3
Paper 2572,['History'],3
Paper 2573,['Law'],3
Paper 2574,"['Allied Health Professions, Dentistry, Nursing and Pharmacy']",3
Paper 2575,"['Music, Drama, Dance, Performing Arts, Film and Screen Studies']",3
Paper 2576,"['Modern Languages and Linguistics', 'Archaeology']",2
Paper 2577,['Anthropology and Development Studies'],3
Paper 2578,['Theology and Religious Studies'],3
Paper 2579,['Engineering'],2
Paper 2580,['Classics'],3
Paper 2581,['Philosophy'],3
Paper 2582,['History'],2
Paper 2583,['Geography and Environmental Studies'],2
Paper 2584,['Politics and International Studies'],2
Paper 2585,['Geography and Environmental Studies'],3
Paper 2586,"['Psychology, Psychiatry and Neuroscience']",2
Paper 2587,['Theology and Religious Studies'],3
Paper 2588,"['Sport and Exercise Sciences, Leisure and Tourism']",2
Paper 2589,['Mathematical Sciences'],3
Paper 2590,['English Language and Literature'],3
Paper 2591,"['Music, Drama, Dance, Performing Arts, Film and Screen Studies']",2
Paper 2592,['Classics'],3
Paper 2593,['Economics and Econometrics'],2
Paper 2594,['Physics'],3
Paper 2595,['Chemistry'],3
Paper 2596,['Physics'],2
Paper 2597,['Law'],2
Paper 2598,['Economics and Econometrics'],3
Paper 2599,['Sociology'],2
Paper 2600,"['Communication, Cultural and Media Studies, Library and Information Management']",3
Paper 2601,"['Allied Health Professions, Dentistry, Nursing and Pharmacy', 'Music, Drama, Dance, Performing Arts, Film and Screen Studies']",4
Paper 2602,['Archaeology'],3
Paper 2603,['Law'],3
Paper 2604,['Geography and Environmental Studies'],3
Paper 2605,['Business and Management Studies'],3
Paper 2606,"['Public Health, Health Services and Primary Care']",2
Paper 2607,"['Music, Drama, Dance, Performing Arts, Film and Screen Studies', 'Geography and Environmental Studies']",3
Paper 2608,"['Psychology, Psychiatry and Neuroscience']",2
Paper 2609,['Area Studies'],3
Paper 2610,['Computer Science and Informatics'],3
Paper 2611,"['Sport and Exercise Sciences, Leisure and Tourism']",3
Paper 2612,['Education'],1
Paper 2613,['Theology and Religious Studies'],2
Paper 2614,['Area Studies'],3
Paper 2615,['Archaeology'],2
Paper 2616,['Biological Sciences'],2
Paper 2617,['Modern Languages and Linguistics'],2
Paper 2618,['Engineering'],2
Paper 2619,"['Communication, Cultural and Media Studies, Library and Information Management']",3
Paper 2620,['Sociology'],2
Paper 2621,"['History', 'English Language and Literature']",3
Paper 2622,['Economics and Econometrics'],4
Paper 2623,"['Agriculture, Food and Veterinary Sciences']",3
Paper 2624,['Politics and International Studies'],3
Paper 2625,['Classics'],3
Paper 2626,['Physics'],3
Paper 2627,['Area Studies'],3
Paper 2628,['Clinical Medicine'],3
Paper 2629,"['Communication, Cultural and Media Studies, Library and Information Management']",3
Paper 2630,['Engineering'],2
Paper 2631,['Physics'],3
Paper 2632,['Economics and Econometrics'],3
Paper 2633,['Anthropology and Development Studies'],3
Paper 2634,['Social Work and Social Policy'],2
Paper 2635,['English Language and Literature'],3
Paper 2636,"['Communication, Cultural and Media Studies, Library and Information Management']",3
Paper 2637,['Geography and Environmental Studies'],3
Paper 2638,"['Public Health, Health Services and Primary Care']",3
Paper 2639,['Theology and Religious Studies'],2
Paper 2640,['Archaeology'],3
Paper 2641,['Mathematical Sciences'],3
Paper 2642,['Economics and Econometrics'],3
Paper 2643,['Anthropology and Development Studies'],2
Paper 2644,"['Architecture, Built Environment and Planning']",2
Paper 2645,['Theology and Religious Studies'],3
Paper 2646,['Modern Languages and Linguistics'],2
Paper 2647,['Clinical Medicine'],3
Paper 2648,['Computer Science and Informatics'],2
Paper 2649,['History'],2
Paper 2650,['Geography and Environmental Studies'],2
Paper 2651,['Mathematical Sciences'],2
Paper 2652,['Business and Management Studies'],3
Paper 2653,['Social Work and Social Policy'],2
Paper 2654,['Social Work and Social Policy'],2
Paper 2655,"['Archaeology', 'Public Health, Health Services and Primary Care']",2
Paper 2656,['Theology and Religious Studies'],3
Paper 2657,"['Allied Health Professions, Dentistry, Nursing and Pharmacy']",3
Paper 2658,['Biological Sciences'],3
Paper 2659,['Theology and Religious Studies'],2
Paper 2660,['Physics'],3
Paper 2661,"['Education', 'Public Health, Health Services and Primary Care']",3
Paper 2662,"['Music, Drama, Dance, Performing Arts, Film and Screen Studies', 'Theology and Religious Studies']",2
Paper 2663,['Earth Systems and Environmental Sciences'],3
Paper 2664,['Biological Sciences'],3
Paper 2665,"['Physics', 'Public Health, Health Services and Primary Care']",3
Paper 2666,['Biological Sciences'],4
Paper 2667,['Sociology'],3
Paper 2668,['Chemistry'],3
Paper 2669,['Education'],2
Paper 2670,['Area Studies'],3
Paper 2671,"['Music, Drama, Dance, Performing Arts, Film and Screen Studies']",3
Paper 2672,['Mathematical Sciences'],2
Paper 2673,"['Sport and Exercise Sciences, Leisure and Tourism']",3
Paper 2674,['Earth Systems and Environmental Sciences'],3
Paper 2675,['Physics'],3
Paper 2676,"['Art and Design: History, Practice and Theory']",3
Paper 2677,"['Sport and Exercise Sciences, Leisure and Tourism']",3
Paper 2678,['Geography and Environmental Studies'],3
Paper 2679,['Philosophy'],3
Paper 2680,['Anthropology and Development Studies'],3
Paper 2681,"['Art and Design: History, Practice and Theory']",3
Paper 2682,['Biological Sciences'],2
Paper 2683,['Physics'],3
Paper 2684,['Philosophy'],2
Paper 2685,['Engineering'],2
Paper 2686,['Area Studies'],3
Paper 2687,['Archaeology'],3
Paper 2688,['Politics and International Studies'],2
Paper 2689,"['Psychology, Psychiatry and Neuroscience']",3
Paper 2690,"['Psychology, Psychiatry and Neuroscience', 'Physics']",3
Paper 2691,['Social Work and Social Policy'],2
Paper 2692,['Education'],2
Paper 2693,['Engineering'],2
Paper 2694,"['Sport and Exercise Sciences, Leisure and Tourism']",3
Paper 2695,['Physics'],3
Paper 2696,['History'],1
Paper 2697,['Physics'],3
Paper 2698,['Archaeology'],3
Paper 2699,"['Art and Design: History, Practice and Theory']",2
Paper 2700,"['Art and Design: History, Practice and Theory']",3
Paper 2701,['Anthropology and Development Studies'],3
Paper 2702,['Engineering'],2
Paper 2703,['Engineering'],3
Paper 2704,['Classics'],3
Paper 2705,"['Public Health, Health Services and Primary Care']",2
Paper 2706,"['Architecture, Built Environment and Planning']",3
Paper 2707,['Philosophy'],2
Paper 2708,['Earth Systems and Environmental Sciences'],2
Paper 2709,"['Politics and International Studies', 'Public Health, Health Services and Primary Care']",3
Paper 2710,['Physics'],3
Paper 2711,"['Sport and Exercise Sciences, Leisure and Tourism']",3
Paper 2712,['Social Work and Social Policy'],3
Paper 2713,['Computer Science and Informatics'],3
Paper 2714,['History'],2
Paper 2715,['Sociology'],2
Paper 2716,['Theology and Religious Studies'],2
Paper 2717,['Law'],2
Paper 2718,"['Sport and Exercise Sciences, Leisure and Tourism']",2
Paper 2719,"['History', 'Economics and Econometrics']",3
Paper 2720,"['Architecture, Built Environment and Planning']",3
Paper 2721,['Economics and Econometrics'],2
Paper 2722,['Politics and International Studies'],3
Paper 2723,['Law'],2
Paper 2724,"['Communication, Cultural and Media Studies, Library and Information Management']",3
Paper 2725,"['Art and Design: History, Practice and Theory']",2
Paper 2726,['Physics'],3
Paper 2727,"['Architecture, Built Environment and Planning']",3
Paper 2728,"['Music, Drama, Dance, Performing Arts, Film and Screen Studies']",3
Paper 2729,['Politics and International Studies'],3
Paper 2730,['Engineering'],2
Paper 2731,['Physics'],3
Paper 2732,['Philosophy'],2
Paper 2733,['Archaeology'],3
Paper 2734,['Law'],2
Paper 2735,['Sociology'],3
Paper 2736,"['Philosophy', 'Earth Systems and Environmental Sciences']",3
Paper 2737,['Clinical Medicine'],3
Paper 2738,['Politics and International Studies'],2
Paper 2739,['Computer Science and Informatics'],3
Paper 2740,['History'],3
Paper 2741,"['Geography and Environmental Studies', 'Geography and Environmental Studies']",2
Paper 2742,['Classics'],3
Paper 2743,['Economics and Econometrics'],2
Paper 2744,['Earth Systems and Environmental Sciences'],3
Paper 2745,['Anthropology and Development Studies'],3
Paper 2746,['Social Work and Social Policy'],4
Paper 2747,"['Sport and Exercise Sciences, Leisure and Tourism']",3
Paper 2748,['Earth Systems and Environmental Sciences'],3
Paper 2749,"['Art and Design: History, Practice and Theory']",3
Paper 2750,"['Economics and Econometrics', 'Engineering']",3
Paper 2751,['Area Studies'],3
Paper 2752,['Classics'],3
Paper 2753,['History'],2
Paper 2754,['Computer Science and Informatics'],2
Paper 2755,['Chemistry'],3
Paper 2756,['Social Work and Social Policy'],3
Paper 2757,['Computer Science and Informatics'],3
Paper 2758,['Clinical Medicine'],3
Paper 2759,"['Art and Design: History, Practice and Theory']",3
Paper 2760,['Economics and Econometrics'],3
Paper 2761,['Politics and International Studies'],3
Paper 2762,"['Music, Drama, Dance, Performing Arts, Film and Screen Studies']",3
Paper 2763,"['Sport and Exercise Sciences, Leisure and Tourism']",2
Paper 2764,['Classics'],3
Paper 2765,['Earth Systems and Environmental Sciences'],3
Paper 2766,"['Allied Health Professions, Dentistry, Nursing and Pharmacy']",3
Paper 2767,['Business and Management Studies'],2
Paper 2768,['Area Studies'],3
Paper 2769,"['Communication, Cultural and Media Studies, Library and Information Management']",2
Paper 2770,['Clinical Medicine'],3
Paper 2771,['Archaeology'],3
Paper 2772,['Business and Management Studies'],2
Paper 2773,['Mathematical Sciences'],3
Paper 2774,['Law'],2
Paper 2775,"['Sociology', 'Physics']",3
Paper 2776,['Mathematical Sciences'],3
Paper 2777,['Physics'],3
Paper 2778,['Engineering'],3
Paper 2779,"['Music, Drama, Dance, Performing Arts, Film and Screen Studies']",3
Paper 2780,['Philosophy'],3
Paper 2781,['Politics and International Studies'],2
Paper 2782,"['Sport and Exercise Sciences, Leisure and Tourism']",3
Paper 2783,['Modern Languages and Linguistics'],2
Paper 2784,['Modern Languages and Linguistics'],3
Paper 2785,['Chemistry'],3
Paper 2786,"['Allied Health Professions, Dentistry, Nursing and Pharmacy']",3
Paper 2787,['Social Work and Social Policy'],2
Paper 2788,['Mathematical Sciences'],3
Paper 2789,['Politics and International Studies'],2
Paper 2790,"['Music, Drama, Dance, Performing Arts, Film and Screen Studies']",3
Paper 2791,['Clinical Medicine'],3
Paper 2792,['Chemistry'],3
Paper 2793,['Theology and Religious Studies'],3
Paper 2794,"['Economics and Econometrics', 'Music, Drama, Dance, Performing Arts, Film and Screen Studies']",2
Paper 2795,['Engineering'],3
Paper 2796,['Economics and Econometrics'],3
Paper 2797,['Biological Sciences'],3
Paper 2798,['Physics'],3
Paper 2799,['Philosophy'],3
Paper 2800,['Archaeology'],2
Paper 2801,['Biological Sciences'],3
Paper 2802,"['Business and Management Studies', 'Philosophy']",3
Paper 2803,"['Education', 'Psychology, Psychiatry and Neuroscience']",3
Paper 2804,"['Architecture, Built Environment and Planning']",2
Paper 2805,['History'],2
Paper 2806,"['Art and Design: History, Practice and Theory']",2
Paper 2807,['Theology and Religious Studies'],2
Paper 2808,['Geography and Environmental Studies'],2
Paper 2809,"['Sport and Exercise Sciences, Leisure and Tourism']",2
Paper 2810,['Clinical Medicine'],3
Paper 2811,['Law'],3
Paper 2812,['Engineering'],3
Paper 2813,['Sociology'],2
Paper 2814,['Area Studies'],3
Paper 2815,['Economics and Econometrics'],3
Paper 2816,"['Archaeology', 'Art and Design: History, Practice and Theory']",2
Paper 2817,"['Art and Design: History, Practice and Theory']",3
Paper 2818,['Chemistry'],3
Paper 2819,['Law'],2
Paper 2820,"['Music, Drama, Dance, Performing Arts, Film and Screen Studies']",3
Paper 2821,['Chemistry'],3
Paper 2822,['Law'],3
Paper 2823,['Physics'],3
Paper 2824,['Modern Languages and Linguistics'],3
Paper 2825,['Education'],1
Paper 2826,['Sociology'],3
Paper 2827,['Archaeology'],2
Paper 2828,"['Agriculture, Food and Veterinary Sciences']",3
Paper 2829,['Social Work and Social Policy'],3
Paper 2830,['Education'],1
Paper 2831,"['Physics', 'Art and Design: History, Practice and Theory']",3
Paper 2832,['Physics'],3
Paper 2833,"['Engineering', 'Education']",3
Paper 2834,"['Architecture, Built Environment and Planning', 'Public Health, Health Services and Primary Care']",2
Paper 2835,['Law'],2
Paper 2836,"['Communication, Cultural and Media Studies, Library and Information Management']",2
Paper 2837,['Theology and Religious Studies'],2
Paper 2838,"['Art and Design: History, Practice and Theory']",2
Paper 2839,"['Engineering', 'Sociology']",2
Paper 2840,['Law'],2
Paper 2841,"['Art and Design: History, Practice and Theory']",3
Paper 2842,['Sociology'],2
Paper 2843,['Chemistry'],2
Paper 2844,['Law'],3
Paper 2845,['Geography and Environmental Studies'],2
Paper 2846,['Earth Systems and Environmental Sciences'],3
Paper 2847,"['Public Health, Health Services and Primary Care', 'Physics']",3
Paper 2848,['Computer Science and Informatics'],3
Paper 2849,['Business and Management Studies'],2
Paper 2850,['Biological Sciences'],3
Paper 2851,['Modern Languages and Linguistics'],3
Paper 2852,['Chemistry'],3
Paper 2853,"['Architecture, Built Environment and Planning']",2
Paper 2854,['Earth Systems and Environmental Sciences'],3
Paper 2855,['Biological Sciences'],2
Paper 2856,['Anthropology and Development Studies'],2
Paper 2857,['Anthropology and Development Studies'],3
Paper 2858,"['Art and Design: History, Practice and Theory']",2
Paper 2859,['Mathematical Sciences'],3
Paper 2860,['Anthropology and Development Studies'],3
Paper 2861,"['Art and Design: History, Practice and Theory']",3
Paper 2862,['Modern Languages and Linguistics'],3
Paper 2863,['Area Studies'],3
Paper 2864,"['Sport and Exercise Sciences, Leisure and Tourism']",3
Paper 2865,['Anthropology and Development Studies'],3
Paper 2866,['Earth Systems and Environmental Sciences'],3
Paper 2867,['Clinical Medicine'],3
Paper 2868,['Physics'],3
Paper 2869,"['Archaeology', 'Philosophy']",3
Paper 2870,['Law'],3
Paper 2871,['Engineering'],2
Paper 2872,['Biological Sciences'],2
Paper 2873,['Computer Science and Informatics'],2
Paper 2874,['Education'],2
Paper 2875,"['Art and Design: History, Practice and Theory']",3
Paper 2876,"['Law', 'English Language and Literature']",3
Paper 2877,"['Public Health, Health Services and Primary Care']",3
Paper 2878,"['Music, Drama, Dance, Performing Arts, Film and Screen Studies']",3
Paper 2879,"['Economics and Econometrics', 'Philosophy']",3
Paper 2880,"['Music, Drama, Dance, Performing Arts, Film and Screen Studies']",2
Paper 2881,['Sociology'],3
Paper 2882,['Mathematical Sciences'],3
Paper 2883,"['Music, Drama, Dance, Performing Arts, Film and Screen Studies']",2
Paper 2884,['Engineering'],3
Paper 2885,['History'],2
Paper 2886,['History'],2
Paper 2887,"['Art and Design: History, Practice and Theory']",3
Paper 2888,['Archaeology'],3
Paper 2889,['Business and Management Studies'],3
Paper 2890,['History'],3
Paper 2891,"['Allied Health Professions, Dentistry, Nursing and Pharmacy']",3
Paper 2892,"['Art and Design: History, Practice and Theory']",2
Paper 2893,['Business and Management Studies'],2
Paper 2894,"['Chemistry', 'Philosophy']",3
Paper 2895,['Sociology'],3
Paper 2896,['Geography and Environmental Studies'],2
Paper 2897,"['Mathematical Sciences', 'Mathematical Sciences']",2
Paper 2898,['Modern Languages and Linguistics'],3
Paper 2899,"['Agriculture, Food and Veterinary Sciences']",3
Paper 2900,"['Chemistry', 'Biological Sciences']",3
Paper 2901,['Geography and Environmental Studies'],3
Paper 2902,"['Agriculture, Food and Veterinary Sciences']",3
Paper 2903,"['Communication, Cultural and Media Studies, Library and Information Management']",3
Paper 2904,['History'],2
Paper 2905,['History'],2
Paper 2906,['Earth Systems and Environmental Sciences'],2
Paper 2907,"['Allied Health Professions, Dentistry, Nursing and Pharmacy']",3
Paper 2908,['Mathematical Sciences'],3
Paper 2909,['Physics'],3
Paper 2910,['Geography and Environmental Studies'],2
Paper 2911,['Modern Languages and Linguistics'],3
Paper 2912,"['Allied Health Professions, Dentistry, Nursing and Pharmacy']",3
Paper 2913,"['Communication, Cultural and Media Studies, Library and Information Management']",2
Paper 2914,['Business and Management Studies'],1
Paper 2915,['English Language and Literature'],3
Paper 2916,"['Communication, Cultural and Media Studies, Library and Information Management']",3
Paper 2917,"['Theology and Religious Studies', 'Psychology, Psychiatry and Neuroscience']",2
Paper 2918,"['Music, Drama, Dance, Performing Arts, Film and Screen Studies']",2
Paper 2919,"['Psychology, Psychiatry and Neuroscience']",2
Paper 2920,"['Music, Drama, Dance, Performing Arts, Film and Screen Studies']",3
Paper 2921,"['Sport and Exercise Sciences, Leisure and Tourism']",3
Paper 2922,['Philosophy'],2
Paper 2923,['Philosophy'],2
Paper 2924,"['Music, Drama, Dance, Performing Arts, Film and Screen Studies']",3
Paper 2925,['Archaeology'],3
Paper 2926,"['Psychology, Psychiatry and Neuroscience', 'Business and Management Studies']",2
Paper 2927,"['Allied Health Professions, Dentistry, Nursing and Pharmacy']",2
Paper 2928,['Geography and Environmental Studies'],2
Paper 2929,['Physics'],3
Paper 2930,['English Language and Literature'],3
Paper 2931,['Computer Science and Informatics'],4
Paper 2932,['Earth Systems and Environmental Sciences'],3
Paper 2933,['Classics'],3
Paper 2934,"['Public Health, Health Services and Primary Care']",3
Paper 2935,['Computer Science and Informatics'],2
Paper 2936,"['Art and Design: History, Practice and Theory']",3
Paper 2937,['Computer Science and Informatics'],3
Paper 2938,"['Communication, Cultural and Media Studies, Library and Information Management']",2
Paper 2939,['Mathematical Sciences'],3
Paper 2940,"['Art and Design: History, Practice and Theory']",3
Paper 2941,"['Communication, Cultural and Media Studies, Library and Information Management', 'Politics and International Studies']",3
Paper 2942,['History'],2
Paper 2943,"['Psychology, Psychiatry and Neuroscience']",2
Paper 2944,['Education'],1
Paper 2945,['Archaeology'],3
Paper 2946,['Anthropology and Development Studies'],3
Paper 2947,['Philosophy'],3
Paper 2948,['Philosophy'],3
Paper 2949,['Sociology'],2
Paper 2950,['Philosophy'],2
Paper 2951,['Computer Science and Informatics'],3
Paper 2952,['Mathematical Sciences'],3
Paper 2953,['History'],3
Paper 2954,"['Sport and Exercise Sciences, Leisure and Tourism']",3
Paper 2955,['Computer Science and Informatics'],2
Paper 2956,['Business and Management Studies'],3
Paper 2957,['Computer Science and Informatics'],3
Paper 2958,['Biological Sciences'],2
Paper 2959,"['Psychology, Psychiatry and Neuroscience']",3
Paper 2960,"['Music, Drama, Dance, Performing Arts, Film and Screen Studies']",2
Paper 2961,"['Communication, Cultural and Media Studies, Library and Information Management']",2
Paper 2962,['Economics and Econometrics'],3
Paper 2963,['Clinical Medicine'],3
Paper 2964,['Physics'],3
Paper 2965,"['Music, Drama, Dance, Performing Arts, Film and Screen Studies']",3
Paper 2966,"['Public Health, Health Services and Primary Care']",3
Paper 2967,['Physics'],3
Paper 2968,['Computer Science and Informatics'],2
Paper 2969,['Chemistry'],2
Paper 2970,"['Physics', 'Sport and Exercise Sciences, Leisure and Tourism']",2
Paper 2971,['Area Studies'],3
Paper 2972,['Computer Science and Informatics'],3
Paper 2973,"['Earth Systems and Environmental Sciences', 'Archaeology']",2
Paper 2974,['English Language and Literature'],3
Paper 2975,['Geography and Environmental Studies'],3
Paper 2976,['Business and Management Studies'],3
Paper 2977,['Anthropology and Development Studies'],2
Paper 2978,['Chemistry'],3
Paper 2979,['History'],3
Paper 2980,['Modern Languages and Linguistics'],3
Paper 2981,['History'],3
Paper 2982,['Clinical Medicine'],3
Paper 2983,['Modern Languages and Linguistics'],3
Paper 2984,['Archaeology'],3
Paper 2985,['Archaeology'],3
Paper 2986,['Social Work and Social Policy'],2
Paper 2987,['Engineering'],2
Paper 2988,"['Engineering', 'Business and Management Studies']",2
Paper 2989,['Geography and Environmental Studies'],3
Paper 2990,['Biological Sciences'],4
Paper 2991,['History'],2
Paper 2992,['Economics and Econometrics'],4
Paper 2993,['History'],2
Paper 2994,['Business and Management Studies'],2
Paper 2995,"['Psychology, Psychiatry and Neuroscience', 'Allied Health Professions, Dentistry, Nursing and Pharmacy']",2
Paper 2996,"['Agriculture, Food and Veterinary Sciences', 'Allied Health Professions, Dentistry, Nursing and Pharmacy']",4
Paper 2997,"['Architecture, Built Environment and Planning']",3
Paper 2998,['Engineering'],2
Paper 2999,['Theology and Religious Studies'],2
Paper 3000,"['Architecture, Built Environment and Planning', 'Computer Science and Informatics']",3
Paper 3001,['Mathematical Sciences'],3
Paper 3002,['Geography and Environmental Studies'],2
Paper 3003,"['Agriculture, Food and Veterinary Sciences']",3
Paper 3004,"['Agriculture, Food and Veterinary Sciences']",2
Paper 3005,['Anthropology and Development Studies'],3
Paper 3006,['Anthropology and Development Studies'],3
Paper 3007,['Business and Management Studies'],3
Paper 3008,['Philosophy'],3
Paper 3009,['Politics and International Studies'],3
Paper 3010,"['Sport and Exercise Sciences, Leisure and Tourism']",2
Paper 3011,"['Public Health, Health Services and Primary Care']",3
Paper 3012,['Business and Management Studies'],2
Paper 3013,"['Communication, Cultural and Media Studies, Library and Information Management']",2
Paper 3014,"['History', 'Law']",3
Paper 3015,['Business and Management Studies'],3
Paper 3016,['Anthropology and Development Studies'],3
Paper 3017,['Social Work and Social Policy'],3
Paper 3018,['Archaeology'],3
Paper 3019,"['Art and Design: History, Practice and Theory']",2
Paper 3020,"['Public Health, Health Services and Primary Care']",3
Paper 3021,"['Art and Design: History, Practice and Theory']",2
Paper 3022,['Earth Systems and Environmental Sciences'],3
Paper 3023,['Computer Science and Informatics'],2
Paper 3024,['English Language and Literature'],3
Paper 3025,['History'],3
Paper 3026,['Physics'],3
Paper 3027,['Business and Management Studies'],3
Paper 3028,"['Communication, Cultural and Media Studies, Library and Information Management']",3
Paper 3029,['History'],2
Paper 3030,['Philosophy'],3
Paper 3031,['Physics'],3
Paper 3032,"['Public Health, Health Services and Primary Care']",3
Paper 3033,['Philosophy'],3
Paper 3034,"['Public Health, Health Services and Primary Care']",2
Paper 3035,"['Art and Design: History, Practice and Theory']",2
Paper 3036,['History'],2
Paper 3037,"['Sport and Exercise Sciences, Leisure and Tourism']",3
Paper 3038,['Sociology'],3
Paper 3039,['Modern Languages and Linguistics'],3
Paper 3040,['Modern Languages and Linguistics'],3
Paper 3041,['Clinical Medicine'],3
Paper 3042,['Archaeology'],3
Paper 3043,['Computer Science and Informatics'],4
Paper 3044,['Anthropology and Development Studies'],3
Paper 3045,['Computer Science and Informatics'],2
Paper 3046,['Theology and Religious Studies'],3
Paper 3047,['Politics and International Studies'],3
Paper 3048,['Area Studies'],3
Paper 3049,"['Sport and Exercise Sciences, Leisure and Tourism']",2
Paper 3050,['Computer Science and Informatics'],2
Paper 3051,"['Chemistry', 'Psychology, Psychiatry and Neuroscience']",3
Paper 3052,"['Art and Design: History, Practice and Theory']",3
Paper 3053,"['Psychology, Psychiatry and Neuroscience']",2
Paper 3054,['History'],2
Paper 3055,['Geography and Environmental Studies'],3
Paper 3056,['Computer Science and Informatics'],3
Paper 3057,['Philosophy'],2
Paper 3058,['English Language and Literature'],3
Paper 3059,['Chemistry'],3
Paper 3060,['Chemistry'],3
Paper 3061,['Sociology'],2
Paper 3062,['English Language and Literature'],3
Paper 3063,"['Agriculture, Food and Veterinary Sciences']",3
Paper 3064,"['Public Health, Health Services and Primary Care', 'English Language and Literature']",2
Paper 3065,['Anthropology and Development Studies'],3
Paper 3066,"['Psychology, Psychiatry and Neuroscience']",2
Paper 3067,['English Language and Literature'],3
Paper 3068,"['Allied Health Professions, Dentistry, Nursing and Pharmacy']",2
Paper 3069,['Business and Management Studies'],2
Paper 3070,"['Physics', 'Anthropology and Development Studies']",3
Paper 3071,"['Architecture, Built Environment and Planning']",3
Paper 3072,['Sociology'],3
Paper 3073,"['Sport and Exercise Sciences, Leisure and Tourism']",3
Paper 3074,['Area Studies'],3
Paper 3075,['Education'],2
Paper 3076,"['English Language and Literature', 'Psychology, Psychiatry and Neuroscience']",2
Paper 3077,"['Physics', 'Chemistry']",3
Paper 3078,['Theology and Religious Studies'],2
Paper 3079,['Economics and Econometrics'],3
Paper 3080,['Politics and International Studies'],2
Paper 3081,"['Communication, Cultural and Media Studies, Library and Information Management']",3
Paper 3082,['Modern Languages and Linguistics'],3
Paper 3083,['Business and Management Studies'],3
Paper 3084,['Theology and Religious Studies'],2
Paper 3085,['Area Studies'],3
Paper 3086,['Anthropology and Development Studies'],3
Paper 3087,['Sociology'],3
Paper 3088,['Law'],2
Paper 3089,"['Communication, Cultural and Media Studies, Library and Information Management']",2
Paper 3090,['Philosophy'],3
Paper 3091,['Chemistry'],2
Paper 3092,['Business and Management Studies'],2
Paper 3093,['Politics and International Studies'],2
Paper 3094,"['Economics and Econometrics', 'Archaeology']",3
Paper 3095,"['Communication, Cultural and Media Studies, Library and Information Management']",2
Paper 3096,['Anthropology and Development Studies'],3
Paper 3097,['Biological Sciences'],2
Paper 3098,"['Music, Drama, Dance, Performing Arts, Film and Screen Studies']",3
Paper 3099,['Area Studies'],2
Paper 3100,"['Agriculture, Food and Veterinary Sciences']",2
Paper 3101,['Geography and Environmental Studies'],2
Paper 3102,['History'],2
Paper 3103,"['Allied Health Professions, Dentistry, Nursing and Pharmacy']",3
Paper 3104,"['Music, Drama, Dance, Performing Arts, Film and Screen Studies']",2
Paper 3105,"['Art and Design: History, Practice and Theory']",2
Paper 3106,['Computer Science and Informatics'],3
Paper 3107,['History'],2
Paper 3108,['Business and Management Studies'],2
Paper 3109,['English Language and Literature'],2
Paper 3110,['History'],3
Paper 3111,['Chemistry'],3
Paper 3112,"['Art and Design: History, Practice and Theory']",3
Paper 3113,['English Language and Literature'],4
Paper 3114,"['Architecture, Built Environment and Planning']",2
Paper 3115,['Engineering'],3
Paper 3116,"['Sport and Exercise Sciences, Leisure and Tourism']",3
Paper 3117,['Physics'],2
Paper 3118,['Biological Sciences'],3
Paper 3119,['Earth Systems and Environmental Sciences'],3
Paper 3120,['Earth Systems and Environmental Sciences'],3
Paper 3121,['Theology and Religious Studies'],2
Paper 3122,['Classics'],3
Paper 3123,['Classics'],3
Paper 3124,['Modern Languages and Linguistics'],3
Paper 3125,['Business and Management Studies'],2
Paper 3126,"['Communication, Cultural and Media Studies, Library and Information Management', 'Politics and International Studies']",2
Paper 3127,"['Art and Design: History, Practice and Theory']",3
Paper 3128,['History'],3
Paper 3129,['Chemistry'],3
Paper 3130,"['Allied Health Professions, Dentistry, Nursing and Pharmacy']",2
Paper 3131,['Sociology'],3
Paper 3132,['Earth Systems and Environmental Sciences'],3
Paper 3133,"['Public Health, Health Services and Primary Care']",3
Paper 3134,['English Language and Literature'],2
Paper 3135,"['Music, Drama, Dance, Performing Arts, Film and Screen Studies', 'Philosophy']",3
Paper 3136,['Geography and Environmental Studies'],3
Paper 3137,['Chemistry'],3
Paper 3138,['Chemistry'],3
Paper 3139,"['Politics and International Studies', 'Sociology']",2
Paper 3140,['History'],2
Paper 3141,['English Language and Literature'],3
Paper 3142,"['Law', 'Politics and International Studies']",3
Paper 3143,"['Psychology, Psychiatry and Neuroscience']",3
Paper 3144,['Social Work and Social Policy'],2
Paper 3145,['English Language and Literature'],3
Paper 3146,['Modern Languages and Linguistics'],3
Paper 3147,['Modern Languages and Linguistics'],3
Paper 3148,"['Public Health, Health Services and Primary Care']",2
Paper 3149,"['Music, Drama, Dance, Performing Arts, Film and Screen Studies']",2
Paper 3150,['Physics'],3
Paper 3151,['English Language and Literature'],2
Paper 3152,['Economics and Econometrics'],3
Paper 3153,['Education'],2
Paper 3154,['Chemistry'],3
Paper 3155,['Clinical Medicine'],3
Paper 3156,['Computer Science and Informatics'],2
Paper 3157,['Politics and International Studies'],3
Paper 3158,['Politics and International Studies'],3
Paper 3159,['Geography and Environmental Studies'],2
Paper 3160,"['Geography and Environmental Studies', 'Physics']",2
Paper 3161,['Biological Sciences'],4
Paper 3162,['Modern Languages and Linguistics'],2
Paper 3163,"['Allied Health Professions, Dentistry, Nursing and Pharmacy']",2
Paper 3164,['Earth Systems and Environmental Sciences'],3
Paper 3165,"['Allied Health Professions, Dentistry, Nursing and Pharmacy']",3
Paper 3166,"['Business and Management Studies', 'Communication, Cultural and Media Studies, Library and Information Management']",2
Paper 3167,['Archaeology'],2
Paper 3168,"['Psychology, Psychiatry and Neuroscience']",1
Paper 3169,"['Psychology, Psychiatry and Neuroscience']",2
Paper 3170,['Sociology'],2
Paper 3171,['Physics'],3
Paper 3172,['Theology and Religious Studies'],2
Paper 3173,"['Psychology, Psychiatry and Neuroscience']",2
Paper 3174,"['Communication, Cultural and Media Studies, Library and Information Management']",2
Paper 3175,['Philosophy'],3
Paper 3176,"['Psychology, Psychiatry and Neuroscience']",3
Paper 3177,['Education'],3
Paper 3178,['Classics'],3
Paper 3179,"['Communication, Cultural and Media Studies, Library and Information Management']",3
Paper 3180,"['Biological Sciences', 'Computer Science and Informatics']",3
Paper 3181,['Chemistry'],3
Paper 3182,"['Anthropology and Development Studies', 'Sport and Exercise Sciences, Leisure and Tourism']",3
Paper 3183,['Archaeology'],3
Paper 3184,['Economics and Econometrics'],4
Paper 3185,"['Chemistry', 'History']",3
Paper 3186,['Area Studies'],3
Paper 3187,['Philosophy'],3
Paper 3188,"['English Language and Literature', 'History']",2
Paper 3189,['Anthropology and Development Studies'],3
Paper 3190,"['Agriculture, Food and Veterinary Sciences', 'Sport and Exercise Sciences, Leisure and Tourism']",4
Paper 3191,"['Computer Science and Informatics', 'Communication, Cultural and Media Studies, Library and Information Management']",3
Paper 3192,"['Biological Sciences', 'Theology and Religious Studies']",2
Paper 3193,['Modern Languages and Linguistics'],3
Paper 3194,['Business and Management Studies'],2
Paper 3195,['Law'],4
Paper 3196,['Politics and International Studies'],3
Paper 3197,"['Agriculture, Food and Veterinary Sciences']",2
Paper 3198,['Business and Management Studies'],2
Paper 3199,"['Agriculture, Food and Veterinary Sciences']",3
Paper 3200,['Clinical Medicine'],3
Paper 3201,"['Allied Health Professions, Dentistry, Nursing and Pharmacy']",3
Paper 3202,"['Public Health, Health Services and Primary Care']",3
Paper 3203,"['Communication, Cultural and Media Studies, Library and Information Management', 'Art and Design: History, Practice and Theory']",3
Paper 3204,['Business and Management Studies'],3
Paper 3205,['Archaeology'],3
Paper 3206,['English Language and Literature'],3
Paper 3207,"['Sport and Exercise Sciences, Leisure and Tourism']",3
Paper 3208,['Mathematical Sciences'],3
Paper 3209,['Law'],3
Paper 3210,"['Agriculture, Food and Veterinary Sciences']",3
Paper 3211,['Computer Science and Informatics'],4
Paper 3212,['Mathematical Sciences'],3
Paper 3213,"['Art and Design: History, Practice and Theory']",3
Paper 3214,['Classics'],3
Paper 3215,"['Music, Drama, Dance, Performing Arts, Film and Screen Studies']",2
Paper 3216,['Philosophy'],3
Paper 3217,['Social Work and Social Policy'],2
Paper 3218,['Clinical Medicine'],3
Paper 3219,"['Agriculture, Food and Veterinary Sciences', 'Philosophy']",3
Paper 3220,"['Agriculture, Food and Veterinary Sciences']",3
Paper 3221,['Business and Management Studies'],2
Paper 3222,['Engineering'],2
Paper 3223,['Physics'],3
Paper 3224,['Computer Science and Informatics'],3
Paper 3225,['Physics'],3
Paper 3226,"['Music, Drama, Dance, Performing Arts, Film and Screen Studies']",3
Paper 3227,"['Public Health, Health Services and Primary Care']",3
Paper 3228,['Sociology'],2
Paper 3229,"['Allied Health Professions, Dentistry, Nursing and Pharmacy']",3
Paper 3230,"['Allied Health Professions, Dentistry, Nursing and Pharmacy']",3
Paper 3231,['Biological Sciences'],3
Paper 3232,['Geography and Environmental Studies'],2
Paper 3233,"['Agriculture, Food and Veterinary Sciences']",3
Paper 3234,['Computer Science and Informatics'],2
Paper 3235,['Philosophy'],3
Paper 3236,"['Education', 'Chemistry']",2
Paper 3237,"['Public Health, Health Services and Primary Care']",3
Paper 3238,['Area Studies'],3
Paper 3239,['Archaeology'],2
Paper 3240,['Modern Languages and Linguistics'],3
Paper 3241,['Archaeology'],2
Paper 3242,['Economics and Econometrics'],2
Paper 3243,['Modern Languages and Linguistics'],2
Paper 3244,"['Agriculture, Food and Veterinary Sciences']",2
Paper 3245,['Computer Science and Informatics'],2
Paper 3246,"['Allied Health Professions, Dentistry, Nursing and Pharmacy']",3
Paper 3247,['Engineering'],2
Paper 3248,"['Art and Design: History, Practice and Theory']",3
Paper 3249,['Engineering'],3
Paper 3250,['Modern Languages and Linguistics'],3
Paper 3251,['Biological Sciences'],3
Paper 3252,"['Allied Health Professions, Dentistry, Nursing and Pharmacy']",3
Paper 3253,['Biological Sciences'],2
Paper 3254,['Biological Sciences'],2
Paper 3255,['English Language and Literature'],3
Paper 3256,['Earth Systems and Environmental Sciences'],3
Paper 3257,['Physics'],3
Paper 3258,['Archaeology'],2
Paper 3259,['Area Studies'],3
Paper 3260,['Law'],2
Paper 3261,['Anthropology and Development Studies'],3
Paper 3262,"['English Language and Literature', 'History']",3
Paper 3263,['English Language and Literature'],3
Paper 3264,"['Archaeology', 'Earth Systems and Environmental Sciences']",3
Paper 3265,['Philosophy'],3
Paper 3266,['Economics and Econometrics'],3
Paper 3267,['Anthropology and Development Studies'],3
Paper 3268,"['Biological Sciences', 'Psychology, Psychiatry and Neuroscience']",4
Paper 3269,['Business and Management Studies'],2
Paper 3270,"['Public Health, Health Services and Primary Care']",3
Paper 3271,"['Agriculture, Food and Veterinary Sciences', 'Philosophy']",3
Paper 3272,"['Public Health, Health Services and Primary Care', 'Music, Drama, Dance, Performing Arts, Film and Screen Studies']",3
Paper 3273,"['Allied Health Professions, Dentistry, Nursing and Pharmacy']",2
Paper 3274,['Sociology'],2
Paper 3275,['English Language and Literature'],3
Paper 3276,"['Art and Design: History, Practice and Theory']",2
Paper 3277,"['Public Health, Health Services and Primary Care']",3
Paper 3278,['Social Work and Social Policy'],1
Paper 3279,"['Allied Health Professions, Dentistry, Nursing and Pharmacy']",3
Paper 3280,['English Language and Literature'],3
Paper 3281,['Earth Systems and Environmental Sciences'],3
Paper 3282,['Anthropology and Development Studies'],3
Paper 3283,['Anthropology and Development Studies'],3
Paper 3284,"['Sport and Exercise Sciences, Leisure and Tourism']",2
Paper 3285,['Clinical Medicine'],3
Paper 3286,['Theology and Religious Studies'],3
Paper 3287,['Sociology'],2
Paper 3288,['Law'],2
Paper 3289,['Social Work and Social Policy'],2
Paper 3290,['Physics'],3
Paper 3291,"['Psychology, Psychiatry and Neuroscience']",1
Paper 3292,['Sociology'],2
Paper 3293,['Computer Science and Informatics'],3
Paper 3294,['Area Studies'],3
Paper 3295,['Law'],2
Paper 3296,['Sociology'],2
Paper 3297,['Business and Management Studies'],3
Paper 3298,['Biological Sciences'],3
Paper 3299,"['Geography and Environmental Studies', 'Education']",2
Paper 3300,"['Public Health, Health Services and Primary Care']",3
Paper 3301,['Education'],2
Paper 3302,"['Music, Drama, Dance, Performing Arts, Film and Screen Studies']",3
Paper 3303,"['Mathematical Sciences', 'Art and Design: History, Practice and Theory']",3
Paper 3304,['Geography and Environmental Studies'],3
Paper 3305,['Philosophy'],3
Paper 3306,"['Music, Drama, Dance, Performing Arts, Film and Screen Studies']",3
Paper 3307,['Biological Sciences'],2
Paper 3308,['Earth Systems and Environmental Sciences'],2
Paper 3309,['Physics'],3
Paper 3310,"['Public Health, Health Services and Primary Care']",3
Paper 3311,['Social Work and Social Policy'],2
Paper 3312,['Earth Systems and Environmental Sciences'],3
Paper 3313,"['Art and Design: History, Practice and Theory']",2
Paper 3314,['Computer Science and Informatics'],2
Paper 3315,['Biological Sciences'],2
Paper 3316,['Social Work and Social Policy'],2
Paper 3317,['Business and Management Studies'],2
Paper 3318,['Computer Science and Informatics'],2
Paper 3319,"['Communication, Cultural and Media Studies, Library and Information Management']",3
Paper 3320,['Earth Systems and Environmental Sciences'],3
Paper 3321,['Classics'],3
Paper 3322,['Social Work and Social Policy'],3
Paper 3323,['Biological Sciences'],2
Paper 3324,['Business and Management Studies'],2
Paper 3325,"['Music, Drama, Dance, Performing Arts, Film and Screen Studies']",2
Paper 3326,['History'],2
Paper 3327,"['Social Work and Social Policy', 'Politics and International Studies']",3
Paper 3328,"['Modern Languages and Linguistics', 'Economics and Econometrics']",2
Paper 3329,['Theology and Religious Studies'],2
Paper 3330,['History'],2
Paper 3331,['Chemistry'],3
Paper 3332,"['Modern Languages and Linguistics', 'Modern Languages and Linguistics']",2
Paper 3333,['Law'],2
Paper 3334,['Law'],3
Paper 3335,['Geography and Environmental Studies'],2
Paper 3336,['Sociology'],2
Paper 3337,['Politics and International Studies'],2
Paper 3338,"['Music, Drama, Dance, Performing Arts, Film and Screen Studies']",3
Paper 3339,['Physics'],3
Paper 3340,"['Agriculture, Food and Veterinary Sciences']",3
Paper 3341,['Earth Systems and Environmental Sciences'],3
Paper 3342,"['Classics', 'Earth Systems and Environmental Sciences']",3
Paper 3343,['Mathematical Sciences'],3
Paper 3344,['Sociology'],2
Paper 3345,"['Education', 'Physics']",3
Paper 3346,['English Language and Literature'],3
Paper 3347,['Politics and International Studies'],2
Paper 3348,"['Public Health, Health Services and Primary Care']",3
Paper 3349,['Philosophy'],2
Paper 3350,['Geography and Environmental Studies'],2
Paper 3351,"['Public Health, Health Services and Primary Care']",3
Paper 3352,"['Sport and Exercise Sciences, Leisure and Tourism']",2
Paper 3353,"['Social Work and Social Policy', 'Law']",2
Paper 3354,"['Sociology', 'Physics']",2
Paper 3355,"['Sport and Exercise Sciences, Leisure and Tourism']",3
Paper 3356,['Classics'],3
Paper 3357,['Earth Systems and Environmental Sciences'],3
Paper 3358,['English Language and Literature'],3
Paper 3359,['Business and Management Studies'],2
Paper 3360,['Chemistry'],3
Paper 3361,"['Politics and International Studies', 'Classics']",3
Paper 3362,['Anthropology and Development Studies'],3
Paper 3363,"['Art and Design: History, Practice and Theory']",3
Paper 3364,['Computer Science and Informatics'],2
Paper 3365,"['Allied Health Professions, Dentistry, Nursing and Pharmacy']",2
Paper 3366,['Geography and Environmental Studies'],3
Paper 3367,['Business and Management Studies'],2
Paper 3368,['Classics'],3
Paper 3369,['Physics'],3
Paper 3370,['Modern Languages and Linguistics'],2
Paper 3371,['Engineering'],3
Paper 3372,"['Art and Design: History, Practice and Theory']",2
Paper 3373,"['Allied Health Professions, Dentistry, Nursing and Pharmacy']",3
Paper 3374,['Classics'],3
Paper 3375,['Business and Management Studies'],3
Paper 3376,['Area Studies'],3
Paper 3377,['Classics'],3
Paper 3378,['Politics and International Studies'],3
Paper 3379,['Classics'],3
Paper 3380,['Archaeology'],2
Paper 3381,['Chemistry'],3
Paper 3382,['Earth Systems and Environmental Sciences'],3
Paper 3383,"['Sport and Exercise Sciences, Leisure and Tourism']",3
Paper 3384,['Engineering'],3
Paper 3385,"['Music, Drama, Dance, Performing Arts, Film and Screen Studies']",3
Paper 3386,['Engineering'],3
Paper 3387,['Politics and International Studies'],2
Paper 3388,['Modern Languages and Linguistics'],3
Paper 3389,['English Language and Literature'],4
Paper 3390,"['Sport and Exercise Sciences, Leisure and Tourism']",3
Paper 3391,"['Sport and Exercise Sciences, Leisure and Tourism']",2
Paper 3392,['Clinical Medicine'],3
Paper 3393,['Archaeology'],3
Paper 3394,['Philosophy'],3
Paper 3395,['Earth Systems and Environmental Sciences'],3
Paper 3396,['Theology and Religious Studies'],3
Paper 3397,['Philosophy'],3
Paper 3398,['Social Work and Social Policy'],2
Paper 3399,"['Agriculture, Food and Veterinary Sciences', 'Physics']",3
Paper 3400,"['Art and Design: History, Practice and Theory']",2
Paper 3401,['Sociology'],2
Paper 3402,['Clinical Medicine'],3
Paper 3403,['Physics'],3
Paper 3404,['Politics and International Studies'],4
Paper 3405,['Economics and Econometrics'],4
Paper 3406,"['Psychology, Psychiatry and Neuroscience']",2
Paper 3407,"['Communication, Cultural and Media Studies, Library and Information Management']",3
Paper 3408,['Education'],2
Paper 3409,['Clinical Medicine'],3
Paper 3410,['English Language and Literature'],3
Paper 3411,['Theology and Religious Studies'],2
Paper 3412,['Chemistry'],3
Paper 3413,['Economics and Econometrics'],3
Paper 3414,"['Allied Health Professions, Dentistry, Nursing and Pharmacy']",2
Paper 3415,"['Allied Health Professions, Dentistry, Nursing and Pharmacy']",3
Paper 3416,['Sociology'],3
Paper 3417,"['Allied Health Professions, Dentistry, Nursing and Pharmacy']",2
Paper 3418,"['Allied Health Professions, Dentistry, Nursing and Pharmacy']",2
Paper 3419,['Modern Languages and Linguistics'],2
Paper 3420,"['Sport and Exercise Sciences, Leisure and Tourism']",2
Paper 3421,['Engineering'],3
Paper 3422,['Earth Systems and Environmental Sciences'],2
Paper 3423,['Education'],2
Paper 3424,"['Art and Design: History, Practice and Theory']",3
Paper 3425,['Chemistry'],3
Paper 3426,"['Sport and Exercise Sciences, Leisure and Tourism']",2
Paper 3427,"['Public Health, Health Services and Primary Care']",4
Paper 3428,['English Language and Literature'],3
Paper 3429,['Modern Languages and Linguistics'],2
Paper 3430,['Engineering'],3
Paper 3431,['Modern Languages and Linguistics'],3
Paper 3432,['Classics'],3
Paper 3433,['Physics'],3
Paper 3434,"['Architecture, Built Environment and Planning']",2
Paper 3435,['Area Studies'],3
Paper 3436,"['Psychology, Psychiatry and Neuroscience']",2
Paper 3437,"['Area Studies', 'Theology and Religious Studies']",3
Paper 3438,"['Agriculture, Food and Veterinary Sciences']",3
Paper 3439,['Earth Systems and Environmental Sciences'],2
Paper 3440,['Anthropology and Development Studies'],3
Paper 3441,"['Theology and Religious Studies', 'Sport and Exercise Sciences, Leisure and Tourism']",2
Paper 3442,['Archaeology'],3
Paper 3443,['Economics and Econometrics'],3
Paper 3444,['Physics'],3
Paper 3445,"['Psychology, Psychiatry and Neuroscience']",3
Paper 3446,['Law'],3
Paper 3447,['Engineering'],2
Paper 3448,"['Clinical Medicine', 'Computer Science and Informatics']",2
Paper 3449,"['Agriculture, Food and Veterinary Sciences']",3
Paper 3450,['History'],3
Paper 3451,['Geography and Environmental Studies'],2
Paper 3452,['Economics and Econometrics'],3
Paper 3453,['Engineering'],2
Paper 3454,"['English Language and Literature', 'Psychology, Psychiatry and Neuroscience']",2
Paper 3455,"['Public Health, Health Services and Primary Care', 'Agriculture, Food and Veterinary Sciences']",3
Paper 3456,['Politics and International Studies'],3
Paper 3457,['Mathematical Sciences'],3
Paper 3458,"['Sport and Exercise Sciences, Leisure and Tourism', 'Mathematical Sciences']",2
Paper 3459,['Clinical Medicine'],3
Paper 3460,"['Politics and International Studies', 'Geography and Environmental Studies']",3
Paper 3461,['Earth Systems and Environmental Sciences'],3
Paper 3462,['Mathematical Sciences'],2
Paper 3463,['Classics'],3
Paper 3464,['English Language and Literature'],3
Paper 3465,['Clinical Medicine'],3
Paper 3466,['Clinical Medicine'],3
Paper 3467,['Social Work and Social Policy'],2
Paper 3468,['Modern Languages and Linguistics'],3
Paper 3469,['Physics'],3
Paper 3470,['Politics and International Studies'],3
Paper 3471,['Clinical Medicine'],3
Paper 3472,"['Music, Drama, Dance, Performing Arts, Film and Screen Studies']",2
Paper 3473,['Physics'],3
Paper 3474,['Business and Management Studies'],2
Paper 3475,['Geography and Environmental Studies'],2
Paper 3476,['Earth Systems and Environmental Sciences'],3
Paper 3477,['Philosophy'],3
Paper 3478,"['Architecture, Built Environment and Planning']",3
Paper 3479,"['Architecture, Built Environment and Planning', 'Biological Sciences']",3
Paper 3480,['Computer Science and Informatics'],4
Paper 3481,['Theology and Religious Studies'],2
Paper 3482,"['Agriculture, Food and Veterinary Sciences']",3
Paper 3483,"['Archaeology', 'Geography and Environmental Studies']",3
Paper 3484,['Law'],3
Paper 3485,"['Agriculture, Food and Veterinary Sciences']",3
Paper 3486,['Archaeology'],3
Paper 3487,['Area Studies'],3
Paper 3488,['Area Studies'],3
Paper 3489,"['Public Health, Health Services and Primary Care']",3
Paper 3490,['Area Studies'],3
Paper 3491,"['Communication, Cultural and Media Studies, Library and Information Management', 'Modern Languages and Linguistics']",3
Paper 3492,['Classics'],3
Paper 3493,"['Sport and Exercise Sciences, Leisure and Tourism']",2
Paper 3494,['Chemistry'],3
Paper 3495,['Education'],3
Paper 3496,['Economics and Econometrics'],2
Paper 3497,['Business and Management Studies'],2
Paper 3498,['Archaeology'],3
Paper 3499,['Social Work and Social Policy'],3
Paper 3500,"['Music, Drama, Dance, Performing Arts, Film and Screen Studies']",3
Paper 3501,['Geography and Environmental Studies'],3
Paper 3502,['Business and Management Studies'],3
Paper 3503,"['Psychology, Psychiatry and Neuroscience']",3
Paper 3504,"['Architecture, Built Environment and Planning']",3
Paper 3505,['Anthropology and Development Studies'],4
Paper 3506,"['Psychology, Psychiatry and Neuroscience']",3
Paper 3507,['Theology and Religious Studies'],2
Paper 3508,['Education'],3
Paper 3509,['Modern Languages and Linguistics'],3
Paper 3510,"['Anthropology and Development Studies', 'Engineering']",2
Paper 3511,"['Agriculture, Food and Veterinary Sciences']",3
Paper 3512,"['Classics', 'Engineering']",2
Paper 3513,['Archaeology'],2
Paper 3514,"['Sport and Exercise Sciences, Leisure and Tourism']",2
Paper 3515,['Politics and International Studies'],3
Paper 3516,['Politics and International Studies'],2
Paper 3517,['Business and Management Studies'],2
Paper 3518,"['Art and Design: History, Practice and Theory']",3
Paper 3519,['Physics'],3
Paper 3520,['History'],2
Paper 3521,['Geography and Environmental Studies'],3
Paper 3522,['Area Studies'],3
Paper 3523,['Theology and Religious Studies'],3
Paper 3524,"['Allied Health Professions, Dentistry, Nursing and Pharmacy']",3
Paper 3525,['Social Work and Social Policy'],3
Paper 3526,['Area Studies'],3
Paper 3527,['Earth Systems and Environmental Sciences'],3
Paper 3528,"['Sport and Exercise Sciences, Leisure and Tourism']",3
Paper 3529,['English Language and Literature'],3
Paper 3530,['Politics and International Studies'],3
Paper 3531,['English Language and Literature'],3
Paper 3532,['Education'],2
Paper 3533,"['Sport and Exercise Sciences, Leisure and Tourism']",3
Paper 3534,['Archaeology'],2
Paper 3535,"['Biological Sciences', 'Art and Design: History, Practice and Theory']",3
Paper 3536,['Computer Science and Informatics'],2
Paper 3537,['Biological Sciences'],3
Paper 3538,['Sociology'],3
Paper 3539,['Engineering'],3
Paper 3540,['Theology and Religious Studies'],3
Paper 3541,"['Public Health, Health Services and Primary Care']",3
Paper 3542,"['Allied Health Professions, Dentistry, Nursing and Pharmacy']",3
Paper 3543,"['Social Work and Social Policy', 'Chemistry']",2
Paper 3544,"['Sport and Exercise Sciences, Leisure and Tourism']",3
Paper 3545,['Anthropology and Development Studies'],3
Paper 3546,['Sociology'],2
Paper 3547,"['Art and Design: History, Practice and Theory']",2
Paper 3548,"['Communication, Cultural and Media Studies, Library and Information Management']",3
Paper 3549,['English Language and Literature'],3
Paper 3550,['Theology and Religious Studies'],3
Paper 3551,"['Sport and Exercise Sciences, Leisure and Tourism']",2
Paper 3552,['English Language and Literature'],2
Paper 3553,"['Allied Health Professions, Dentistry, Nursing and Pharmacy']",3
Paper 3554,['Politics and International Studies'],2
Paper 3555,['Modern Languages and Linguistics'],3
Paper 3556,['Mathematical Sciences'],3
Paper 3557,"['Allied Health Professions, Dentistry, Nursing and Pharmacy']",3
Paper 3558,['Biological Sciences'],3
Paper 3559,['Sociology'],2
Paper 3560,['Education'],1
Paper 3561,['Area Studies'],3
Paper 3562,"['Mathematical Sciences', 'Art and Design: History, Practice and Theory']",3
Paper 3563,['Law'],3
Paper 3564,"['Agriculture, Food and Veterinary Sciences', 'Modern Languages and Linguistics']",3
Paper 3565,['Economics and Econometrics'],3
Paper 3566,['Politics and International Studies'],3
Paper 3567,"['Theology and Religious Studies', 'Education']",3
Paper 3568,"['Modern Languages and Linguistics', 'Area Studies']",3
Paper 3569,"['Sport and Exercise Sciences, Leisure and Tourism']",2
Paper 3570,['Area Studies'],3
Paper 3571,['Sociology'],2
Paper 3572,['Education'],2
Paper 3573,['Earth Systems and Environmental Sciences'],3
Paper 3574,['Clinical Medicine'],3
Paper 3575,['Social Work and Social Policy'],3
Paper 3576,['Business and Management Studies'],3
Paper 3577,['Computer Science and Informatics'],3
Paper 3578,['Theology and Religious Studies'],2
Paper 3579,"['Allied Health Professions, Dentistry, Nursing and Pharmacy']",3
Paper 3580,['Law'],2
Paper 3581,['Chemistry'],3
Paper 3582,['Engineering'],2
Paper 3583,['English Language and Literature'],3
Paper 3584,['Modern Languages and Linguistics'],3
Paper 3585,"['Public Health, Health Services and Primary Care']",3
Paper 3586,['Earth Systems and Environmental Sciences'],3
Paper 3587,['Education'],1
Paper 3588,['Classics'],2
Paper 3589,['Earth Systems and Environmental Sciences'],3
Paper 3590,['Theology and Religious Studies'],2
Paper 3591,['Biological Sciences'],3
Paper 3592,['Chemistry'],3
Paper 3593,['Classics'],3
Paper 3594,"['Music, Drama, Dance, Performing Arts, Film and Screen Studies']",3
Paper 3595,['Chemistry'],3
Paper 3596,['Physics'],3
Paper 3597,['Classics'],3
Paper 3598,['Anthropology and Development Studies'],3
Paper 3599,['Biological Sciences'],3
Paper 3600,"['Art and Design: History, Practice and Theory']",2
Paper 3601,['History'],2
Paper 3602,"['Sport and Exercise Sciences, Leisure and Tourism']",2
Paper 3603,"['Sport and Exercise Sciences, Leisure and Tourism']",3
Paper 3604,"['Politics and International Studies', 'Anthropology and Development Studies']",3
Paper 3605,"['Agriculture, Food and Veterinary Sciences']",2
Paper 3606,['Theology and Religious Studies'],2
Paper 3607,['Computer Science and Informatics'],2
Paper 3608,['Biological Sciences'],3
Paper 3609,['Clinical Medicine'],3
Paper 3610,['Philosophy'],2
Paper 3611,['Archaeology'],3
Paper 3612,['Theology and Religious Studies'],2
Paper 3613,['Computer Science and Informatics'],4
Paper 3614,"['Music, Drama, Dance, Performing Arts, Film and Screen Studies']",2
Paper 3615,"['Physics', 'Mathematical Sciences']",2
Paper 3616,['Social Work and Social Policy'],3
Paper 3617,['Biological Sciences'],3
Paper 3618,"['Philosophy', 'Public Health, Health Services and Primary Care']",3
Paper 3619,['Social Work and Social Policy'],2
Paper 3620,['Computer Science and Informatics'],2
Paper 3621,"['Music, Drama, Dance, Performing Arts, Film and Screen Studies']",3
Paper 3622,"['Communication, Cultural and Media Studies, Library and Information Management', 'Chemistry']",2
Paper 3623,"['Public Health, Health Services and Primary Care']",3
Paper 3624,['Economics and Econometrics'],3
Paper 3625,"['English Language and Literature', 'Agriculture, Food and Veterinary Sciences']",3
Paper 3626,['Earth Systems and Environmental Sciences'],2
Paper 3627,['Philosophy'],3
Paper 3628,['Mathematical Sciences'],2
Paper 3629,['Computer Science and Informatics'],3
Paper 3630,['Mathematical Sciences'],3
Paper 3631,['Theology and Religious Studies'],2
Paper 3632,"['Sport and Exercise Sciences, Leisure and Tourism']",2
Paper 3633,"['Engineering', 'Politics and International Studies']",3
Paper 3634,"['Sport and Exercise Sciences, Leisure and Tourism']",3
Paper 3635,['Politics and International Studies'],3
Paper 3636,['History'],2
Paper 3637,['Engineering'],2
Paper 3638,['Philosophy'],2
Paper 3639,"['Allied Health Professions, Dentistry, Nursing and Pharmacy']",3
Paper 3640,"['Architecture, Built Environment and Planning']",3
Paper 3641,"['Art and Design: History, Practice and Theory']",2
Paper 3642,['Engineering'],3
Paper 3643,['Education'],3
Paper 3644,['Economics and Econometrics'],2
Paper 3645,['Politics and International Studies'],3
Paper 3646,['Computer Science and Informatics'],3
Paper 3647,['Philosophy'],2
Paper 3648,"['Art and Design: History, Practice and Theory']",2
Paper 3649,['History'],2
Paper 3650,['Mathematical Sciences'],3
Paper 3651,['Social Work and Social Policy'],2
Paper 3652,['Biological Sciences'],2
Paper 3653,['Law'],3
Paper 3654,"['Psychology, Psychiatry and Neuroscience']",2
Paper 3655,['Business and Management Studies'],2
Paper 3656,"['Communication, Cultural and Media Studies, Library and Information Management', 'Classics']",3
Paper 3657,['Theology and Religious Studies'],2
Paper 3658,"['Archaeology', 'Business and Management Studies']",2
Paper 3659,['Engineering'],2
Paper 3660,['Chemistry'],3
Paper 3661,['Law'],3
Paper 3662,['Mathematical Sciences'],3
Paper 3663,"['History', 'Sociology']",2
Paper 3664,['Biological Sciences'],3
Paper 3665,['Chemistry'],3
Paper 3666,['Modern Languages and Linguistics'],3
Paper 3667,['Biological Sciences'],2
Paper 3668,['Theology and Religious Studies'],3
Paper 3669,['Sociology'],2
Paper 3670,['History'],2
Paper 3671,['Archaeology'],3
Paper 3672,['Archaeology'],2
Paper 3673,['Physics'],3
Paper 3674,['Theology and Religious Studies'],3
Paper 3675,['English Language and Literature'],3
Paper 3676,['Economics and Econometrics'],3
Paper 3677,['Classics'],3
Paper 3678,['Social Work and Social Policy'],2
Paper 3679,['Politics and International Studies'],2
Paper 3680,['Chemistry'],3
Paper 3681,['Area Studies'],3
Paper 3682,['Biological Sciences'],2
Paper 3683,"['Politics and International Studies', 'Area Studies']",3
Paper 3684,['English Language and Literature'],2
Paper 3685,['Geography and Environmental Studies'],2
Paper 3686,"['Public Health, Health Services and Primary Care']",3
Paper 3687,['Archaeology'],3
Paper 3688,['Social Work and Social Policy'],2
Paper 3689,['Education'],2
Paper 3690,"['Architecture, Built Environment and Planning']",3
Paper 3691,['Engineering'],2
Paper 3692,"['Law', 'Sociology']",2
Paper 3693,"['Music, Drama, Dance, Performing Arts, Film and Screen Studies']",2
Paper 3694,"['Psychology, Psychiatry and Neuroscience']",3
Paper 3695,['Philosophy'],3
Paper 3696,['Theology and Religious Studies'],2
Paper 3697,['Business and Management Studies'],2
Paper 3698,['Geography and Environmental Studies'],2
Paper 3699,['English Language and Literature'],3
Paper 3700,"['Public Health, Health Services and Primary Care']",2
Paper 3701,['English Language and Literature'],3
Paper 3702,['Computer Science and Informatics'],3
Paper 3703,['Geography and Environmental Studies'],2
Paper 3704,['Education'],2
Paper 3705,['Business and Management Studies'],3
Paper 3706,['Social Work and Social Policy'],3
Paper 3707,['Theology and Religious Studies'],3
Paper 3708,"['Public Health, Health Services and Primary Care']",3
Paper 3709,"['Music, Drama, Dance, Performing Arts, Film and Screen Studies']",4
Paper 3710,['Theology and Religious Studies'],3
Paper 3711,"['Allied Health Professions, Dentistry, Nursing and Pharmacy']",3
Paper 3712,['Social Work and Social Policy'],2
Paper 3713,['Physics'],3
Paper 3714,['Law'],3
Paper 3715,['Theology and Religious Studies'],3
Paper 3716,['Clinical Medicine'],3
Paper 3717,"['Philosophy', 'Modern Languages and Linguistics']",3
Paper 3718,['Chemistry'],3
Paper 3719,"['Psychology, Psychiatry and Neuroscience']",2
Paper 3720,['Computer Science and Informatics'],2
Paper 3721,['Law'],3
Paper 3722,"['Communication, Cultural and Media Studies, Library and Information Management']",3
Paper 3723,['Economics and Econometrics'],3
Paper 3724,['Chemistry'],3
Paper 3725,['History'],2
Paper 3726,"['Music, Drama, Dance, Performing Arts, Film and Screen Studies']",3
Paper 3727,['Politics and International Studies'],3
Paper 3728,"['Sport and Exercise Sciences, Leisure and Tourism']",2
Paper 3729,['Biological Sciences'],3
Paper 3730,['Computer Science and Informatics'],1
Paper 3731,"['Art and Design: History, Practice and Theory']",3
Paper 3732,['Physics'],3
Paper 3733,"['Communication, Cultural and Media Studies, Library and Information Management']",2
Paper 3734,['Anthropology and Development Studies'],3
Paper 3735,['Education'],3
Paper 3736,['Economics and Econometrics'],3
Paper 3737,['Earth Systems and Environmental Sciences'],3
Paper 3738,['Archaeology'],2
Paper 3739,"['Classics', 'Business and Management Studies']",2
Paper 3740,['Biological Sciences'],2
Paper 3741,['Law'],2
Paper 3742,"['History', 'Clinical Medicine']",3
Paper 3743,"['Theology and Religious Studies', 'Engineering']",2
Paper 3744,['Social Work and Social Policy'],3
Paper 3745,['Theology and Religious Studies'],2
Paper 3746,['Earth Systems and Environmental Sciences'],3
Paper 3747,['Education'],2
Paper 3748,"['Architecture, Built Environment and Planning']",2
Paper 3749,['Chemistry'],3
Paper 3750,['English Language and Literature'],2
Paper 3751,['Earth Systems and Environmental Sciences'],3
Paper 3752,['Social Work and Social Policy'],2
Paper 3753,"['Agriculture, Food and Veterinary Sciences']",3
Paper 3754,"['Communication, Cultural and Media Studies, Library and Information Management']",3
Paper 3755,['Business and Management Studies'],2
Paper 3756,['Sociology'],3
Paper 3757,"['Public Health, Health Services and Primary Care']",3
Paper 3758,['English Language and Literature'],3
Paper 3759,['Theology and Religious Studies'],2
Paper 3760,"['Law', 'Geography and Environmental Studies']",2
Paper 3761,['Biological Sciences'],3
Paper 3762,['Clinical Medicine'],3
Paper 3763,"['Art and Design: History, Practice and Theory']",2
Paper 3764,"['Modern Languages and Linguistics', 'Anthropology and Development Studies']",3
Paper 3765,['Archaeology'],3
Paper 3766,['Archaeology'],3
Paper 3767,['Biological Sciences'],2
Paper 3768,['Business and Management Studies'],2
Paper 3769,['Classics'],3
Paper 3770,['Archaeology'],3
Paper 3771,"['Communication, Cultural and Media Studies, Library and Information Management']",3
Paper 3772,"['Theology and Religious Studies', 'Computer Science and Informatics']",3
Paper 3773,['Physics'],3
Paper 3774,['Philosophy'],3
Paper 3775,"['Business and Management Studies', 'Public Health, Health Services and Primary Care']",2
Paper 3776,"['Agriculture, Food and Veterinary Sciences']",3
Paper 3777,"['Architecture, Built Environment and Planning']",3
Paper 3778,['Engineering'],2
Paper 3779,['Clinical Medicine'],3
Paper 3780,"['Art and Design: History, Practice and Theory']",3
Paper 3781,['Computer Science and Informatics'],2
Paper 3782,"['Allied Health Professions, Dentistry, Nursing and Pharmacy']",3
Paper 3783,['Clinical Medicine'],3
Paper 3784,['Anthropology and Development Studies'],3
Paper 3785,['Area Studies'],3
Paper 3786,['Archaeology'],3
Paper 3787,['Anthropology and Development Studies'],3
Paper 3788,"['Agriculture, Food and Veterinary Sciences']",3
Paper 3789,['Physics'],3
Paper 3790,['Biological Sciences'],3
Paper 3791,['History'],2
Paper 3792,['Computer Science and Informatics'],3
Paper 3793,"['Communication, Cultural and Media Studies, Library and Information Management']",2
Paper 3794,['Theology and Religious Studies'],3
Paper 3795,['English Language and Literature'],3
Paper 3796,['Physics'],3
Paper 3797,"['Agriculture, Food and Veterinary Sciences']",3
Paper 3798,"['Art and Design: History, Practice and Theory']",2
Paper 3799,['Earth Systems and Environmental Sciences'],3
Paper 3800,['Economics and Econometrics'],3
Paper 3801,"['Art and Design: History, Practice and Theory']",2
Paper 3802,['Physics'],3
Paper 3803,"['Politics and International Studies', 'Law']",3
Paper 3804,['Anthropology and Development Studies'],3
Paper 3805,"['Music, Drama, Dance, Performing Arts, Film and Screen Studies']",2
Paper 3806,['Engineering'],3
Paper 3807,['Archaeology'],3
Paper 3808,['Archaeology'],3
Paper 3809,"['Biological Sciences', 'English Language and Literature']",2
Paper 3810,['Chemistry'],2
Paper 3811,"['Archaeology', 'Earth Systems and Environmental Sciences']",3
Paper 3812,"['Allied Health Professions, Dentistry, Nursing and Pharmacy', 'Public Health, Health Services and Primary Care']",3
Paper 3813,['English Language and Literature'],2
Paper 3814,"['Economics and Econometrics', 'Economics and Econometrics']",3
Paper 3815,['Clinical Medicine'],3
Paper 3816,['Business and Management Studies'],2
Paper 3817,"['Archaeology', 'Law']",2
Paper 3818,"['Communication, Cultural and Media Studies, Library and Information Management']",2
Paper 3819,['Politics and International Studies'],3
Paper 3820,"['Communication, Cultural and Media Studies, Library and Information Management']",2
Paper 3821,['English Language and Literature'],3
Paper 3822,['Business and Management Studies'],2
Paper 3823,['Modern Languages and Linguistics'],3
Paper 3824,"['Sport and Exercise Sciences, Leisure and Tourism', 'Business and Management Studies']",3
Paper 3825,['Politics and International Studies'],2
Paper 3826,"['Architecture, Built Environment and Planning']",3
Paper 3827,['Classics'],3
Paper 3828,"['Communication, Cultural and Media Studies, Library and Information Management']",2
Paper 3829,['Earth Systems and Environmental Sciences'],3
Paper 3830,['Computer Science and Informatics'],3
Paper 3831,"['Communication, Cultural and Media Studies, Library and Information Management']",3
Paper 3832,['Archaeology'],2
Paper 3833,['Politics and International Studies'],2
Paper 3834,['History'],2
Paper 3835,['Education'],2
Paper 3836,['Economics and Econometrics'],2
Paper 3837,"['Music, Drama, Dance, Performing Arts, Film and Screen Studies']",3
Paper 3838,['Education'],3
Paper 3839,['Philosophy'],3
Paper 3840,"['Social Work and Social Policy', 'Classics']",2
Paper 3841,['Physics'],3
Paper 3842,['Law'],3
Paper 3843,['Modern Languages and Linguistics'],3
Paper 3844,['History'],2
Paper 3845,"['Sport and Exercise Sciences, Leisure and Tourism']",3
Paper 3846,['Biological Sciences'],2
Paper 3847,"['Psychology, Psychiatry and Neuroscience']",3
Paper 3848,"['Allied Health Professions, Dentistry, Nursing and Pharmacy']",2
Paper 3849,['Modern Languages and Linguistics'],3
Paper 3850,['Law'],3
Paper 3851,"['Architecture, Built Environment and Planning']",3
Paper 3852,['Chemistry'],3
Paper 3853,"['Music, Drama, Dance, Performing Arts, Film and Screen Studies']",2
Paper 3854,['English Language and Literature'],3
Paper 3855,"['History', 'Biological Sciences']",2
Paper 3856,"['Architecture, Built Environment and Planning']",3
Paper 3857,['Anthropology and Development Studies'],3
Paper 3858,['Geography and Environmental Studies'],2
Paper 3859,['Philosophy'],3
Paper 3860,['Engineering'],2
Paper 3861,['Archaeology'],3
Paper 3862,['History'],3
Paper 3863,"['Allied Health Professions, Dentistry, Nursing and Pharmacy']",3
Paper 3864,"['Clinical Medicine', 'Computer Science and Informatics']",2
Paper 3865,['Law'],3
Paper 3866,['Area Studies'],2
Paper 3867,['Education'],2
Paper 3868,"['Communication, Cultural and Media Studies, Library and Information Management']",3
Paper 3869,"['English Language and Literature', 'Politics and International Studies']",3
Paper 3870,['History'],2
Paper 3871,"['Engineering', 'Art and Design: History, Practice and Theory']",2
Paper 3872,"['Communication, Cultural and Media Studies, Library and Information Management']",3
Paper 3873,['Theology and Religious Studies'],3
Paper 3874,"['Music, Drama, Dance, Performing Arts, Film and Screen Studies']",3
Paper 3875,['Economics and Econometrics'],4
Paper 3876,['Classics'],3
Paper 3877,['Business and Management Studies'],3
Paper 3878,['Sociology'],3
Paper 3879,['English Language and Literature'],3
Paper 3880,['Business and Management Studies'],2
Paper 3881,['Politics and International Studies'],2
Paper 3882,['Politics and International Studies'],2
Paper 3883,"['Sport and Exercise Sciences, Leisure and Tourism']",2
Paper 3884,['Engineering'],3
Paper 3885,['Archaeology'],2
Paper 3886,"['Art and Design: History, Practice and Theory']",3
Paper 3887,['Politics and International Studies'],2
Paper 3888,"['Architecture, Built Environment and Planning']",2
Paper 3889,['Earth Systems and Environmental Sciences'],3
Paper 3890,['Social Work and Social Policy'],2
Paper 3891,['Mathematical Sciences'],3
Paper 3892,['Modern Languages and Linguistics'],3
Paper 3893,['Physics'],3
Paper 3894,"['Sport and Exercise Sciences, Leisure and Tourism']",3
Paper 3895,['Philosophy'],2
Paper 3896,['History'],3
Paper 3897,['Area Studies'],3
Paper 3898,"['Art and Design: History, Practice and Theory']",3
Paper 3899,"['Physics', 'Computer Science and Informatics']",3
Paper 3900,['Biological Sciences'],3
Paper 3901,['Sociology'],3
Paper 3902,['History'],3
Paper 3903,"['Allied Health Professions, Dentistry, Nursing and Pharmacy']",3
Paper 3904,['Economics and Econometrics'],2
Paper 3905,['Area Studies'],3
Paper 3906,['Theology and Religious Studies'],2
Paper 3907,['Social Work and Social Policy'],2
Paper 3908,['Theology and Religious Studies'],2
Paper 3909,['Computer Science and Informatics'],3
Paper 3910,['Business and Management Studies'],3
Paper 3911,"['Law', 'Biological Sciences']",3
Paper 3912,"['Psychology, Psychiatry and Neuroscience']",2
Paper 3913,['Politics and International Studies'],3
Paper 3914,['Chemistry'],3
Paper 3915,['Area Studies'],3
Paper 3916,"['Psychology, Psychiatry and Neuroscience']",2
Paper 3917,['English Language and Literature'],2
Paper 3918,"['Architecture, Built Environment and Planning']",3
Paper 3919,"['History', 'History']",2
Paper 3920,['Earth Systems and Environmental Sciences'],3
Paper 3921,"['Art and Design: History, Practice and Theory']",2
Paper 3922,['Biological Sciences'],2
Paper 3923,['Social Work and Social Policy'],3
Paper 3924,['Economics and Econometrics'],4
Paper 3925,"['Architecture, Built Environment and Planning']",3
Paper 3926,"['Music, Drama, Dance, Performing Arts, Film and Screen Studies']",3
Paper 3927,"['Psychology, Psychiatry and Neuroscience']",2
Paper 3928,['English Language and Literature'],2
Paper 3929,['Earth Systems and Environmental Sciences'],3
Paper 3930,"['Music, Drama, Dance, Performing Arts, Film and Screen Studies']",3
Paper 3931,"['Art and Design: History, Practice and Theory']",2
Paper 3932,"['Engineering', 'Engineering']",2
Paper 3933,['Social Work and Social Policy'],2
Paper 3934,"['Modern Languages and Linguistics', 'Physics']",2
Paper 3935,"['Communication, Cultural and Media Studies, Library and Information Management']",2
Paper 3936,"['Music, Drama, Dance, Performing Arts, Film and Screen Studies']",3
Paper 3937,['Philosophy'],3
Paper 3938,"['Allied Health Professions, Dentistry, Nursing and Pharmacy']",3
Paper 3939,['Clinical Medicine'],3
Paper 3940,['Economics and Econometrics'],3
Paper 3941,['History'],2
Paper 3942,['Politics and International Studies'],3
Paper 3943,"['Art and Design: History, Practice and Theory']",4
Paper 3944,"['Agriculture, Food and Veterinary Sciences', 'Engineering']",3
Paper 3945,['Chemistry'],3
Paper 3946,"['Art and Design: History, Practice and Theory']",2
Paper 3947,"['Public Health, Health Services and Primary Care']",2
Paper 3948,"['Area Studies', 'Art and Design: History, Practice and Theory']",2
Paper 3949,"['Agriculture, Food and Veterinary Sciences']",3
Paper 3950,"['Allied Health Professions, Dentistry, Nursing and Pharmacy']",3
Paper 3951,['Modern Languages and Linguistics'],3
Paper 3952,['Politics and International Studies'],3
Paper 3953,"['Chemistry', 'Classics']",3
Paper 3954,['Geography and Environmental Studies'],2
Paper 3955,"['Earth Systems and Environmental Sciences', 'Philosophy']",3
Paper 3956,"['Psychology, Psychiatry and Neuroscience']",3
Paper 3957,['Sociology'],2
Paper 3958,['Computer Science and Informatics'],2
Paper 3959,['Business and Management Studies'],2
Paper 3960,"['Sport and Exercise Sciences, Leisure and Tourism']",3
Paper 3961,['Social Work and Social Policy'],2
Paper 3962,['English Language and Literature'],3
Paper 3963,['Clinical Medicine'],3
Paper 3964,['Classics'],3
Paper 3965,"['Agriculture, Food and Veterinary Sciences']",2
Paper 3966,['Sociology'],3
Paper 3967,['Theology and Religious Studies'],2
Paper 3968,['Mathematical Sciences'],2
Paper 3969,"['Music, Drama, Dance, Performing Arts, Film and Screen Studies']",3
Paper 3970,"['Agriculture, Food and Veterinary Sciences']",3
Paper 3971,['History'],2
Paper 3972,['Economics and Econometrics'],3
Paper 3973,['Classics'],3
Paper 3974,['Law'],2
Paper 3975,['Politics and International Studies'],2
Paper 3976,['Archaeology'],3
Paper 3977,"['Allied Health Professions, Dentistry, Nursing and Pharmacy']",2
Paper 3978,['Archaeology'],3
Paper 3979,['English Language and Literature'],3
Paper 3980,"['Psychology, Psychiatry and Neuroscience']",2
Paper 3981,['Law'],3
Paper 3982,['Social Work and Social Policy'],2
Paper 3983,['Computer Science and Informatics'],3
Paper 3984,"['Mathematical Sciences', 'Law']",2
Paper 3985,"['Communication, Cultural and Media Studies, Library and Information Management']",2
Paper 3986,['History'],2
Paper 3987,['Social Work and Social Policy'],2
Paper 3988,['Philosophy'],3
Paper 3989,"['Architecture, Built Environment and Planning', 'Anthropology and Development Studies']",3
Paper 3990,['Chemistry'],4
Paper 3991,"['Music, Drama, Dance, Performing Arts, Film and Screen Studies']",3
Paper 3992,['Anthropology and Development Studies'],3
Paper 3993,['Area Studies'],3
Paper 3994,['Computer Science and Informatics'],3
Paper 3995,"['Philosophy', 'Theology and Religious Studies']",2
Paper 3996,"['Music, Drama, Dance, Performing Arts, Film and Screen Studies', 'Engineering']",3
Paper 3997,"['Allied Health Professions, Dentistry, Nursing and Pharmacy']",2
Paper 3998,"['Public Health, Health Services and Primary Care']",3
Paper 3999,['Chemistry'],3
Paper 4000,['Business and Management Studies'],2
Paper 4001,['Anthropology and Development Studies'],3
Paper 4002,"['Psychology, Psychiatry and Neuroscience']",3
Paper 4003,['Anthropology and Development Studies'],3
Paper 4004,"['Sport and Exercise Sciences, Leisure and Tourism']",2
Paper 4005,['Area Studies'],3
Paper 4006,['Area Studies'],3
Paper 4007,['Politics and International Studies'],3
Paper 4008,['Area Studies'],3
Paper 4009,['Engineering'],2
Paper 4010,['Social Work and Social Policy'],3
Paper 4011,"['Computer Science and Informatics', 'English Language and Literature']",3
Paper 4012,"['Architecture, Built Environment and Planning']",2
Paper 4013,['Chemistry'],3
Paper 4014,"['Politics and International Studies', 'Philosophy']",3
Paper 4015,"['Art and Design: History, Practice and Theory']",2
Paper 4016,['English Language and Literature'],3
Paper 4017,"['Music, Drama, Dance, Performing Arts, Film and Screen Studies']",3
Paper 4018,['Social Work and Social Policy'],2
Paper 4019,['Education'],3
Paper 4020,['Mathematical Sciences'],3
Paper 4021,['Earth Systems and Environmental Sciences'],3
Paper 4022,['Earth Systems and Environmental Sciences'],3
Paper 4023,"['Classics', 'Computer Science and Informatics']",3
Paper 4024,"['Art and Design: History, Practice and Theory']",3
Paper 4025,['Physics'],3
Paper 4026,['Law'],3
Paper 4027,"['Computer Science and Informatics', 'Biological Sciences']",2
Paper 4028,['Theology and Religious Studies'],2
Paper 4029,['Philosophy'],2
Paper 4030,['Chemistry'],2
Paper 4031,"['Philosophy', 'Chemistry']",3
Paper 4032,['Chemistry'],3
Paper 4033,['Physics'],3
Paper 4034,"['Public Health, Health Services and Primary Care']",3
Paper 4035,['Chemistry'],2
Paper 4036,"['Art and Design: History, Practice and Theory']",2
Paper 4037,['Classics'],3
Paper 4038,['Social Work and Social Policy'],2
Paper 4039,"['Mathematical Sciences', 'Area Studies']",3
Paper 4040,['Chemistry'],2
Paper 4041,['Area Studies'],3
Paper 4042,['Biological Sciences'],3
Paper 4043,['Mathematical Sciences'],3
Paper 4044,"['Public Health, Health Services and Primary Care']",3
Paper 4045,['Mathematical Sciences'],3
Paper 4046,"['Communication, Cultural and Media Studies, Library and Information Management', 'Music, Drama, Dance, Performing Arts, Film and Screen Studies']",2
Paper 4047,['Clinical Medicine'],3
Paper 4048,['Area Studies'],3
Paper 4049,['Earth Systems and Environmental Sciences'],3
Paper 4050,['Theology and Religious Studies'],3
Paper 4051,['Business and Management Studies'],2
Paper 4052,['Biological Sciences'],3
Paper 4053,"['Sport and Exercise Sciences, Leisure and Tourism']",3
Paper 4054,"['Public Health, Health Services and Primary Care']",2
Paper 4055,['Social Work and Social Policy'],2
Paper 4056,['Mathematical Sciences'],2
Paper 4057,['Engineering'],2
Paper 4058,"['Public Health, Health Services and Primary Care']",3
Paper 4059,['Politics and International Studies'],2
Paper 4060,"['Architecture, Built Environment and Planning']",3
Paper 4061,"['Art and Design: History, Practice and Theory']",3
Paper 4062,['Business and Management Studies'],2
Paper 4063,['Education'],2
Paper 4064,"['Biological Sciences', 'Education']",3
Paper 4065,"['Allied Health Professions, Dentistry, Nursing and Pharmacy']",3
Paper 4066,"['Classics', 'Computer Science and Informatics']",3
Paper 4067,['Sociology'],3
Paper 4068,['Social Work and Social Policy'],3
Paper 4069,['Anthropology and Development Studies'],3
Paper 4070,['Philosophy'],3
Paper 4071,"['Public Health, Health Services and Primary Care']",3
Paper 4072,['Archaeology'],3
Paper 4073,"['English Language and Literature', 'Computer Science and Informatics']",3
Paper 4074,['Area Studies'],3
Paper 4075,['Classics'],3
Paper 4076,['Sociology'],3
Paper 4077,['Theology and Religious Studies'],1
Paper 4078,['Politics and International Studies'],3
Paper 4079,['Sociology'],2
Paper 4080,['Sociology'],3
Paper 4081,['English Language and Literature'],3
Paper 4082,['Computer Science and Informatics'],3
Paper 4083,['Theology and Religious Studies'],2
Paper 4084,"['Music, Drama, Dance, Performing Arts, Film and Screen Studies']",4
Paper 4085,['Engineering'],3
Paper 4086,['Education'],3
Paper 4087,['Theology and Religious Studies'],2
Paper 4088,"['Communication, Cultural and Media Studies, Library and Information Management']",2
Paper 4089,['Theology and Religious Studies'],3
Paper 4090,"['Art and Design: History, Practice and Theory']",3
Paper 4091,"['Agriculture, Food and Veterinary Sciences']",2
Paper 4092,['Physics'],3
Paper 4093,"['Art and Design: History, Practice and Theory']",3
Paper 4094,['Chemistry'],3
Paper 4095,"['English Language and Literature', 'Earth Systems and Environmental Sciences']",2
Paper 4096,"['Psychology, Psychiatry and Neuroscience']",3
Paper 4097,['Law'],2
Paper 4098,['Anthropology and Development Studies'],3
Paper 4099,['Philosophy'],2
Paper 4100,"['Chemistry', 'Archaeology']",2
Paper 4101,['Social Work and Social Policy'],3
Paper 4102,"['Agriculture, Food and Veterinary Sciences']",3
Paper 4103,['Business and Management Studies'],3
Paper 4104,"['Public Health, Health Services and Primary Care']",3
Paper 4105,"['Physics', 'Archaeology']",3
Paper 4106,['Social Work and Social Policy'],2
Paper 4107,['Chemistry'],3
Paper 4108,['Philosophy'],3
Paper 4109,['History'],3
Paper 4110,"['Allied Health Professions, Dentistry, Nursing and Pharmacy']",2
Paper 4111,['Chemistry'],3
Paper 4112,['Computer Science and Informatics'],2
Paper 4113,"['Art and Design: History, Practice and Theory']",3
Paper 4114,['Area Studies'],2
Paper 4115,['Social Work and Social Policy'],2
Paper 4116,"['Clinical Medicine', 'Psychology, Psychiatry and Neuroscience']",2
Paper 4117,['Philosophy'],2
Paper 4118,['History'],2
Paper 4119,['Philosophy'],3
Paper 4120,['Social Work and Social Policy'],2
Paper 4121,['English Language and Literature'],3
Paper 4122,['Social Work and Social Policy'],3
Paper 4123,['Theology and Religious Studies'],2
Paper 4124,['Social Work and Social Policy'],3
Paper 4125,"['Communication, Cultural and Media Studies, Library and Information Management']",2
Paper 4126,['Physics'],3
Paper 4127,"['Architecture, Built Environment and Planning']",3
Paper 4128,['Archaeology'],3
Paper 4129,"['Psychology, Psychiatry and Neuroscience', 'Earth Systems and Environmental Sciences']",2
Paper 4130,['Physics'],3
Paper 4131,"['Music, Drama, Dance, Performing Arts, Film and Screen Studies']",3
Paper 4132,"['Mathematical Sciences', 'Biological Sciences']",2
Paper 4133,['Anthropology and Development Studies'],3
Paper 4134,['Business and Management Studies'],3
Paper 4135,['Engineering'],2
Paper 4136,['Philosophy'],3
Paper 4137,"['Art and Design: History, Practice and Theory']",2
Paper 4138,"['Allied Health Professions, Dentistry, Nursing and Pharmacy']",3
Paper 4139,['Classics'],2
Paper 4140,"['Architecture, Built Environment and Planning']",2
Paper 4141,"['Art and Design: History, Practice and Theory']",2
Paper 4142,['Modern Languages and Linguistics'],3
Paper 4143,"['Allied Health Professions, Dentistry, Nursing and Pharmacy']",2
Paper 4144,['Mathematical Sciences'],3
Paper 4145,"['Sport and Exercise Sciences, Leisure and Tourism']",3
Paper 4146,['Politics and International Studies'],2
Paper 4147,"['Sport and Exercise Sciences, Leisure and Tourism', 'Mathematical Sciences']",3
Paper 4148,['Anthropology and Development Studies'],3
Paper 4149,['Biological Sciences'],4
Paper 4150,"['Communication, Cultural and Media Studies, Library and Information Management']",2
Paper 4151,['Mathematical Sciences'],3
Paper 4152,['Business and Management Studies'],2
Paper 4153,['Clinical Medicine'],3
Paper 4154,['Computer Science and Informatics'],2
Paper 4155,['Mathematical Sciences'],3
Paper 4156,['Earth Systems and Environmental Sciences'],4
Paper 4157,['Computer Science and Informatics'],2
Paper 4158,['Law'],2
Paper 4159,['English Language and Literature'],2
Paper 4160,['Sociology'],2
Paper 4161,['Anthropology and Development Studies'],3
Paper 4162,['Clinical Medicine'],3
Paper 4163,['Mathematical Sciences'],2
Paper 4164,"['Architecture, Built Environment and Planning']",2
Paper 4165,['Economics and Econometrics'],3
Paper 4166,['Sociology'],3
Paper 4167,['Theology and Religious Studies'],3
Paper 4168,"['Chemistry', 'Classics']",2
Paper 4169,['Sociology'],3
Paper 4170,"['Allied Health Professions, Dentistry, Nursing and Pharmacy']",2
Paper 4171,['Clinical Medicine'],3
Paper 4172,['Modern Languages and Linguistics'],3
Paper 4173,['Geography and Environmental Studies'],2
Paper 4174,['Engineering'],3
Paper 4175,['Law'],3
Paper 4176,"['Classics', 'Communication, Cultural and Media Studies, Library and Information Management']",3
Paper 4177,"['Politics and International Studies', 'Clinical Medicine']",3
Paper 4178,"['English Language and Literature', 'Allied Health Professions, Dentistry, Nursing and Pharmacy']",2
Paper 4179,['History'],3
Paper 4180,"['Agriculture, Food and Veterinary Sciences']",3
Paper 4181,['Theology and Religious Studies'],2
Paper 4182,['Business and Management Studies'],2
Paper 4183,['Social Work and Social Policy'],2
Paper 4184,['Computer Science and Informatics'],2
Paper 4185,"['Geography and Environmental Studies', 'Area Studies']",3
Paper 4186,['Law'],3
Paper 4187,['Archaeology'],2
Paper 4188,['Clinical Medicine'],3
Paper 4189,['Theology and Religious Studies'],2
Paper 4190,['Anthropology and Development Studies'],2
Paper 4191,"['Art and Design: History, Practice and Theory']",3
Paper 4192,['Business and Management Studies'],2
Paper 4193,['Theology and Religious Studies'],3
Paper 4194,"['Psychology, Psychiatry and Neuroscience']",2
Paper 4195,"['Art and Design: History, Practice and Theory']",2
Paper 4196,['Philosophy'],2
Paper 4197,"['Public Health, Health Services and Primary Care']",3
Paper 4198,['Philosophy'],2
Paper 4199,"['Art and Design: History, Practice and Theory', 'English Language and Literature']",3
Paper 4200,['Computer Science and Informatics'],2
Paper 4201,['Biological Sciences'],2
Paper 4202,"['Biological Sciences', 'History']",2
Paper 4203,"['Law', 'Engineering']",3
Paper 4204,['Sociology'],2
Paper 4205,['Law'],2
Paper 4206,"['Architecture, Built Environment and Planning']",3
Paper 4207,['Physics'],3
Paper 4208,['Social Work and Social Policy'],2
Paper 4209,['History'],2
Paper 4210,['Theology and Religious Studies'],2
Paper 4211,['Biological Sciences'],3
Paper 4212,['History'],3
Paper 4213,['Physics'],3
Paper 4214,['Business and Management Studies'],2
Paper 4215,['Physics'],3
Paper 4216,['Philosophy'],3
Paper 4217,['Classics'],3
Paper 4218,"['Psychology, Psychiatry and Neuroscience']",2
Paper 4219,['Area Studies'],3
Paper 4220,['Theology and Religious Studies'],1
Paper 4221,['Computer Science and Informatics'],2
Paper 4222,['Archaeology'],4
Paper 4223,['Business and Management Studies'],3
Paper 4224,['Computer Science and Informatics'],3
Paper 4225,['Geography and Environmental Studies'],3
Paper 4226,"['Sport and Exercise Sciences, Leisure and Tourism']",3
Paper 4227,['Theology and Religious Studies'],3
Paper 4228,"['Public Health, Health Services and Primary Care']",4
Paper 4229,"['Art and Design: History, Practice and Theory', 'Biological Sciences']",3
Paper 4230,"['Psychology, Psychiatry and Neuroscience']",2
Paper 4231,['Mathematical Sciences'],3
Paper 4232,['Business and Management Studies'],3
Paper 4233,"['Biological Sciences', 'Archaeology']",3
Paper 4234,"['Philosophy', 'Education']",3
Paper 4235,"['Allied Health Professions, Dentistry, Nursing and Pharmacy', 'English Language and Literature']",3
Paper 4236,['History'],2
Paper 4237,['Education'],3
Paper 4238,"['Psychology, Psychiatry and Neuroscience']",3
Paper 4239,"['Agriculture, Food and Veterinary Sciences']",2
Paper 4240,"['Economics and Econometrics', 'Computer Science and Informatics']",2
Paper 4241,"['Public Health, Health Services and Primary Care']",2
Paper 4242,['Theology and Religious Studies'],2
Paper 4243,['Social Work and Social Policy'],2
Paper 4244,"['Art and Design: History, Practice and Theory']",3
Paper 4245,"['Communication, Cultural and Media Studies, Library and Information Management']",3
Paper 4246,"['Allied Health Professions, Dentistry, Nursing and Pharmacy']",2
Paper 4247,['Modern Languages and Linguistics'],3
Paper 4248,['Business and Management Studies'],2
Paper 4249,['Biological Sciences'],2
Paper 4250,"['Mathematical Sciences', 'Engineering']",3
Paper 4251,"['Sport and Exercise Sciences, Leisure and Tourism']",2
Paper 4252,['Mathematical Sciences'],3
Paper 4253,['Anthropology and Development Studies'],3
Paper 4254,['English Language and Literature'],3
Paper 4255,['History'],3
Paper 4256,"['Engineering', 'Music, Drama, Dance, Performing Arts, Film and Screen Studies']",3
Paper 4257,['Physics'],3
Paper 4258,"['Art and Design: History, Practice and Theory']",3
Paper 4259,['Economics and Econometrics'],2
Paper 4260,['Education'],2
Paper 4261,"['Agriculture, Food and Veterinary Sciences']",3
Paper 4262,['Chemistry'],3
Paper 4263,"['Architecture, Built Environment and Planning']",2
Paper 4264,['Politics and International Studies'],2
Paper 4265,['Economics and Econometrics'],2
Paper 4266,"['Communication, Cultural and Media Studies, Library and Information Management', 'Social Work and Social Policy']",3
Paper 4267,['History'],2
Paper 4268,['Classics'],3
Paper 4269,['Physics'],3
Paper 4270,"['Agriculture, Food and Veterinary Sciences', 'Engineering']",3
Paper 4271,['English Language and Literature'],3
Paper 4272,['History'],3
Paper 4273,['Anthropology and Development Studies'],3
Paper 4274,['Area Studies'],2
Paper 4275,"['Biological Sciences', 'Area Studies']",3
Paper 4276,"['Law', 'Law']",2
Paper 4277,['Computer Science and Informatics'],3
Paper 4278,"['Music, Drama, Dance, Performing Arts, Film and Screen Studies']",2
Paper 4279,['Computer Science and Informatics'],2
Paper 4280,['Social Work and Social Policy'],3
Paper 4281,['Clinical Medicine'],3
Paper 4282,['Economics and Econometrics'],3
Paper 4283,"['Chemistry', 'Geography and Environmental Studies']",2
Paper 4284,['Business and Management Studies'],3
Paper 4285,['Engineering'],2
Paper 4286,['Geography and Environmental Studies'],3
Paper 4287,"['Sport and Exercise Sciences, Leisure and Tourism']",3
Paper 4288,"['Public Health, Health Services and Primary Care']",3
Paper 4289,"['Politics and International Studies', 'Law']",3
Paper 4290,['Mathematical Sciences'],2
Paper 4291,"['Physics', 'Law']",2
Paper 4292,"['Communication, Cultural and Media Studies, Library and Information Management']",2
Paper 4293,"['Modern Languages and Linguistics', 'Chemistry']",3
Paper 4294,['Law'],3
Paper 4295,['Modern Languages and Linguistics'],2
Paper 4296,['Philosophy'],3
Paper 4297,['Earth Systems and Environmental Sciences'],3
Paper 4298,"['Psychology, Psychiatry and Neuroscience']",3
Paper 4299,['Physics'],3
Paper 4300,['Politics and International Studies'],2
Paper 4301,"['Music, Drama, Dance, Performing Arts, Film and Screen Studies', 'Area Studies']",3
Paper 4302,"['Social Work and Social Policy', 'Business and Management Studies']",3
Paper 4303,"['Art and Design: History, Practice and Theory']",2
Paper 4304,"['Agriculture, Food and Veterinary Sciences', 'English Language and Literature']",3
Paper 4305,['Sociology'],3
Paper 4306,"['Communication, Cultural and Media Studies, Library and Information Management']",2
Paper 4307,['Biological Sciences'],2
Paper 4308,['Computer Science and Informatics'],2
Paper 4309,['Area Studies'],3
Paper 4310,"['Music, Drama, Dance, Performing Arts, Film and Screen Studies']",3
Paper 4311,['Mathematical Sciences'],2
Paper 4312,['Earth Systems and Environmental Sciences'],3
Paper 4313,['Anthropology and Development Studies'],3
Paper 4314,['Theology and Religious Studies'],3
Paper 4315,['Mathematical Sciences'],3
Paper 4316,['Archaeology'],3
Paper 4317,"['Public Health, Health Services and Primary Care']",3
Paper 4318,['Biological Sciences'],3
Paper 4319,"['Art and Design: History, Practice and Theory', 'Business and Management Studies']",2
Paper 4320,['Philosophy'],3
Paper 4321,['Classics'],3
Paper 4322,['Theology and Religious Studies'],2
Paper 4323,['Earth Systems and Environmental Sciences'],2
Paper 4324,"['Sport and Exercise Sciences, Leisure and Tourism']",2
Paper 4325,['English Language and Literature'],3
Paper 4326,['Archaeology'],2
Paper 4327,"['Music, Drama, Dance, Performing Arts, Film and Screen Studies']",2
Paper 4328,['Biological Sciences'],2
Paper 4329,['Biological Sciences'],3
Paper 4330,['Classics'],3
Paper 4331,"['Psychology, Psychiatry and Neuroscience']",1
Paper 4332,"['Anthropology and Development Studies', 'Law']",2
Paper 4333,['Social Work and Social Policy'],2
Paper 4334,"['Classics', 'Computer Science and Informatics']",3
Paper 4335,['Classics'],3
Paper 4336,['Sociology'],3
Paper 4337,['Earth Systems and Environmental Sciences'],3
Paper 4338,"['Public Health, Health Services and Primary Care', 'Architecture, Built Environment and Planning']",2
Paper 4339,['Archaeology'],2
Paper 4340,"['Allied Health Professions, Dentistry, Nursing and Pharmacy']",2
Paper 4341,['Theology and Religious Studies'],3
Paper 4342,['Archaeology'],3
Paper 4343,['Classics'],3
Paper 4344,"['Computer Science and Informatics', 'Law']",3
Paper 4345,"['Sport and Exercise Sciences, Leisure and Tourism']",2
Paper 4346,['Business and Management Studies'],3
Paper 4347,"['Architecture, Built Environment and Planning']",2
Paper 4348,['Chemistry'],3
Paper 4349,"['Sport and Exercise Sciences, Leisure and Tourism']",2
Paper 4350,"['Public Health, Health Services and Primary Care']",4
Paper 4351,['Chemistry'],3
Paper 4352,"['Art and Design: History, Practice and Theory']",3
Paper 4353,['Computer Science and Informatics'],3
Paper 4354,['Law'],2
Paper 4355,"['Allied Health Professions, Dentistry, Nursing and Pharmacy']",3
Paper 4356,['Physics'],3
Paper 4357,"['Sport and Exercise Sciences, Leisure and Tourism']",2
Paper 4358,['Philosophy'],2
Paper 4359,"['Architecture, Built Environment and Planning']",3
Paper 4360,['Geography and Environmental Studies'],3
Paper 4361,"['Art and Design: History, Practice and Theory']",3
Paper 4362,"['Architecture, Built Environment and Planning']",2
Paper 4363,['Biological Sciences'],3
Paper 4364,['Archaeology'],3
Paper 4365,"['Archaeology', 'Agriculture, Food and Veterinary Sciences']",3
Paper 4366,"['Public Health, Health Services and Primary Care']",3
Paper 4367,['Biological Sciences'],4
Paper 4368,['Mathematical Sciences'],3
Paper 4369,['Earth Systems and Environmental Sciences'],3
Paper 4370,['Classics'],3
Paper 4371,['Computer Science and Informatics'],3
Paper 4372,['Mathematical Sciences'],3
Paper 4373,['Theology and Religious Studies'],2
Paper 4374,['Biological Sciences'],2
Paper 4375,"['Allied Health Professions, Dentistry, Nursing and Pharmacy']",2
Paper 4376,['Engineering'],3
Paper 4377,['History'],3
Paper 4378,['Computer Science and Informatics'],2
Paper 4379,"['Public Health, Health Services and Primary Care']",3
Paper 4380,"['Allied Health Professions, Dentistry, Nursing and Pharmacy']",3
Paper 4381,"['Music, Drama, Dance, Performing Arts, Film and Screen Studies']",2
Paper 4382,['Anthropology and Development Studies'],3
Paper 4383,['Archaeology'],3
Paper 4384,['Area Studies'],3
Paper 4385,"['Allied Health Professions, Dentistry, Nursing and Pharmacy']",2
Paper 4386,"['Agriculture, Food and Veterinary Sciences']",2
Paper 4387,"['Public Health, Health Services and Primary Care']",3
Paper 4388,['Computer Science and Informatics'],2
Paper 4389,['Law'],3
Paper 4390,['Archaeology'],2
Paper 4391,['Classics'],3
Paper 4392,['Social Work and Social Policy'],2
Paper 4393,['Archaeology'],2
Paper 4394,"['Agriculture, Food and Veterinary Sciences']",3
Paper 4395,"['Public Health, Health Services and Primary Care']",2
Paper 4396,['Physics'],3
Paper 4397,['Politics and International Studies'],2
Paper 4398,['Area Studies'],2
Paper 4399,['Biological Sciences'],3
Paper 4400,['Chemistry'],3
Paper 4401,['Business and Management Studies'],3
Paper 4402,['Anthropology and Development Studies'],3
Paper 4403,['Social Work and Social Policy'],2
Paper 4404,['Clinical Medicine'],3
Paper 4405,['Area Studies'],3
Paper 4406,"['Clinical Medicine', 'Archaeology']",2
Paper 4407,['Computer Science and Informatics'],2
Paper 4408,['History'],3
Paper 4409,['Education'],2
Paper 4410,['Engineering'],3
Paper 4411,"['Clinical Medicine', 'Education']",2
Paper 4412,['Philosophy'],2
Paper 4413,['Social Work and Social Policy'],2
Paper 4414,['Classics'],3
Paper 4415,['Politics and International Studies'],3
Paper 4416,['English Language and Literature'],2
Paper 4417,['Physics'],3
Paper 4418,['Clinical Medicine'],3
Paper 4419,"['Music, Drama, Dance, Performing Arts, Film and Screen Studies']",2
Paper 4420,['Mathematical Sciences'],3
Paper 4421,"['Architecture, Built Environment and Planning']",2
Paper 4422,"['Music, Drama, Dance, Performing Arts, Film and Screen Studies']",2
Paper 4423,['Philosophy'],3
Paper 4424,['Politics and International Studies'],3
Paper 4425,['History'],3
Paper 4426,"['Psychology, Psychiatry and Neuroscience', 'Computer Science and Informatics']",2
Paper 4427,['Archaeology'],3
Paper 4428,"['Sport and Exercise Sciences, Leisure and Tourism']",3
Paper 4429,"['Music, Drama, Dance, Performing Arts, Film and Screen Studies']",2
Paper 4430,"['Communication, Cultural and Media Studies, Library and Information Management']",3
Paper 4431,['Area Studies'],3
Paper 4432,['Modern Languages and Linguistics'],3
Paper 4433,"['Theology and Religious Studies', 'Modern Languages and Linguistics']",3
Paper 4434,"['Earth Systems and Environmental Sciences', 'Public Health, Health Services and Primary Care']",3
Paper 4435,['Earth Systems and Environmental Sciences'],3
Paper 4436,"['Agriculture, Food and Veterinary Sciences']",3
Paper 4437,"['Sport and Exercise Sciences, Leisure and Tourism']",3
Paper 4438,"['Chemistry', 'Politics and International Studies']",3
Paper 4439,"['Music, Drama, Dance, Performing Arts, Film and Screen Studies']",2
Paper 4440,['Anthropology and Development Studies'],3
Paper 4441,['Sociology'],2
Paper 4442,"['Public Health, Health Services and Primary Care', 'Archaeology']",3
Paper 4443,['Social Work and Social Policy'],2
Paper 4444,"['Communication, Cultural and Media Studies, Library and Information Management']",2
Paper 4445,['Classics'],3
Paper 4446,['Classics'],3
Paper 4447,['Modern Languages and Linguistics'],3
Paper 4448,"['History', 'Engineering']",2
Paper 4449,['Theology and Religious Studies'],2
Paper 4450,['Engineering'],2
Paper 4451,"['Public Health, Health Services and Primary Care']",3
Paper 4452,['Philosophy'],3
Paper 4453,"['Sport and Exercise Sciences, Leisure and Tourism']",2
Paper 4454,['Physics'],3
Paper 4455,['Economics and Econometrics'],2
Paper 4456,"['Public Health, Health Services and Primary Care']",2
Paper 4457,['Business and Management Studies'],3
Paper 4458,"['Psychology, Psychiatry and Neuroscience']",2
Paper 4459,['Biological Sciences'],3
Paper 4460,['Philosophy'],3
Paper 4461,"['Mathematical Sciences', 'Anthropology and Development Studies']",2
Paper 4462,['Chemistry'],3
Paper 4463,['Law'],3
Paper 4464,['Philosophy'],3
Paper 4465,['Chemistry'],3
Paper 4466,['Theology and Religious Studies'],2
Paper 4467,['Modern Languages and Linguistics'],3
Paper 4468,['Archaeology'],3
Paper 4469,['Chemistry'],3
Paper 4470,"['Architecture, Built Environment and Planning']",3
Paper 4471,['Physics'],2
Paper 4472,['Economics and Econometrics'],3
Paper 4473,['Biological Sciences'],3
Paper 4474,"['Engineering', 'Law']",2
Paper 4475,['Politics and International Studies'],3
Paper 4476,['Business and Management Studies'],2
Paper 4477,['Modern Languages and Linguistics'],2
Paper 4478,"['Social Work and Social Policy', 'Economics and Econometrics']",3
Paper 4479,"['Allied Health Professions, Dentistry, Nursing and Pharmacy']",3
Paper 4480,"['Music, Drama, Dance, Performing Arts, Film and Screen Studies']",3
Paper 4481,"['Archaeology', 'Architecture, Built Environment and Planning']",3
Paper 4482,['Classics'],3
Paper 4483,['Sociology'],2
Paper 4484,['Area Studies'],3
Paper 4485,['Physics'],3
Paper 4486,['Biological Sciences'],2
Paper 4487,"['Art and Design: History, Practice and Theory']",2
Paper 4488,['Earth Systems and Environmental Sciences'],3
Paper 4489,"['Agriculture, Food and Veterinary Sciences']",2
Paper 4490,['Business and Management Studies'],2
Paper 4491,"['Social Work and Social Policy', 'Art and Design: History, Practice and Theory']",2
Paper 4492,"['Agriculture, Food and Veterinary Sciences']",2
Paper 4493,['Modern Languages and Linguistics'],3
Paper 4494,['Computer Science and Informatics'],2
Paper 4495,['Mathematical Sciences'],2
Paper 4496,['Social Work and Social Policy'],3
Paper 4497,['Social Work and Social Policy'],3
Paper 4498,['Physics'],3
Paper 4499,['Engineering'],2
Paper 4500,['Chemistry'],3
Paper 4501,"['Agriculture, Food and Veterinary Sciences']",3
Paper 4502,"['Agriculture, Food and Veterinary Sciences']",2
Paper 4503,"['Public Health, Health Services and Primary Care']",3
Paper 4504,['Anthropology and Development Studies'],3
Paper 4505,['Mathematical Sciences'],3
Paper 4506,['Economics and Econometrics'],2
Paper 4507,"['Communication, Cultural and Media Studies, Library and Information Management']",2
Paper 4508,['Sociology'],2
Paper 4509,['Physics'],3
Paper 4510,['Sociology'],3
Paper 4511,['Business and Management Studies'],2
Paper 4512,"['Physics', 'Physics']",3
Paper 4513,['English Language and Literature'],2
Paper 4514,['History'],2
Paper 4515,"['Communication, Cultural and Media Studies, Library and Information Management']",3
Paper 4516,['English Language and Literature'],3
Paper 4517,['Earth Systems and Environmental Sciences'],3
Paper 4518,['Physics'],3
Paper 4519,"['Communication, Cultural and Media Studies, Library and Information Management', 'Geography and Environmental Studies']",3
Paper 4520,"['Architecture, Built Environment and Planning']",3
Paper 4521,"['Psychology, Psychiatry and Neuroscience']",2
Paper 4522,['Politics and International Studies'],3
Paper 4523,['Social Work and Social Policy'],2
Paper 4524,['Social Work and Social Policy'],3
Paper 4525,['Economics and Econometrics'],2
Paper 4526,['Business and Management Studies'],2
Paper 4527,['Social Work and Social Policy'],2
Paper 4528,"['Music, Drama, Dance, Performing Arts, Film and Screen Studies']",2
Paper 4529,['Law'],2
Paper 4530,['Computer Science and Informatics'],3
Paper 4531,['Theology and Religious Studies'],2
Paper 4532,['Theology and Religious Studies'],3
Paper 4533,['Classics'],3
Paper 4534,['Chemistry'],3
Paper 4535,"['Public Health, Health Services and Primary Care']",3
Paper 4536,['Business and Management Studies'],3
Paper 4537,"['Clinical Medicine', 'Clinical Medicine']",3
Paper 4538,['Chemistry'],3
Paper 4539,['Clinical Medicine'],3
Paper 4540,['Earth Systems and Environmental Sciences'],4
Paper 4541,['Politics and International Studies'],3
Paper 4542,['Anthropology and Development Studies'],3
Paper 4543,"['Music, Drama, Dance, Performing Arts, Film and Screen Studies']",3
Paper 4544,['History'],3
Paper 4545,['Economics and Econometrics'],3
Paper 4546,['Biological Sciences'],3
Paper 4547,"['Archaeology', 'Archaeology']",3
Paper 4548,"['Allied Health Professions, Dentistry, Nursing and Pharmacy']",3
Paper 4549,"['Public Health, Health Services and Primary Care']",3
Paper 4550,['Business and Management Studies'],2
Paper 4551,"['Sport and Exercise Sciences, Leisure and Tourism']",3
Paper 4552,['Philosophy'],3
Paper 4553,['Philosophy'],2
Paper 4554,['Clinical Medicine'],3
Paper 4555,"['Allied Health Professions, Dentistry, Nursing and Pharmacy']",3
Paper 4556,['Clinical Medicine'],3
Paper 4557,"['Architecture, Built Environment and Planning']",3
Paper 4558,['Law'],2
Paper 4559,"['Agriculture, Food and Veterinary Sciences', 'Earth Systems and Environmental Sciences']",3
Paper 4560,"['Communication, Cultural and Media Studies, Library and Information Management']",3
Paper 4561,['Philosophy'],2
Paper 4562,"['Psychology, Psychiatry and Neuroscience']",2
Paper 4563,"['Agriculture, Food and Veterinary Sciences']",3
Paper 4564,"['Communication, Cultural and Media Studies, Library and Information Management']",2
Paper 4565,"['Public Health, Health Services and Primary Care']",3
Paper 4566,['Social Work and Social Policy'],3
Paper 4567,['Education'],2
Paper 4568,"['Public Health, Health Services and Primary Care']",3
Paper 4569,"['Education', 'Social Work and Social Policy']",1
Paper 4570,"['Psychology, Psychiatry and Neuroscience']",2
Paper 4571,['Mathematical Sciences'],2
Paper 4572,['Archaeology'],3
Paper 4573,"['Computer Science and Informatics', 'Area Studies']",3
Paper 4574,['Mathematical Sciences'],3
Paper 4575,['Theology and Religious Studies'],3
Paper 4576,"['Chemistry', 'Clinical Medicine']",3
Paper 4577,['Sociology'],3
Paper 4578,['Business and Management Studies'],2
Paper 4579,"['Architecture, Built Environment and Planning']",3
Paper 4580,['Geography and Environmental Studies'],2
Paper 4581,['Politics and International Studies'],2
Paper 4582,['Sociology'],2
Paper 4583,"['Allied Health Professions, Dentistry, Nursing and Pharmacy']",2
Paper 4584,"['Public Health, Health Services and Primary Care']",3
Paper 4585,['Physics'],3
Paper 4586,['Area Studies'],3
Paper 4587,"['Art and Design: History, Practice and Theory', 'Communication, Cultural and Media Studies, Library and Information Management']",3
Paper 4588,"['Psychology, Psychiatry and Neuroscience']",3
Paper 4589,"['Allied Health Professions, Dentistry, Nursing and Pharmacy']",2
Paper 4590,['Classics'],3
Paper 4591,"['Music, Drama, Dance, Performing Arts, Film and Screen Studies']",1
Paper 4592,"['Art and Design: History, Practice and Theory']",3
Paper 4593,"['Music, Drama, Dance, Performing Arts, Film and Screen Studies']",3
Paper 4594,['Mathematical Sciences'],3
Paper 4595,['Mathematical Sciences'],3
Paper 4596,['Chemistry'],2
Paper 4597,['Education'],1
Paper 4598,['Area Studies'],3
Paper 4599,['Sociology'],2
Paper 4600,"['Psychology, Psychiatry and Neuroscience']",3
Paper 4601,"['Psychology, Psychiatry and Neuroscience']",2
Paper 4602,['Chemistry'],3
Paper 4603,['Mathematical Sciences'],3
Paper 4604,['Archaeology'],3
Paper 4605,['Physics'],3
Paper 4606,['Classics'],3
Paper 4607,"['Agriculture, Food and Veterinary Sciences']",2
Paper 4608,['Engineering'],3
Paper 4609,['History'],2
Paper 4610,"['Art and Design: History, Practice and Theory']",2
Paper 4611,['Physics'],3
Paper 4612,['Archaeology'],3
Paper 4613,"['Allied Health Professions, Dentistry, Nursing and Pharmacy']",2
Paper 4614,['Computer Science and Informatics'],2
Paper 4615,['Area Studies'],3
Paper 4616,"['Earth Systems and Environmental Sciences', 'Engineering']",3
Paper 4617,['Physics'],3
Paper 4618,['Anthropology and Development Studies'],2
Paper 4619,"['Allied Health Professions, Dentistry, Nursing and Pharmacy']",2
Paper 4620,"['Public Health, Health Services and Primary Care']",3
Paper 4621,"['Public Health, Health Services and Primary Care']",3
Paper 4622,"['Psychology, Psychiatry and Neuroscience', 'Business and Management Studies']",3
Paper 4623,"['Psychology, Psychiatry and Neuroscience']",2
Paper 4624,['Social Work and Social Policy'],2
Paper 4625,['Computer Science and Informatics'],2
Paper 4626,['Social Work and Social Policy'],3
Paper 4627,['History'],3
Paper 4628,['Computer Science and Informatics'],2
Paper 4629,"['Architecture, Built Environment and Planning']",2
Paper 4630,['Physics'],3
Paper 4631,['Mathematical Sciences'],3
Paper 4632,['Business and Management Studies'],2
Paper 4633,['Computer Science and Informatics'],2
Paper 4634,['Modern Languages and Linguistics'],2
Paper 4635,['Theology and Religious Studies'],3
Paper 4636,['Philosophy'],3
Paper 4637,"['Public Health, Health Services and Primary Care']",3
Paper 4638,['Earth Systems and Environmental Sciences'],2
Paper 4639,"['Communication, Cultural and Media Studies, Library and Information Management']",2
Paper 4640,['Mathematical Sciences'],3
Paper 4641,['Economics and Econometrics'],1
Paper 4642,['Archaeology'],2
Paper 4643,['Engineering'],2
Paper 4644,['Classics'],3
Paper 4645,['History'],3
Paper 4646,"['Allied Health Professions, Dentistry, Nursing and Pharmacy']",3
Paper 4647,['Computer Science and Informatics'],2
Paper 4648,"['Public Health, Health Services and Primary Care', 'Law']",3
Paper 4649,['Mathematical Sciences'],2
Paper 4650,['English Language and Literature'],2
Paper 4651,['Economics and Econometrics'],2
Paper 4652,"['Music, Drama, Dance, Performing Arts, Film and Screen Studies']",2
Paper 4653,"['Allied Health Professions, Dentistry, Nursing and Pharmacy']",3
Paper 4654,['Business and Management Studies'],2
Paper 4655,['Archaeology'],3
Paper 4656,"['Art and Design: History, Practice and Theory']",2
Paper 4657,['Theology and Religious Studies'],2
Paper 4658,['Archaeology'],2
Paper 4659,['Theology and Religious Studies'],2
Paper 4660,['Business and Management Studies'],3
Paper 4661,['Education'],2
Paper 4662,"['Art and Design: History, Practice and Theory']",2
Paper 4663,"['Communication, Cultural and Media Studies, Library and Information Management']",3
Paper 4664,['Social Work and Social Policy'],2
Paper 4665,"['Art and Design: History, Practice and Theory', 'Education']",3
Paper 4666,['Area Studies'],3
Paper 4667,"['Music, Drama, Dance, Performing Arts, Film and Screen Studies']",3
Paper 4668,['Biological Sciences'],2
Paper 4669,['Biological Sciences'],3
Paper 4670,['Physics'],3
Paper 4671,['Social Work and Social Policy'],2
Paper 4672,['History'],2
Paper 4673,"['Art and Design: History, Practice and Theory']",3
Paper 4674,['Area Studies'],3
Paper 4675,['Clinical Medicine'],3
Paper 4676,"['Psychology, Psychiatry and Neuroscience']",2
Paper 4677,"['Art and Design: History, Practice and Theory']",2
Paper 4678,"['Music, Drama, Dance, Performing Arts, Film and Screen Studies']",3
Paper 4679,['Clinical Medicine'],3
Paper 4680,['Theology and Religious Studies'],2
Paper 4681,['Geography and Environmental Studies'],3
Paper 4682,"['Agriculture, Food and Veterinary Sciences', 'Agriculture, Food and Veterinary Sciences']",3
Paper 4683,['Social Work and Social Policy'],2
Paper 4684,"['Biological Sciences', 'Modern Languages and Linguistics']",3
Paper 4685,['Clinical Medicine'],3
Paper 4686,['Politics and International Studies'],3
Paper 4687,"['Communication, Cultural and Media Studies, Library and Information Management']",3
Paper 4688,['Chemistry'],3
Paper 4689,"['Public Health, Health Services and Primary Care']",3
Paper 4690,['Law'],3
Paper 4691,['Law'],2
Paper 4692,['Archaeology'],3
Paper 4693,"['Communication, Cultural and Media Studies, Library and Information Management']",2
Paper 4694,['Business and Management Studies'],2
Paper 4695,['Business and Management Studies'],2
Paper 4696,['Biological Sciences'],3
Paper 4697,['Area Studies'],3
Paper 4698,"['Architecture, Built Environment and Planning']",3
Paper 4699,['Sociology'],3
Paper 4700,['Business and Management Studies'],3
Paper 4701,"['Philosophy', 'English Language and Literature']",3
Paper 4702,['Philosophy'],3
Paper 4703,['Physics'],3
Paper 4704,['Theology and Religious Studies'],2
Paper 4705,['Business and Management Studies'],3
Paper 4706,"['Allied Health Professions, Dentistry, Nursing and Pharmacy', 'English Language and Literature']",2
Paper 4707,['Social Work and Social Policy'],2
Paper 4708,['Politics and International Studies'],3
Paper 4709,['Law'],2
Paper 4710,['Geography and Environmental Studies'],3
Paper 4711,['Computer Science and Informatics'],2
Paper 4712,['Geography and Environmental Studies'],3
Paper 4713,['Clinical Medicine'],3
Paper 4714,['Social Work and Social Policy'],3
Paper 4715,['Classics'],3
Paper 4716,['Mathematical Sciences'],2
Paper 4717,"['Psychology, Psychiatry and Neuroscience']",3
Paper 4718,['Biological Sciences'],2
Paper 4719,['Politics and International Studies'],2
Paper 4720,"['Art and Design: History, Practice and Theory']",3
Paper 4721,['Economics and Econometrics'],3
Paper 4722,"['Sport and Exercise Sciences, Leisure and Tourism']",3
Paper 4723,['Theology and Religious Studies'],2
Paper 4724,['Clinical Medicine'],2
Paper 4725,['Modern Languages and Linguistics'],3
Paper 4726,['Archaeology'],3
Paper 4727,['English Language and Literature'],2
Paper 4728,['Education'],2
Paper 4729,['Education'],3
Paper 4730,['Education'],3
Paper 4731,['Physics'],3
Paper 4732,['Earth Systems and Environmental Sciences'],3
Paper 4733,['Mathematical Sciences'],3
Paper 4734,['Sociology'],3
Paper 4735,"['Music, Drama, Dance, Performing Arts, Film and Screen Studies']",2
Paper 4736,"['Sport and Exercise Sciences, Leisure and Tourism']",3
Paper 4737,['History'],2
Paper 4738,['Sociology'],2
Paper 4739,['History'],3
Paper 4740,['Engineering'],3
Paper 4741,"['Music, Drama, Dance, Performing Arts, Film and Screen Studies']",2
Paper 4742,"['Allied Health Professions, Dentistry, Nursing and Pharmacy']",2
Paper 4743,['Engineering'],2
Paper 4744,['Law'],2
Paper 4745,['Chemistry'],3
Paper 4746,"['Psychology, Psychiatry and Neuroscience']",2
Paper 4747,['Computer Science and Informatics'],3
Paper 4748,['Economics and Econometrics'],2
Paper 4749,['Chemistry'],3
Paper 4750,['Education'],2
Paper 4751,['Philosophy'],3
Paper 4752,['Politics and International Studies'],3
Paper 4753,['Area Studies'],3
Paper 4754,"['Communication, Cultural and Media Studies, Library and Information Management']",3
Paper 4755,['Modern Languages and Linguistics'],2
Paper 4756,['History'],2
Paper 4757,"['Architecture, Built Environment and Planning']",3
Paper 4758,['Philosophy'],2
Paper 4759,['Education'],2
Paper 4760,"['Communication, Cultural and Media Studies, Library and Information Management']",2
Paper 4761,['History'],3
Paper 4762,['Physics'],3
Paper 4763,['Archaeology'],3
Paper 4764,"['Agriculture, Food and Veterinary Sciences']",2
Paper 4765,"['Communication, Cultural and Media Studies, Library and Information Management']",3
Paper 4766,"['Art and Design: History, Practice and Theory']",3
Paper 4767,['Physics'],3
Paper 4768,['Social Work and Social Policy'],1
Paper 4769,['English Language and Literature'],3
Paper 4770,['Social Work and Social Policy'],3
Paper 4771,['Philosophy'],2
Paper 4772,"['Communication, Cultural and Media Studies, Library and Information Management']",2
Paper 4773,"['Sport and Exercise Sciences, Leisure and Tourism']",2
Paper 4774,['Sociology'],2
Paper 4775,['Earth Systems and Environmental Sciences'],3
Paper 4776,['Archaeology'],3
Paper 4777,['Physics'],3
Paper 4778,"['Psychology, Psychiatry and Neuroscience']",3
Paper 4779,['Chemistry'],3
Paper 4780,['Chemistry'],3
Paper 4781,['Politics and International Studies'],2
Paper 4782,"['Music, Drama, Dance, Performing Arts, Film and Screen Studies']",3
Paper 4783,"['Art and Design: History, Practice and Theory']",3
Paper 4784,['Engineering'],2
Paper 4785,['Area Studies'],3
Paper 4786,"['Education', 'Business and Management Studies']",3
Paper 4787,"['Art and Design: History, Practice and Theory']",3
Paper 4788,"['Agriculture, Food and Veterinary Sciences']",3
Paper 4789,['Computer Science and Informatics'],2
Paper 4790,"['Chemistry', 'Philosophy']",3
Paper 4791,"['Architecture, Built Environment and Planning']",2
Paper 4792,['Archaeology'],3
Paper 4793,['Biological Sciences'],3
Paper 4794,['Economics and Econometrics'],3
Paper 4795,"['Allied Health Professions, Dentistry, Nursing and Pharmacy']",2
Paper 4796,['English Language and Literature'],3
Paper 4797,['Computer Science and Informatics'],2
Paper 4798,"['Psychology, Psychiatry and Neuroscience']",2
Paper 4799,"['Music, Drama, Dance, Performing Arts, Film and Screen Studies']",2
Paper 4800,['Earth Systems and Environmental Sciences'],3
Paper 4801,"['Public Health, Health Services and Primary Care']",3
Paper 4802,['Geography and Environmental Studies'],3
Paper 4803,['Earth Systems and Environmental Sciences'],3
Paper 4804,['Biological Sciences'],3
Paper 4805,"['Architecture, Built Environment and Planning']",3
Paper 4806,"['Psychology, Psychiatry and Neuroscience']",3
Paper 4807,['Chemistry'],3
Paper 4808,['Biological Sciences'],2
Paper 4809,['Modern Languages and Linguistics'],3
Paper 4810,['English Language and Literature'],2
Paper 4811,['Biological Sciences'],3
Paper 4812,['Chemistry'],3
Paper 4813,['Law'],2
Paper 4814,['History'],3
Paper 4815,['Earth Systems and Environmental Sciences'],3
Paper 4816,['Physics'],3
Paper 4817,['Business and Management Studies'],2
Paper 4818,['Business and Management Studies'],2
Paper 4819,"['Art and Design: History, Practice and Theory']",3
Paper 4820,"['Biological Sciences', 'Philosophy']",2
Paper 4821,"['Art and Design: History, Practice and Theory']",2
Paper 4822,['Biological Sciences'],3
Paper 4823,['English Language and Literature'],3
Paper 4824,['Archaeology'],2
Paper 4825,['Physics'],3
Paper 4826,['Computer Science and Informatics'],3
Paper 4827,['Clinical Medicine'],3
Paper 4828,['Anthropology and Development Studies'],3
Paper 4829,['Politics and International Studies'],3
Paper 4830,"['Agriculture, Food and Veterinary Sciences']",3
Paper 4831,['Archaeology'],2
Paper 4832,"['Music, Drama, Dance, Performing Arts, Film and Screen Studies']",1
Paper 4833,"['Education', 'Classics']",2
Paper 4834,['Mathematical Sciences'],3
Paper 4835,"['Sport and Exercise Sciences, Leisure and Tourism']",3
Paper 4836,['Earth Systems and Environmental Sciences'],3
Paper 4837,['Education'],2
Paper 4838,"['Sport and Exercise Sciences, Leisure and Tourism']",2
Paper 4839,['Biological Sciences'],3
Paper 4840,['Economics and Econometrics'],2
Paper 4841,"['Psychology, Psychiatry and Neuroscience']",2
Paper 4842,['Archaeology'],3
Paper 4843,['Politics and International Studies'],2
Paper 4844,['Classics'],3
Paper 4845,"['Allied Health Professions, Dentistry, Nursing and Pharmacy']",3
Paper 4846,"['Public Health, Health Services and Primary Care']",2
Paper 4847,"['Sport and Exercise Sciences, Leisure and Tourism']",3
Paper 4848,['Sociology'],3
Paper 4849,['Earth Systems and Environmental Sciences'],3
Paper 4850,['Mathematical Sciences'],3
Paper 4851,"['Agriculture, Food and Veterinary Sciences']",3
Paper 4852,"['Agriculture, Food and Veterinary Sciences']",3
Paper 4853,['Politics and International Studies'],2
Paper 4854,"['Sport and Exercise Sciences, Leisure and Tourism']",3
Paper 4855,"['Agriculture, Food and Veterinary Sciences']",3
Paper 4856,['Politics and International Studies'],3
Paper 4857,['Economics and Econometrics'],3
Paper 4858,"['Public Health, Health Services and Primary Care']",3
Paper 4859,['Economics and Econometrics'],2
Paper 4860,['History'],2
Paper 4861,"['English Language and Literature', 'Chemistry']",3
Paper 4862,['Sociology'],2
Paper 4863,['Geography and Environmental Studies'],2
Paper 4864,"['Music, Drama, Dance, Performing Arts, Film and Screen Studies']",3
Paper 4865,['Archaeology'],3
Paper 4866,"['Communication, Cultural and Media Studies, Library and Information Management']",3
Paper 4867,['Computer Science and Informatics'],2
Paper 4868,"['Music, Drama, Dance, Performing Arts, Film and Screen Studies']",2
Paper 4869,"['Biological Sciences', 'Economics and Econometrics']",3
Paper 4870,['Clinical Medicine'],3
Paper 4871,"['Public Health, Health Services and Primary Care']",3
Paper 4872,['English Language and Literature'],3
Paper 4873,['Geography and Environmental Studies'],3
Paper 4874,"['Physics', 'Sport and Exercise Sciences, Leisure and Tourism']",3
Paper 4875,"['Sport and Exercise Sciences, Leisure and Tourism']",2
Paper 4876,"['Engineering', 'Sport and Exercise Sciences, Leisure and Tourism']",3
Paper 4877,['Area Studies'],3
Paper 4878,"['Philosophy', 'Earth Systems and Environmental Sciences']",3
Paper 4879,['Physics'],3
Paper 4880,['Biological Sciences'],3
Paper 4881,['Anthropology and Development Studies'],3
Paper 4882,['Mathematical Sciences'],3
Paper 4883,['English Language and Literature'],3
Paper 4884,['Social Work and Social Policy'],2
Paper 4885,"['Sport and Exercise Sciences, Leisure and Tourism']",2
Paper 4886,"['Communication, Cultural and Media Studies, Library and Information Management']",2
Paper 4887,['Anthropology and Development Studies'],2
Paper 4888,['Clinical Medicine'],2
Paper 4889,['Economics and Econometrics'],3
Paper 4890,['Chemistry'],3
Paper 4891,['Sociology'],2
Paper 4892,['Politics and International Studies'],3
Paper 4893,['Physics'],3
Paper 4894,"['Computer Science and Informatics', 'Physics']",3
Paper 4895,"['Education', 'English Language and Literature']",2
Paper 4896,['Archaeology'],3
Paper 4897,['Business and Management Studies'],3
Paper 4898,"['Music, Drama, Dance, Performing Arts, Film and Screen Studies']",2
Paper 4899,['Clinical Medicine'],3
Paper 4900,['Education'],2
Paper 4901,['Business and Management Studies'],2
Paper 4902,['Education'],2
Paper 4903,['Philosophy'],2
Paper 4904,['Theology and Religious Studies'],3
Paper 4905,"['Music, Drama, Dance, Performing Arts, Film and Screen Studies']",3
Paper 4906,['Anthropology and Development Studies'],3
Paper 4907,['Area Studies'],3
Paper 4908,"['Communication, Cultural and Media Studies, Library and Information Management']",3
Paper 4909,['Physics'],3
Paper 4910,['Archaeology'],3
Paper 4911,"['Communication, Cultural and Media Studies, Library and Information Management']",3
Paper 4912,['History'],2
Paper 4913,['Computer Science and Informatics'],3
Paper 4914,"['Art and Design: History, Practice and Theory']",3
Paper 4915,"['Computer Science and Informatics', 'Social Work and Social Policy']",2
Paper 4916,['Earth Systems and Environmental Sciences'],3
Paper 4917,['Modern Languages and Linguistics'],3
Paper 4918,"['Music, Drama, Dance, Performing Arts, Film and Screen Studies']",3
Paper 4919,"['Sport and Exercise Sciences, Leisure and Tourism', 'Philosophy']",2
Paper 4920,['Chemistry'],2
Paper 4921,"['Architecture, Built Environment and Planning']",3
Paper 4922,['Engineering'],3
Paper 4923,['History'],2
Paper 4924,['Anthropology and Development Studies'],3
Paper 4925,['Geography and Environmental Studies'],2
Paper 4926,['Mathematical Sciences'],3
Paper 4927,['Geography and Environmental Studies'],2
Paper 4928,['Politics and International Studies'],3
Paper 4929,['Classics'],3
Paper 4930,['Engineering'],2
Paper 4931,['Law'],2
Paper 4932,['Geography and Environmental Studies'],2
Paper 4933,['Law'],3
Paper 4934,['Philosophy'],2
Paper 4935,['Clinical Medicine'],3
Paper 4936,['Anthropology and Development Studies'],3
Paper 4937,['Engineering'],3
Paper 4938,"['Sport and Exercise Sciences, Leisure and Tourism']",2
Paper 4939,['Archaeology'],3
Paper 4940,['History'],2
Paper 4941,"['Sport and Exercise Sciences, Leisure and Tourism']",3
Paper 4942,['Physics'],3
Paper 4943,['Computer Science and Informatics'],2
Paper 4944,"['Philosophy', 'Politics and International Studies']",3
Paper 4945,['Engineering'],2
Paper 4946,['Chemistry'],3
Paper 4947,"['Music, Drama, Dance, Performing Arts, Film and Screen Studies']",2
Paper 4948,['Philosophy'],2
Paper 4949,['English Language and Literature'],3
Paper 4950,['Business and Management Studies'],3
Paper 4951,['Earth Systems and Environmental Sciences'],3
Paper 4952,['Anthropology and Development Studies'],3
Paper 4953,"['Art and Design: History, Practice and Theory']",2
Paper 4954,"['Allied Health Professions, Dentistry, Nursing and Pharmacy', 'Biological Sciences']",2
Paper 4955,['Earth Systems and Environmental Sciences'],3
Paper 4956,['Biological Sciences'],3
Paper 4957,['Clinical Medicine'],3
Paper 4958,"['Agriculture, Food and Veterinary Sciences']",3
Paper 4959,['Physics'],3
Paper 4960,"['Sport and Exercise Sciences, Leisure and Tourism']",3
Paper 4961,['Clinical Medicine'],3
Paper 4962,['Modern Languages and Linguistics'],3
Paper 4963,['Engineering'],3
Paper 4964,"['Art and Design: History, Practice and Theory']",3
Paper 4965,['Social Work and Social Policy'],3
Paper 4966,"['Communication, Cultural and Media Studies, Library and Information Management']",3
Paper 4967,"['Sport and Exercise Sciences, Leisure and Tourism']",3
Paper 4968,['Clinical Medicine'],3
Paper 4969,['Sociology'],2
Paper 4970,['Earth Systems and Environmental Sciences'],2
Paper 4971,['Education'],1
Paper 4972,['Engineering'],3
Paper 4973,['English Language and Literature'],3
Paper 4974,['Education'],2
Paper 4975,['Geography and Environmental Studies'],2
Paper 4976,"['Psychology, Psychiatry and Neuroscience']",2
Paper 4977,"['Architecture, Built Environment and Planning']",2
Paper 4978,['Engineering'],2
Paper 4979,"['Clinical Medicine', 'Chemistry']",4
Paper 4980,['Theology and Religious Studies'],2
Paper 4981,"['Chemistry', 'Politics and International Studies']",2
Paper 4982,['Biological Sciences'],3
Paper 4983,['Physics'],3
Paper 4984,['Theology and Religious Studies'],3
Paper 4985,['Education'],2
Paper 4986,['Classics'],3
Paper 4987,['History'],2
Paper 4988,['Computer Science and Informatics'],3
Paper 4989,['Chemistry'],3
Paper 4990,['Archaeology'],2
Paper 4991,"['Music, Drama, Dance, Performing Arts, Film and Screen Studies']",2
Paper 4992,['Mathematical Sciences'],4
Paper 4993,"['Architecture, Built Environment and Planning']",2
Paper 4994,"['Communication, Cultural and Media Studies, Library and Information Management']",3
Paper 4995,['Politics and International Studies'],3
Paper 4996,"['Psychology, Psychiatry and Neuroscience', 'Sociology']",2
Paper 4997,"['Public Health, Health Services and Primary Care']",3
Paper 4998,['Geography and Environmental Studies'],2
Paper 4999,"['Allied Health Professions, Dentistry, Nursing and Pharmacy']",2
Paper 5000,"['Music, Drama, Dance, Performing Arts, Film and Screen Studies']",3
Paper 5001,['Archaeology'],3
Paper 5002,"['Communication, Cultural and Media Studies, Library and Information Management']",2
Paper 5003,['Theology and Religious Studies'],3
Paper 5004,['Modern Languages and Linguistics'],2
Paper 5005,['Physics'],3
Paper 5006,['Mathematical Sciences'],2
Paper 5007,['Chemistry'],3
Paper 5008,['Economics and Econometrics'],2
Paper 5009,['Physics'],3
Paper 5010,"['Sport and Exercise Sciences, Leisure and Tourism']",3
Paper 5011,['Physics'],3
Paper 5012,"['Agriculture, Food and Veterinary Sciences']",2
Paper 5013,['Social Work and Social Policy'],2
Paper 5014,['History'],2
Paper 5015,"['Communication, Cultural and Media Studies, Library and Information Management']",2
Paper 5016,['Physics'],3
Paper 5017,['Archaeology'],3
Paper 5018,['Physics'],3
Paper 5019,['Archaeology'],2
Paper 5020,"['Biological Sciences', 'English Language and Literature']",3
Paper 5021,['Anthropology and Development Studies'],3
Paper 5022,['Economics and Econometrics'],3
Paper 5023,"['Art and Design: History, Practice and Theory']",2
Paper 5024,"['Art and Design: History, Practice and Theory']",2
Paper 5025,"['Sport and Exercise Sciences, Leisure and Tourism']",2
Paper 5026,['Chemistry'],3
Paper 5027,"['Art and Design: History, Practice and Theory']",2
Paper 5028,['Politics and International Studies'],2
Paper 5029,['Physics'],3
Paper 5030,['Geography and Environmental Studies'],2
Paper 5031,"['Psychology, Psychiatry and Neuroscience']",2
Paper 5032,"['Art and Design: History, Practice and Theory']",2
Paper 5033,['Mathematical Sciences'],3
Paper 5034,['Computer Science and Informatics'],3
Paper 5035,['Area Studies'],3
Paper 5036,"['Geography and Environmental Studies', 'Anthropology and Development Studies']",3
Paper 5037,['Mathematical Sciences'],2
Paper 5038,['Philosophy'],2
Paper 5039,['Chemistry'],3
Paper 5040,['English Language and Literature'],3
Paper 5041,['Area Studies'],3
Paper 5042,['Biological Sciences'],3
Paper 5043,"['Physics', 'Education']",2
Paper 5044,"['Public Health, Health Services and Primary Care']",3
Paper 5045,"['Allied Health Professions, Dentistry, Nursing and Pharmacy']",2
Paper 5046,['Clinical Medicine'],3
Paper 5047,"['Music, Drama, Dance, Performing Arts, Film and Screen Studies']",2
Paper 5048,['Biological Sciences'],2
Paper 5049,['Sociology'],3
Paper 5050,['Engineering'],2
Paper 5051,['Physics'],2
Paper 5052,"['Economics and Econometrics', 'History']",3
Paper 5053,"['Politics and International Studies', 'Architecture, Built Environment and Planning']",3
Paper 5054,['Physics'],3
Paper 5055,['Classics'],3
Paper 5056,"['Agriculture, Food and Veterinary Sciences']",3
Paper 5057,['Theology and Religious Studies'],2
Paper 5058,['Theology and Religious Studies'],3
Paper 5059,['Computer Science and Informatics'],2
Paper 5060,['Social Work and Social Policy'],2
Paper 5061,['Law'],3
Paper 5062,"['Psychology, Psychiatry and Neuroscience']",3
Paper 5063,"['Public Health, Health Services and Primary Care']",3
Paper 5064,['Anthropology and Development Studies'],3
Paper 5065,"['Clinical Medicine', 'Mathematical Sciences']",2
Paper 5066,['Clinical Medicine'],3
Paper 5067,['Politics and International Studies'],3
Paper 5068,"['Art and Design: History, Practice and Theory']",3
Paper 5069,['Social Work and Social Policy'],2
Paper 5070,['Area Studies'],3
Paper 5071,['Law'],2
Paper 5072,"['Allied Health Professions, Dentistry, Nursing and Pharmacy']",2
Paper 5073,['English Language and Literature'],3
Paper 5074,['Computer Science and Informatics'],3
Paper 5075,['Sociology'],2
Paper 5076,"['Philosophy', 'Politics and International Studies']",2
Paper 5077,"['Music, Drama, Dance, Performing Arts, Film and Screen Studies']",2
Paper 5078,['Philosophy'],3
Paper 5079,"['Art and Design: History, Practice and Theory']",2
Paper 5080,['History'],3
Paper 5081,"['Agriculture, Food and Veterinary Sciences']",3
Paper 5082,"['Agriculture, Food and Veterinary Sciences']",2
Paper 5083,['Classics'],3
Paper 5084,['Philosophy'],2
Paper 5085,"['Mathematical Sciences', 'Area Studies']",3
Paper 5086,['Law'],3
Paper 5087,['Politics and International Studies'],2
Paper 5088,['Area Studies'],3
Paper 5089,['Earth Systems and Environmental Sciences'],3
Paper 5090,['Archaeology'],3
Paper 5091,"['Music, Drama, Dance, Performing Arts, Film and Screen Studies']",2
Paper 5092,['Politics and International Studies'],3
Paper 5093,['Sociology'],3
Paper 5094,"['Mathematical Sciences', 'Economics and Econometrics']",4
Paper 5095,['Sociology'],2
Paper 5096,['Earth Systems and Environmental Sciences'],3
Paper 5097,"['Communication, Cultural and Media Studies, Library and Information Management']",2
Paper 5098,['Computer Science and Informatics'],2
Paper 5099,['Chemistry'],3
Paper 5100,['Mathematical Sciences'],3
Paper 5101,['Physics'],3
Paper 5102,['Theology and Religious Studies'],2
Paper 5103,['Business and Management Studies'],2
Paper 5104,['Education'],2
Paper 5105,['Law'],3
Paper 5106,['Law'],2
Paper 5107,['Chemistry'],3
Paper 5108,['Social Work and Social Policy'],2
Paper 5109,['Chemistry'],3
Paper 5110,"['Business and Management Studies', 'Geography and Environmental Studies']",2
Paper 5111,['Philosophy'],2
Paper 5112,['Philosophy'],2
Paper 5113,['Business and Management Studies'],3
Paper 5114,['Anthropology and Development Studies'],3
Paper 5115,"['Music, Drama, Dance, Performing Arts, Film and Screen Studies']",3
Paper 5116,['Theology and Religious Studies'],2
Paper 5117,"['Agriculture, Food and Veterinary Sciences']",2
Paper 5118,['Theology and Religious Studies'],2
Paper 5119,['Area Studies'],3
Paper 5120,['Mathematical Sciences'],3
Paper 5121,"['Sport and Exercise Sciences, Leisure and Tourism']",3
Paper 5122,"['Sport and Exercise Sciences, Leisure and Tourism']",2
Paper 5123,['Social Work and Social Policy'],3
Paper 5124,['Modern Languages and Linguistics'],3
Paper 5125,"['Agriculture, Food and Veterinary Sciences']",3
Paper 5126,['Modern Languages and Linguistics'],3
Paper 5127,"['Politics and International Studies', 'Philosophy']",3
Paper 5128,['Social Work and Social Policy'],3
Paper 5129,"['Biological Sciences', 'Sociology']",2
Paper 5130,['History'],3
Paper 5131,['Theology and Religious Studies'],3
Paper 5132,['Education'],2
Paper 5133,"['Clinical Medicine', 'Classics']",3
Paper 5134,"['Allied Health Professions, Dentistry, Nursing and Pharmacy']",3
Paper 5135,['Mathematical Sciences'],3
Paper 5136,"['Architecture, Built Environment and Planning']",2
Paper 5137,['Politics and International Studies'],2
Paper 5138,['History'],2
Paper 5139,['History'],3
Paper 5140,"['Psychology, Psychiatry and Neuroscience']",3
Paper 5141,['English Language and Literature'],3
Paper 5142,['Education'],2
Paper 5143,['Biological Sciences'],3
Paper 5144,['Archaeology'],3
Paper 5145,"['Art and Design: History, Practice and Theory']",2
Paper 5146,['Sociology'],3
Paper 5147,['Politics and International Studies'],3
Paper 5148,['Modern Languages and Linguistics'],3
Paper 5149,['Computer Science and Informatics'],3
Paper 5150,"['Music, Drama, Dance, Performing Arts, Film and Screen Studies']",2
Paper 5151,"['Psychology, Psychiatry and Neuroscience']",3
Paper 5152,"['Physics', 'Modern Languages and Linguistics']",3
Paper 5153,['Earth Systems and Environmental Sciences'],3
Paper 5154,['Mathematical Sciences'],3
Paper 5155,['Physics'],3
Paper 5156,['Chemistry'],3
Paper 5157,"['Agriculture, Food and Veterinary Sciences']",2
Paper 5158,['Education'],3
Paper 5159,['Area Studies'],3
Paper 5160,['Classics'],3
Paper 5161,['Earth Systems and Environmental Sciences'],3
Paper 5162,"['Anthropology and Development Studies', 'Communication, Cultural and Media Studies, Library and Information Management']",3
Paper 5163,['Physics'],3
Paper 5164,['Economics and Econometrics'],3
Paper 5165,['Archaeology'],3
Paper 5166,['Biological Sciences'],3
Paper 5167,"['Sport and Exercise Sciences, Leisure and Tourism']",2
Paper 5168,['Theology and Religious Studies'],2
Paper 5169,['Social Work and Social Policy'],2
Paper 5170,['Sociology'],2
Paper 5171,['Geography and Environmental Studies'],3
Paper 5172,['Engineering'],3
Paper 5173,['History'],2
Paper 5174,['Geography and Environmental Studies'],3
Paper 5175,['Modern Languages and Linguistics'],3
Paper 5176,['Politics and International Studies'],2
Paper 5177,['English Language and Literature'],3
Paper 5178,"['Earth Systems and Environmental Sciences', 'Sport and Exercise Sciences, Leisure and Tourism']",3
Paper 5179,"['Agriculture, Food and Veterinary Sciences']",3
Paper 5180,['Mathematical Sciences'],3
Paper 5181,['Area Studies'],3
Paper 5182,"['Allied Health Professions, Dentistry, Nursing and Pharmacy']",2
Paper 5183,"['Art and Design: History, Practice and Theory']",2
Paper 5184,['Chemistry'],3
Paper 5185,['Mathematical Sciences'],3
Paper 5186,"['Sociology', 'History']",3
Paper 5187,['Social Work and Social Policy'],3
Paper 5188,['Computer Science and Informatics'],2
Paper 5189,['Philosophy'],3
Paper 5190,['Politics and International Studies'],3
Paper 5191,['Geography and Environmental Studies'],2
Paper 5192,"['Art and Design: History, Practice and Theory']",3
Paper 5193,"['Architecture, Built Environment and Planning']",2
Paper 5194,"['Communication, Cultural and Media Studies, Library and Information Management']",2
Paper 5195,['Computer Science and Informatics'],2
Paper 5196,['Sociology'],2
Paper 5197,['Philosophy'],3
Paper 5198,['Social Work and Social Policy'],3
Paper 5199,"['Agriculture, Food and Veterinary Sciences']",3
Paper 5200,['English Language and Literature'],3
Paper 5201,['Philosophy'],3
Paper 5202,['Classics'],3
Paper 5203,"['Music, Drama, Dance, Performing Arts, Film and Screen Studies']",2
Paper 5204,['Geography and Environmental Studies'],2
Paper 5205,['Mathematical Sciences'],3
Paper 5206,"['Clinical Medicine', 'Engineering']",3
Paper 5207,"['Psychology, Psychiatry and Neuroscience']",2
Paper 5208,['Politics and International Studies'],3
Paper 5209,['English Language and Literature'],2
Paper 5210,"['Engineering', 'Modern Languages and Linguistics']",3
Paper 5211,['Geography and Environmental Studies'],2
Paper 5212,['Biological Sciences'],2
Paper 5213,['Biological Sciences'],3
Paper 5214,['Geography and Environmental Studies'],2
Paper 5215,['Archaeology'],3
Paper 5216,"['Psychology, Psychiatry and Neuroscience', 'Clinical Medicine']",3
Paper 5217,['Area Studies'],2
Paper 5218,['English Language and Literature'],2
Paper 5219,['Social Work and Social Policy'],2
Paper 5220,['Physics'],3
Paper 5221,"['Law', 'Education']",1
Paper 5222,['Computer Science and Informatics'],2
Paper 5223,['Economics and Econometrics'],3
Paper 5224,['English Language and Literature'],3
Paper 5225,"['Allied Health Professions, Dentistry, Nursing and Pharmacy']",2
Paper 5226,['Business and Management Studies'],3
Paper 5227,"['Communication, Cultural and Media Studies, Library and Information Management']",2
Paper 5228,"['Theology and Religious Studies', 'Classics']",3
Paper 5229,['Computer Science and Informatics'],4
Paper 5230,"['Art and Design: History, Practice and Theory']",3
Paper 5231,"['Public Health, Health Services and Primary Care']",3
Paper 5232,['Archaeology'],3
Paper 5233,"['Agriculture, Food and Veterinary Sciences']",3
Paper 5234,"['Area Studies', 'Area Studies']",3
Paper 5235,"['Clinical Medicine', 'Chemistry']",3
Paper 5236,['Philosophy'],2
Paper 5237,['Chemistry'],3
Paper 5238,"['Communication, Cultural and Media Studies, Library and Information Management']",3
Paper 5239,['History'],3
Paper 5240,['Clinical Medicine'],3
Paper 5241,['Computer Science and Informatics'],2
Paper 5242,['Archaeology'],3
Paper 5243,"['Communication, Cultural and Media Studies, Library and Information Management']",3
Paper 5244,['Area Studies'],3
Paper 5245,"['Business and Management Studies', 'Law']",2
Paper 5246,['Area Studies'],3
Paper 5247,['Classics'],3
Paper 5248,['Physics'],3
Paper 5249,"['Public Health, Health Services and Primary Care']",3
Paper 5250,['Mathematical Sciences'],3
Paper 5251,"['Physics', 'Business and Management Studies']",3
Paper 5252,['Modern Languages and Linguistics'],2
Paper 5253,['Engineering'],3
Paper 5254,"['Sport and Exercise Sciences, Leisure and Tourism', 'Agriculture, Food and Veterinary Sciences']",3
Paper 5255,['Engineering'],2
Paper 5256,['Area Studies'],3
Paper 5257,['Theology and Religious Studies'],2
Paper 5258,['Chemistry'],2
Paper 5259,"['Public Health, Health Services and Primary Care']",3
Paper 5260,['Anthropology and Development Studies'],3
Paper 5261,['Area Studies'],3
Paper 5262,['Social Work and Social Policy'],2
Paper 5263,"['Area Studies', 'Philosophy']",3
Paper 5264,['Biological Sciences'],3
Paper 5265,"['Public Health, Health Services and Primary Care']",3
Paper 5266,['Education'],2
Paper 5267,"['Allied Health Professions, Dentistry, Nursing and Pharmacy']",2
Paper 5268,['Physics'],3
Paper 5269,['Politics and International Studies'],2
Paper 5270,['Physics'],3
Paper 5271,"['Architecture, Built Environment and Planning']",3
Paper 5272,"['Public Health, Health Services and Primary Care', 'Modern Languages and Linguistics']",2
Paper 5273,['Mathematical Sciences'],3
Paper 5274,['Chemistry'],3
Paper 5275,['Anthropology and Development Studies'],3
Paper 5276,"['Architecture, Built Environment and Planning']",2
Paper 5277,['History'],2
Paper 5278,['Anthropology and Development Studies'],3
Paper 5279,['Engineering'],3
Paper 5280,['Modern Languages and Linguistics'],2
Paper 5281,['Theology and Religious Studies'],2
Paper 5282,['Archaeology'],2
Paper 5283,['Education'],2
Paper 5284,['Modern Languages and Linguistics'],2
Paper 5285,"['Art and Design: History, Practice and Theory']",2
Paper 5286,['Philosophy'],3
Paper 5287,['Computer Science and Informatics'],2
Paper 5288,"['Communication, Cultural and Media Studies, Library and Information Management', 'Philosophy']",3
Paper 5289,['Anthropology and Development Studies'],3
Paper 5290,['Mathematical Sciences'],3
Paper 5291,['Clinical Medicine'],3
Paper 5292,['Biological Sciences'],2
Paper 5293,['Biological Sciences'],2
Paper 5294,['Clinical Medicine'],3
Paper 5295,['Computer Science and Informatics'],3
Paper 5296,['Physics'],3
Paper 5297,['Engineering'],2
Paper 5298,['Economics and Econometrics'],3
Paper 5299,['Earth Systems and Environmental Sciences'],3
Paper 5300,['Mathematical Sciences'],3
Paper 5301,"['Anthropology and Development Studies', 'English Language and Literature']",3
Paper 5302,"['Art and Design: History, Practice and Theory']",3
Paper 5303,['Clinical Medicine'],3
Paper 5304,['Biological Sciences'],3
Paper 5305,"['Music, Drama, Dance, Performing Arts, Film and Screen Studies']",3
Paper 5306,['Classics'],3
Paper 5307,['Earth Systems and Environmental Sciences'],3
Paper 5308,"['Allied Health Professions, Dentistry, Nursing and Pharmacy']",2
Paper 5309,['Area Studies'],3
Paper 5310,['Modern Languages and Linguistics'],3
Paper 5311,['Classics'],3
Paper 5312,['Mathematical Sciences'],3
Paper 5313,['Geography and Environmental Studies'],2
Paper 5314,"['Sport and Exercise Sciences, Leisure and Tourism', 'Law']",2
Paper 5315,['Economics and Econometrics'],3
Paper 5316,"['Agriculture, Food and Veterinary Sciences']",2
Paper 5317,['Area Studies'],3
Paper 5318,['Business and Management Studies'],3
Paper 5319,['Classics'],3
Paper 5320,['Classics'],3
Paper 5321,['Classics'],3
Paper 5322,"['Allied Health Professions, Dentistry, Nursing and Pharmacy']",2
Paper 5323,['Law'],2
Paper 5324,['History'],2
Paper 5325,['Economics and Econometrics'],3
Paper 5326,['Earth Systems and Environmental Sciences'],3
Paper 5327,"['Sport and Exercise Sciences, Leisure and Tourism']",3
Paper 5328,['Classics'],3
Paper 5329,['Earth Systems and Environmental Sciences'],3
Paper 5330,['Area Studies'],3
Paper 5331,['Biological Sciences'],2
Paper 5332,['Clinical Medicine'],3
Paper 5333,['Theology and Religious Studies'],3
Paper 5334,"['Psychology, Psychiatry and Neuroscience']",3
Paper 5335,['Law'],3
Paper 5336,['Biological Sciences'],2
Paper 5337,['English Language and Literature'],3
Paper 5338,['Politics and International Studies'],2
Paper 5339,['Politics and International Studies'],2
Paper 5340,['Philosophy'],3
Paper 5341,['Biological Sciences'],2
Paper 5342,['Earth Systems and Environmental Sciences'],2
Paper 5343,"['Philosophy', 'Computer Science and Informatics']",3
Paper 5344,"['Sport and Exercise Sciences, Leisure and Tourism', 'Modern Languages and Linguistics']",3
Paper 5345,['Law'],3
Paper 5346,['Law'],2
Paper 5347,"['Psychology, Psychiatry and Neuroscience']",4
Paper 5348,"['Agriculture, Food and Veterinary Sciences']",3
Paper 5349,['Physics'],3
Paper 5350,['Computer Science and Informatics'],2
Paper 5351,['Archaeology'],3
Paper 5352,['Modern Languages and Linguistics'],3
Paper 5353,['Theology and Religious Studies'],2
Paper 5354,"['Architecture, Built Environment and Planning']",3
Paper 5355,['Area Studies'],3
Paper 5356,['Biological Sciences'],3
Paper 5357,"['Psychology, Psychiatry and Neuroscience']",3
Paper 5358,"['Art and Design: History, Practice and Theory', 'Chemistry']",4
Paper 5359,['Business and Management Studies'],2
Paper 5360,"['Public Health, Health Services and Primary Care']",3
Paper 5361,"['Modern Languages and Linguistics', 'Mathematical Sciences']",3
Paper 5362,"['Music, Drama, Dance, Performing Arts, Film and Screen Studies']",3
Paper 5363,['Archaeology'],3
Paper 5364,"['Art and Design: History, Practice and Theory']",3
Paper 5365,"['Sport and Exercise Sciences, Leisure and Tourism']",3
Paper 5366,['Theology and Religious Studies'],2
Paper 5367,"['Law', 'Politics and International Studies']",2
Paper 5368,['Chemistry'],3
Paper 5369,"['Psychology, Psychiatry and Neuroscience', 'Allied Health Professions, Dentistry, Nursing and Pharmacy']",2
Paper 5370,"['Public Health, Health Services and Primary Care']",3
Paper 5371,['Anthropology and Development Studies'],3
Paper 5372,"['Psychology, Psychiatry and Neuroscience']",2
Paper 5373,['Engineering'],3
Paper 5374,"['Agriculture, Food and Veterinary Sciences']",2
Paper 5375,['Archaeology'],2
Paper 5376,['Engineering'],3
Paper 5377,['Sociology'],1
Paper 5378,['Theology and Religious Studies'],3
Paper 5379,['Geography and Environmental Studies'],3
Paper 5380,['Engineering'],2
Paper 5381,"['Music, Drama, Dance, Performing Arts, Film and Screen Studies']",3
Paper 5382,['Social Work and Social Policy'],2
Paper 5383,['Clinical Medicine'],3
Paper 5384,['Anthropology and Development Studies'],3
Paper 5385,['Business and Management Studies'],3
Paper 5386,['Geography and Environmental Studies'],2
Paper 5387,"['Psychology, Psychiatry and Neuroscience']",3
Paper 5388,"['Agriculture, Food and Veterinary Sciences']",3
Paper 5389,['Economics and Econometrics'],3
Paper 5390,"['Public Health, Health Services and Primary Care']",3
Paper 5391,"['Public Health, Health Services and Primary Care']",3
Paper 5392,"['Communication, Cultural and Media Studies, Library and Information Management']",2
Paper 5393,"['Sport and Exercise Sciences, Leisure and Tourism']",3
Paper 5394,"['Art and Design: History, Practice and Theory']",2
Paper 5395,"['Sport and Exercise Sciences, Leisure and Tourism']",2
Paper 5396,"['Music, Drama, Dance, Performing Arts, Film and Screen Studies']",2
Paper 5397,['Sociology'],3
Paper 5398,"['Art and Design: History, Practice and Theory']",3
Paper 5399,"['Physics', 'Classics']",3
Paper 5400,['Chemistry'],3
Paper 5401,['Archaeology'],3
Paper 5402,['Law'],3
Paper 5403,"['Clinical Medicine', 'Computer Science and Informatics']",3
Paper 5404,"['Economics and Econometrics', 'Biological Sciences']",2
Paper 5405,"['Architecture, Built Environment and Planning']",2
Paper 5406,"['Architecture, Built Environment and Planning']",2
Paper 5407,['Clinical Medicine'],3
Paper 5408,"['Architecture, Built Environment and Planning']",3
Paper 5409,['Archaeology'],3
Paper 5410,['Biological Sciences'],2
Paper 5411,['Earth Systems and Environmental Sciences'],3
Paper 5412,"['Music, Drama, Dance, Performing Arts, Film and Screen Studies']",2
Paper 5413,"['Sport and Exercise Sciences, Leisure and Tourism']",3
Paper 5414,['Chemistry'],3
Paper 5415,['Physics'],2
Paper 5416,['Business and Management Studies'],3
Paper 5417,['Biological Sciences'],3
Paper 5418,['Politics and International Studies'],3
Paper 5419,"['Art and Design: History, Practice and Theory']",3
Paper 5420,"['Sport and Exercise Sciences, Leisure and Tourism']",2
Paper 5421,"['Communication, Cultural and Media Studies, Library and Information Management']",3
Paper 5422,['Biological Sciences'],2
Paper 5423,['Law'],3
Paper 5424,['English Language and Literature'],3
Paper 5425,['Physics'],3
Paper 5426,['Business and Management Studies'],3
Paper 5427,['Philosophy'],2
Paper 5428,"['Allied Health Professions, Dentistry, Nursing and Pharmacy']",2
Paper 5429,['English Language and Literature'],3
Paper 5430,"['Art and Design: History, Practice and Theory']",2
Paper 5431,['Sociology'],2
Paper 5432,['Theology and Religious Studies'],3
Paper 5433,['Classics'],3
Paper 5434,['Philosophy'],3
Paper 5435,"['Communication, Cultural and Media Studies, Library and Information Management']",3
Paper 5436,['Archaeology'],3
Paper 5437,['Business and Management Studies'],2
Paper 5438,['Modern Languages and Linguistics'],3
Paper 5439,['Geography and Environmental Studies'],1
Paper 5440,"['Communication, Cultural and Media Studies, Library and Information Management']",3
Paper 5441,['Geography and Environmental Studies'],3
Paper 5442,['Archaeology'],3
Paper 5443,['Earth Systems and Environmental Sciences'],3
Paper 5444,"['Modern Languages and Linguistics', 'Music, Drama, Dance, Performing Arts, Film and Screen Studies']",4
Paper 5445,['Area Studies'],3
Paper 5446,['Geography and Environmental Studies'],3
Paper 5447,['Physics'],3
Paper 5448,['Sociology'],3
Paper 5449,"['Agriculture, Food and Veterinary Sciences']",2
Paper 5450,"['Communication, Cultural and Media Studies, Library and Information Management']",2
Paper 5451,['Area Studies'],3
Paper 5452,['Anthropology and Development Studies'],3
Paper 5453,"['Classics', 'Area Studies']",3
Paper 5454,['Biological Sciences'],2
Paper 5455,['Sociology'],2
Paper 5456,"['Earth Systems and Environmental Sciences', 'Business and Management Studies']",3
Paper 5457,['Social Work and Social Policy'],3
Paper 5458,"['Politics and International Studies', 'Classics']",3
Paper 5459,"['Art and Design: History, Practice and Theory']",2
Paper 5460,"['Psychology, Psychiatry and Neuroscience']",3
Paper 5461,['Earth Systems and Environmental Sciences'],3
Paper 5462,"['Allied Health Professions, Dentistry, Nursing and Pharmacy']",3
Paper 5463,['Clinical Medicine'],3
Paper 5464,"['Business and Management Studies', 'Mathematical Sciences']",3
Paper 5465,"['Agriculture, Food and Veterinary Sciences']",3
Paper 5466,['Clinical Medicine'],3
Paper 5467,['Chemistry'],3
Paper 5468,['Philosophy'],3
Paper 5469,['Modern Languages and Linguistics'],3
Paper 5470,['Physics'],3
Paper 5471,"['Earth Systems and Environmental Sciences', 'Geography and Environmental Studies']",3
Paper 5472,"['Architecture, Built Environment and Planning']",2
Paper 5473,['Mathematical Sciences'],3
Paper 5474,"['Law', 'Social Work and Social Policy']",2
Paper 5475,['Economics and Econometrics'],2
Paper 5476,['Geography and Environmental Studies'],3
Paper 5477,['Theology and Religious Studies'],2
Paper 5478,['Computer Science and Informatics'],3
Paper 5479,['Clinical Medicine'],3
Paper 5480,['Social Work and Social Policy'],2
Paper 5481,['Politics and International Studies'],3
Paper 5482,"['Theology and Religious Studies', 'Public Health, Health Services and Primary Care']",3
Paper 5483,['Physics'],3
Paper 5484,"['Allied Health Professions, Dentistry, Nursing and Pharmacy']",2
Paper 5485,['Clinical Medicine'],3
Paper 5486,"['Sport and Exercise Sciences, Leisure and Tourism', 'Classics']",3
Paper 5487,"['History', 'Public Health, Health Services and Primary Care']",3
Paper 5488,['History'],3
Paper 5489,['Anthropology and Development Studies'],3
Paper 5490,['Anthropology and Development Studies'],3
Paper 5491,"['Public Health, Health Services and Primary Care', 'Computer Science and Informatics']",3
Paper 5492,['Modern Languages and Linguistics'],3
Paper 5493,['Modern Languages and Linguistics'],2
Paper 5494,['Theology and Religious Studies'],3
Paper 5495,['Theology and Religious Studies'],2
Paper 5496,"['History', 'Mathematical Sciences']",3
Paper 5497,['Sociology'],2
Paper 5498,['Theology and Religious Studies'],3
Paper 5499,['Theology and Religious Studies'],3
Paper 5500,['Computer Science and Informatics'],2
Paper 5501,['Earth Systems and Environmental Sciences'],3
Paper 5502,"['Agriculture, Food and Veterinary Sciences']",3
Paper 5503,"['Business and Management Studies', 'Philosophy']",3
Paper 5504,['Social Work and Social Policy'],2
Paper 5505,['Area Studies'],3
Paper 5506,['Philosophy'],3
Paper 5507,['Law'],2
Paper 5508,"['Sport and Exercise Sciences, Leisure and Tourism']",2
Paper 5509,['Modern Languages and Linguistics'],3
Paper 5510,"['Public Health, Health Services and Primary Care']",3
Paper 5511,['Geography and Environmental Studies'],3
Paper 5512,['Philosophy'],3
Paper 5513,"['Art and Design: History, Practice and Theory']",3
Paper 5514,['Clinical Medicine'],3
Paper 5515,"['Agriculture, Food and Veterinary Sciences']",2
Paper 5516,"['Communication, Cultural and Media Studies, Library and Information Management', 'Philosophy']",2
Paper 5517,"['Architecture, Built Environment and Planning']",3
Paper 5518,"['Archaeology', 'History']",3
Paper 5519,"['Anthropology and Development Studies', 'Biological Sciences']",2
Paper 5520,['Area Studies'],3
Paper 5521,"['Public Health, Health Services and Primary Care']",3
Paper 5522,['Law'],2
Paper 5523,['English Language and Literature'],2
Paper 5524,['Engineering'],3
Paper 5525,"['Communication, Cultural and Media Studies, Library and Information Management', 'Education']",2
Paper 5526,['Modern Languages and Linguistics'],3
Paper 5527,['Business and Management Studies'],3
Paper 5528,['Education'],2
Paper 5529,['Politics and International Studies'],3
Paper 5530,['Clinical Medicine'],3
Paper 5531,"['Art and Design: History, Practice and Theory']",2
Paper 5532,['Engineering'],2
Paper 5533,"['Economics and Econometrics', 'Biological Sciences']",2
Paper 5534,['Law'],2
Paper 5535,['Modern Languages and Linguistics'],3
Paper 5536,"['Art and Design: History, Practice and Theory']",3
Paper 5537,['Biological Sciences'],3
Paper 5538,"['Psychology, Psychiatry and Neuroscience']",2
Paper 5539,"['Agriculture, Food and Veterinary Sciences']",3
Paper 5540,['Engineering'],3
Paper 5541,['Business and Management Studies'],3
Paper 5542,['Chemistry'],3
Paper 5543,"['Agriculture, Food and Veterinary Sciences']",3
Paper 5544,['Business and Management Studies'],2
Paper 5545,['History'],2
Paper 5546,['Clinical Medicine'],3
Paper 5547,"['Archaeology', 'Anthropology and Development Studies']",2
Paper 5548,['History'],3
Paper 5549,['Physics'],3
Paper 5550,['Theology and Religious Studies'],1
Paper 5551,['English Language and Literature'],3
Paper 5552,['Politics and International Studies'],2
Paper 5553,['Business and Management Studies'],1
Paper 5554,"['Agriculture, Food and Veterinary Sciences']",3
Paper 5555,['Engineering'],2
Paper 5556,"['Allied Health Professions, Dentistry, Nursing and Pharmacy']",2
Paper 5557,['Chemistry'],3
Paper 5558,"['Agriculture, Food and Veterinary Sciences']",3
Paper 5559,['Sociology'],2
Paper 5560,['Philosophy'],2
Paper 5561,['Computer Science and Informatics'],3
Paper 5562,"['Earth Systems and Environmental Sciences', 'Classics']",3
Paper 5563,"['Architecture, Built Environment and Planning']",3
Paper 5564,['English Language and Literature'],3
Paper 5565,['Physics'],3
Paper 5566,['Economics and Econometrics'],3
Paper 5567,['Business and Management Studies'],2
Paper 5568,"['Geography and Environmental Studies', 'History']",2
Paper 5569,['History'],3
Paper 5570,['Business and Management Studies'],3
Paper 5571,"['Allied Health Professions, Dentistry, Nursing and Pharmacy', 'Theology and Religious Studies']",3
Paper 5572,['Engineering'],3
Paper 5573,['Archaeology'],2
Paper 5574,['Politics and International Studies'],2
Paper 5575,"['Mathematical Sciences', 'Area Studies']",3
Paper 5576,['Engineering'],3
Paper 5577,"['Allied Health Professions, Dentistry, Nursing and Pharmacy']",2
Paper 5578,['Education'],2
Paper 5579,"['Agriculture, Food and Veterinary Sciences']",2
Paper 5580,"['Public Health, Health Services and Primary Care']",3
Paper 5581,"['Anthropology and Development Studies', 'Earth Systems and Environmental Sciences']",3
Paper 5582,['Archaeology'],3
Paper 5583,"['Public Health, Health Services and Primary Care']",4
Paper 5584,['English Language and Literature'],3
Paper 5585,"['English Language and Literature', 'Earth Systems and Environmental Sciences']",4
Paper 5586,['Earth Systems and Environmental Sciences'],3
Paper 5587,['Education'],1
Paper 5588,"['Archaeology', 'Mathematical Sciences']",2
Paper 5589,['Economics and Econometrics'],3
Paper 5590,['Chemistry'],3
Paper 5591,"['Art and Design: History, Practice and Theory']",3
Paper 5592,['Modern Languages and Linguistics'],2
Paper 5593,"['Sport and Exercise Sciences, Leisure and Tourism']",2
Paper 5594,['Engineering'],3
Paper 5595,['Economics and Econometrics'],3
Paper 5596,['Earth Systems and Environmental Sciences'],3
Paper 5597,['Clinical Medicine'],3
Paper 5598,['Computer Science and Informatics'],2
Paper 5599,['Education'],3
Paper 5600,"['Geography and Environmental Studies', 'Archaeology']",3
Paper 5601,['Education'],1
Paper 5602,['Archaeology'],2
Paper 5603,['Theology and Religious Studies'],3
Paper 5604,['Earth Systems and Environmental Sciences'],3
Paper 5605,['Engineering'],2
Paper 5606,"['Communication, Cultural and Media Studies, Library and Information Management']",2
Paper 5607,"['Agriculture, Food and Veterinary Sciences']",3
Paper 5608,"['Philosophy', 'Geography and Environmental Studies']",3
Paper 5609,['Theology and Religious Studies'],3
Paper 5610,['History'],2
Paper 5611,"['Sport and Exercise Sciences, Leisure and Tourism']",3
Paper 5612,['Mathematical Sciences'],2
Paper 5613,['Sociology'],3
Paper 5614,['Computer Science and Informatics'],3
Paper 5615,['Mathematical Sciences'],3
Paper 5616,['English Language and Literature'],2
Paper 5617,['Sociology'],2
Paper 5618,['Social Work and Social Policy'],2
Paper 5619,['Earth Systems and Environmental Sciences'],3
Paper 5620,['Theology and Religious Studies'],3
Paper 5621,['Anthropology and Development Studies'],3
Paper 5622,['Archaeology'],3
Paper 5623,['Biological Sciences'],2
Paper 5624,['Sociology'],2
Paper 5625,['Area Studies'],3
Paper 5626,['Law'],3
Paper 5627,"['Mathematical Sciences', 'Biological Sciences']",2
Paper 5628,['Mathematical Sciences'],3
Paper 5629,['Engineering'],2
Paper 5630,['Politics and International Studies'],3
Paper 5631,['Law'],3
Paper 5632,"['Communication, Cultural and Media Studies, Library and Information Management']",2
Paper 5633,['Philosophy'],2
Paper 5634,['Modern Languages and Linguistics'],2
Paper 5635,['Earth Systems and Environmental Sciences'],3
Paper 5636,['Sociology'],1
Paper 5637,['Engineering'],3
Paper 5638,['English Language and Literature'],3
Paper 5639,['Business and Management Studies'],2
Paper 5640,['Engineering'],3
Paper 5641,"['Archaeology', 'Geography and Environmental Studies']",2
Paper 5642,['Archaeology'],3
Paper 5643,['Area Studies'],2
Paper 5644,['Clinical Medicine'],3
Paper 5645,"['Art and Design: History, Practice and Theory']",2
Paper 5646,"['Mathematical Sciences', 'Music, Drama, Dance, Performing Arts, Film and Screen Studies']",2
Paper 5647,"['Agriculture, Food and Veterinary Sciences']",2
Paper 5648,['Anthropology and Development Studies'],3
Paper 5649,['Sociology'],3
Paper 5650,"['Economics and Econometrics', 'Earth Systems and Environmental Sciences']",3
Paper 5651,['Earth Systems and Environmental Sciences'],3
Paper 5652,['Theology and Religious Studies'],3
Paper 5653,"['Physics', 'Chemistry']",3
Paper 5654,"['Social Work and Social Policy', 'English Language and Literature']",2
Paper 5655,['Classics'],3
Paper 5656,['Computer Science and Informatics'],2
Paper 5657,['Mathematical Sciences'],3
Paper 5658,['Philosophy'],3
Paper 5659,['Education'],1
Paper 5660,['Politics and International Studies'],3
Paper 5661,"['Communication, Cultural and Media Studies, Library and Information Management', 'Mathematical Sciences']",2
Paper 5662,"['Allied Health Professions, Dentistry, Nursing and Pharmacy']",3
Paper 5663,"['Law', 'Music, Drama, Dance, Performing Arts, Film and Screen Studies']",2
Paper 5664,['Classics'],3
Paper 5665,"['Chemistry', 'Communication, Cultural and Media Studies, Library and Information Management']",3
Paper 5666,"['Sport and Exercise Sciences, Leisure and Tourism']",3
Paper 5667,"['Agriculture, Food and Veterinary Sciences']",2
Paper 5668,['Earth Systems and Environmental Sciences'],2
Paper 5669,['Classics'],3
Paper 5670,['Business and Management Studies'],2
Paper 5671,['Economics and Econometrics'],3
Paper 5672,['Economics and Econometrics'],3
Paper 5673,"['Politics and International Studies', 'Theology and Religious Studies']",2
Paper 5674,['Business and Management Studies'],2
Paper 5675,"['Architecture, Built Environment and Planning']",3
Paper 5676,['Modern Languages and Linguistics'],3
Paper 5677,['Geography and Environmental Studies'],3
Paper 5678,['Mathematical Sciences'],2
Paper 5679,"['Agriculture, Food and Veterinary Sciences']",3
Paper 5680,['Education'],3
Paper 5681,['Physics'],3
Paper 5682,['Biological Sciences'],3
Paper 5683,['Engineering'],2
Paper 5684,"['Architecture, Built Environment and Planning']",3
Paper 5685,['Theology and Religious Studies'],2
Paper 5686,"['Sport and Exercise Sciences, Leisure and Tourism']",3
Paper 5687,['Physics'],3
Paper 5688,"['Anthropology and Development Studies', 'Physics']",3
Paper 5689,['Area Studies'],3
Paper 5690,['Business and Management Studies'],2
Paper 5691,"['Sport and Exercise Sciences, Leisure and Tourism']",3
Paper 5692,['Clinical Medicine'],2
Paper 5693,"['Politics and International Studies', 'Business and Management Studies']",2
Paper 5694,"['Earth Systems and Environmental Sciences', 'Art and Design: History, Practice and Theory']",3
Paper 5695,['Biological Sciences'],2
Paper 5696,['Biological Sciences'],3
Paper 5697,"['Public Health, Health Services and Primary Care', 'History']",2
Paper 5698,['English Language and Literature'],3
Paper 5699,['Computer Science and Informatics'],4
Paper 5700,['Modern Languages and Linguistics'],3
Paper 5701,['Sociology'],3
Paper 5702,['English Language and Literature'],2
Paper 5703,['Social Work and Social Policy'],3
Paper 5704,['Social Work and Social Policy'],3
Paper 5705,"['Social Work and Social Policy', 'Communication, Cultural and Media Studies, Library and Information Management']",3
Paper 5706,['Theology and Religious Studies'],2
Paper 5707,['Classics'],3
Paper 5708,['Economics and Econometrics'],3
Paper 5709,['Area Studies'],3
Paper 5710,"['Education', 'Business and Management Studies']",3
Paper 5711,['History'],3
Paper 5712,['Sociology'],3
Paper 5713,"['Art and Design: History, Practice and Theory']",2
Paper 5714,['Chemistry'],3
Paper 5715,['Engineering'],2
Paper 5716,['Geography and Environmental Studies'],3
Paper 5717,"['Sport and Exercise Sciences, Leisure and Tourism']",2
Paper 5718,"['Communication, Cultural and Media Studies, Library and Information Management']",3
Paper 5719,['Anthropology and Development Studies'],3
Paper 5720,"['Allied Health Professions, Dentistry, Nursing and Pharmacy']",3
Paper 5721,['English Language and Literature'],3
Paper 5722,['Computer Science and Informatics'],3
Paper 5723,['Economics and Econometrics'],3
Paper 5724,"['Agriculture, Food and Veterinary Sciences', 'Education']",2
Paper 5725,['Biological Sciences'],3
Paper 5726,['Economics and Econometrics'],2
Paper 5727,['Philosophy'],2
Paper 5728,['Archaeology'],3
Paper 5729,['Mathematical Sciences'],3
Paper 5730,"['Public Health, Health Services and Primary Care']",3
Paper 5731,['Education'],2
Paper 5732,['Business and Management Studies'],3
Paper 5733,"['Social Work and Social Policy', 'Mathematical Sciences']",3
Paper 5734,"['Art and Design: History, Practice and Theory']",2
Paper 5735,['Politics and International Studies'],3
Paper 5736,['Anthropology and Development Studies'],2
Paper 5737,['Sociology'],3
Paper 5738,"['Public Health, Health Services and Primary Care']",3
Paper 5739,"['Law', 'Public Health, Health Services and Primary Care']",3
Paper 5740,['Archaeology'],3
Paper 5741,['Education'],2
Paper 5742,"['Allied Health Professions, Dentistry, Nursing and Pharmacy']",2
Paper 5743,"['Psychology, Psychiatry and Neuroscience']",2
Paper 5744,['Education'],1
Paper 5745,['Geography and Environmental Studies'],2
Paper 5746,['Law'],2
Paper 5747,"['Public Health, Health Services and Primary Care']",3
Paper 5748,['Anthropology and Development Studies'],3
Paper 5749,['Sociology'],2
Paper 5750,"['Clinical Medicine', 'Mathematical Sciences']",3
Paper 5751,"['Allied Health Professions, Dentistry, Nursing and Pharmacy']",3
Paper 5752,['Chemistry'],3
Paper 5753,['Law'],2
Paper 5754,"['Law', 'Sport and Exercise Sciences, Leisure and Tourism']",3
Paper 5755,"['Music, Drama, Dance, Performing Arts, Film and Screen Studies']",3
Paper 5756,"['Music, Drama, Dance, Performing Arts, Film and Screen Studies']",3
Paper 5757,['Earth Systems and Environmental Sciences'],3
Paper 5758,['Sociology'],2
Paper 5759,"['Allied Health Professions, Dentistry, Nursing and Pharmacy']",3
Paper 5760,['Earth Systems and Environmental Sciences'],3
Paper 5761,['Computer Science and Informatics'],2
Paper 5762,"['Agriculture, Food and Veterinary Sciences']",3
Paper 5763,['Modern Languages and Linguistics'],3
Paper 5764,['Politics and International Studies'],3
Paper 5765,"['Music, Drama, Dance, Performing Arts, Film and Screen Studies']",2
Paper 5766,['Theology and Religious Studies'],2
Paper 5767,['Anthropology and Development Studies'],3
Paper 5768,['Area Studies'],3
Paper 5769,['Mathematical Sciences'],2
Paper 5770,['History'],3
Paper 5771,"['Agriculture, Food and Veterinary Sciences']",2
Paper 5772,['Social Work and Social Policy'],3
Paper 5773,['Earth Systems and Environmental Sciences'],3
Paper 5774,['Anthropology and Development Studies'],3
Paper 5775,['Theology and Religious Studies'],3
Paper 5776,['Clinical Medicine'],3
Paper 5777,['Social Work and Social Policy'],1
Paper 5778,['Business and Management Studies'],2
Paper 5779,['Social Work and Social Policy'],2
Paper 5780,['Chemistry'],3
Paper 5781,"['Earth Systems and Environmental Sciences', 'Business and Management Studies']",3
Paper 5782,['Area Studies'],3
Paper 5783,['Modern Languages and Linguistics'],3
Paper 5784,['English Language and Literature'],3
Paper 5785,['Geography and Environmental Studies'],3
Paper 5786,['Geography and Environmental Studies'],3
Paper 5787,['Classics'],3
Paper 5788,"['Agriculture, Food and Veterinary Sciences']",2
Paper 5789,['English Language and Literature'],3
Paper 5790,['Physics'],3
Paper 5791,['Modern Languages and Linguistics'],3
Paper 5792,['Social Work and Social Policy'],3
Paper 5793,"['Art and Design: History, Practice and Theory']",2
Paper 5794,['Physics'],3
Paper 5795,['Theology and Religious Studies'],3
Paper 5796,"['Agriculture, Food and Veterinary Sciences']",2
Paper 5797,"['Allied Health Professions, Dentistry, Nursing and Pharmacy', 'History']",3
Paper 5798,['Anthropology and Development Studies'],3
Paper 5799,['Business and Management Studies'],2
Paper 5800,['Chemistry'],3
Paper 5801,"['Sport and Exercise Sciences, Leisure and Tourism']",3
Paper 5802,['Earth Systems and Environmental Sciences'],2
Paper 5803,['Physics'],3
Paper 5804,['Engineering'],3
Paper 5805,"['Art and Design: History, Practice and Theory']",3
Paper 5806,['Clinical Medicine'],3
Paper 5807,"['Law', 'Social Work and Social Policy']",2
Paper 5808,['Biological Sciences'],3
Paper 5809,['Business and Management Studies'],3
Paper 5810,['Geography and Environmental Studies'],3
Paper 5811,['Chemistry'],2
Paper 5812,['Business and Management Studies'],2
Paper 5813,"['Music, Drama, Dance, Performing Arts, Film and Screen Studies']",3
Paper 5814,['Engineering'],3
Paper 5815,['Law'],3
Paper 5816,['Mathematical Sciences'],3
Paper 5817,['Area Studies'],3
Paper 5818,"['Psychology, Psychiatry and Neuroscience']",4
Paper 5819,"['Psychology, Psychiatry and Neuroscience']",3
Paper 5820,"['Law', 'Philosophy']",3
Paper 5821,['Area Studies'],3
Paper 5822,"['Music, Drama, Dance, Performing Arts, Film and Screen Studies']",2
Paper 5823,['Chemistry'],2
Paper 5824,"['Art and Design: History, Practice and Theory']",2
Paper 5825,['Chemistry'],3
Paper 5826,['Chemistry'],3
Paper 5827,['Modern Languages and Linguistics'],3
Paper 5828,['Computer Science and Informatics'],2
Paper 5829,['Archaeology'],2
Paper 5830,"['Allied Health Professions, Dentistry, Nursing and Pharmacy', 'Biological Sciences']",2
Paper 5831,"['Psychology, Psychiatry and Neuroscience']",2
Paper 5832,"['Music, Drama, Dance, Performing Arts, Film and Screen Studies']",3
Paper 5833,['History'],3
Paper 5834,['Geography and Environmental Studies'],2
Paper 5835,['Theology and Religious Studies'],3
Paper 5836,['Geography and Environmental Studies'],2
Paper 5837,['Philosophy'],2
Paper 5838,"['Allied Health Professions, Dentistry, Nursing and Pharmacy']",3
Paper 5839,"['Music, Drama, Dance, Performing Arts, Film and Screen Studies']",3
Paper 5840,['Economics and Econometrics'],3
Paper 5841,['Mathematical Sciences'],2
Paper 5842,['Biological Sciences'],3
Paper 5843,['Sociology'],3
Paper 5844,"['Art and Design: History, Practice and Theory']",2
Paper 5845,"['Art and Design: History, Practice and Theory', 'Music, Drama, Dance, Performing Arts, Film and Screen Studies']",2
Paper 5846,['Philosophy'],3
Paper 5847,"['Agriculture, Food and Veterinary Sciences']",2
Paper 5848,['Theology and Religious Studies'],2
Paper 5849,['Physics'],3
Paper 5850,['Archaeology'],3
Paper 5851,"['Architecture, Built Environment and Planning']",2
Paper 5852,"['Art and Design: History, Practice and Theory']",2
Paper 5853,"['Communication, Cultural and Media Studies, Library and Information Management', 'Public Health, Health Services and Primary Care']",2
Paper 5854,"['Biological Sciences', 'Social Work and Social Policy']",2
Paper 5855,['Archaeology'],3
Paper 5856,['Social Work and Social Policy'],3
Paper 5857,"['Agriculture, Food and Veterinary Sciences']",3
Paper 5858,['Geography and Environmental Studies'],3
Paper 5859,['Education'],1
Paper 5860,['Business and Management Studies'],2
Paper 5861,['Politics and International Studies'],2
Paper 5862,['Archaeology'],3
Paper 5863,['Physics'],3
Paper 5864,['Modern Languages and Linguistics'],3
Paper 5865,"['Geography and Environmental Studies', 'Education']",2
Paper 5866,"['Agriculture, Food and Veterinary Sciences']",2
Paper 5867,['Sociology'],3
Paper 5868,"['Public Health, Health Services and Primary Care']",3
Paper 5869,['Sociology'],2
Paper 5870,['Geography and Environmental Studies'],2
Paper 5871,['Philosophy'],3
Paper 5872,['English Language and Literature'],3
Paper 5873,['Physics'],3
Paper 5874,"['Modern Languages and Linguistics', 'Area Studies']",3
Paper 5875,['Philosophy'],2
Paper 5876,['Sociology'],2
Paper 5877,['Archaeology'],2
Paper 5878,"['Area Studies', 'Social Work and Social Policy']",2
Paper 5879,"['Theology and Religious Studies', 'Philosophy']",3
Paper 5880,"['Communication, Cultural and Media Studies, Library and Information Management']",2
Paper 5881,['Politics and International Studies'],3
Paper 5882,['Sociology'],2
Paper 5883,"['Allied Health Professions, Dentistry, Nursing and Pharmacy']",2
Paper 5884,"['Mathematical Sciences', 'Economics and Econometrics']",3
Paper 5885,['Computer Science and Informatics'],3
Paper 5886,['Anthropology and Development Studies'],3
Paper 5887,['Archaeology'],2
Paper 5888,['Politics and International Studies'],2
Paper 5889,['Physics'],3
Paper 5890,['Social Work and Social Policy'],2
Paper 5891,['Modern Languages and Linguistics'],2
Paper 5892,"['Engineering', 'Agriculture, Food and Veterinary Sciences']",3
Paper 5893,['Social Work and Social Policy'],2
Paper 5894,['Law'],3
Paper 5895,"['Communication, Cultural and Media Studies, Library and Information Management']",3
Paper 5896,['Physics'],3
Paper 5897,['Economics and Econometrics'],2
Paper 5898,"['Sport and Exercise Sciences, Leisure and Tourism']",2
Paper 5899,['History'],2
Paper 5900,"['Agriculture, Food and Veterinary Sciences']",2
Paper 5901,['Education'],3
Paper 5902,['Business and Management Studies'],3
Paper 5903,"['Communication, Cultural and Media Studies, Library and Information Management']",3
Paper 5904,['Computer Science and Informatics'],2
Paper 5905,"['Public Health, Health Services and Primary Care']",3
Paper 5906,['Engineering'],3
Paper 5907,['Theology and Religious Studies'],2
Paper 5908,['Area Studies'],3
Paper 5909,['Engineering'],3
Paper 5910,['Chemistry'],2
Paper 5911,['Philosophy'],3
Paper 5912,"['Communication, Cultural and Media Studies, Library and Information Management']",3
Paper 5913,"['Allied Health Professions, Dentistry, Nursing and Pharmacy']",3
Paper 5914,"['Music, Drama, Dance, Performing Arts, Film and Screen Studies']",3
Paper 5915,['Clinical Medicine'],3
Paper 5916,['Archaeology'],3
Paper 5917,['English Language and Literature'],3
Paper 5918,['Biological Sciences'],3
Paper 5919,['Computer Science and Informatics'],2
Paper 5920,['Politics and International Studies'],3
Paper 5921,"['Area Studies', 'Architecture, Built Environment and Planning']",2
Paper 5922,['Anthropology and Development Studies'],3
Paper 5923,"['Agriculture, Food and Veterinary Sciences']",3
Paper 5924,['Biological Sciences'],2
Paper 5925,['Physics'],2
Paper 5926,"['Chemistry', 'Engineering']",3
Paper 5927,"['Communication, Cultural and Media Studies, Library and Information Management', 'Social Work and Social Policy']",2
Paper 5928,['Engineering'],3
Paper 5929,['Mathematical Sciences'],2
Paper 5930,"['Art and Design: History, Practice and Theory']",3
Paper 5931,"['Public Health, Health Services and Primary Care']",3
Paper 5932,"['Architecture, Built Environment and Planning']",2
Paper 5933,['Computer Science and Informatics'],3
Paper 5934,"['Sport and Exercise Sciences, Leisure and Tourism']",2
Paper 5935,"['Communication, Cultural and Media Studies, Library and Information Management']",2
Paper 5936,['Law'],2
Paper 5937,"['Agriculture, Food and Veterinary Sciences']",3
Paper 5938,"['Sport and Exercise Sciences, Leisure and Tourism']",2
Paper 5939,['History'],3
Paper 5940,['Biological Sciences'],2
Paper 5941,"['Allied Health Professions, Dentistry, Nursing and Pharmacy', 'Biological Sciences']",3
Paper 5942,"['Area Studies', 'Earth Systems and Environmental Sciences']",3
Paper 5943,"['Agriculture, Food and Veterinary Sciences']",1
Paper 5944,['Theology and Religious Studies'],2
Paper 5945,['Earth Systems and Environmental Sciences'],3
Paper 5946,['Theology and Religious Studies'],3
Paper 5947,['Economics and Econometrics'],3
Paper 5948,"['Art and Design: History, Practice and Theory']",3
Paper 5949,['Chemistry'],3
Paper 5950,['Clinical Medicine'],3
Paper 5951,['English Language and Literature'],2
Paper 5952,['Area Studies'],3
Paper 5953,['Engineering'],3
Paper 5954,['Mathematical Sciences'],2
Paper 5955,['Area Studies'],3
Paper 5956,"['Art and Design: History, Practice and Theory']",2
Paper 5957,"['Law', 'Allied Health Professions, Dentistry, Nursing and Pharmacy']",3
Paper 5958,"['Psychology, Psychiatry and Neuroscience']",3
Paper 5959,['Computer Science and Informatics'],2
Paper 5960,['Biological Sciences'],3
Paper 5961,['Biological Sciences'],3
Paper 5962,['Physics'],3
Paper 5963,['Law'],3
Paper 5964,['Politics and International Studies'],3
Paper 5965,['Mathematical Sciences'],3
Paper 5966,['Modern Languages and Linguistics'],3
Paper 5967,"['Allied Health Professions, Dentistry, Nursing and Pharmacy']",2
Paper 5968,"['Sport and Exercise Sciences, Leisure and Tourism']",2
Paper 5969,['Politics and International Studies'],3
Paper 5970,['History'],2
Paper 5971,['Computer Science and Informatics'],3
Paper 5972,['Modern Languages and Linguistics'],3
Paper 5973,['Modern Languages and Linguistics'],3
Paper 5974,['English Language and Literature'],3
Paper 5975,['Theology and Religious Studies'],2
Paper 5976,['Archaeology'],3
Paper 5977,"['Architecture, Built Environment and Planning']",3
Paper 5978,['Law'],3
Paper 5979,['English Language and Literature'],3
Paper 5980,['Clinical Medicine'],2
Paper 5981,['Modern Languages and Linguistics'],2
Paper 5982,['Modern Languages and Linguistics'],3
Paper 5983,"['History', 'Economics and Econometrics']",3
Paper 5984,['Clinical Medicine'],2
Paper 5985,"['English Language and Literature', 'Modern Languages and Linguistics']",3
Paper 5986,['Mathematical Sciences'],3
Paper 5987,['Geography and Environmental Studies'],2
Paper 5988,['Mathematical Sciences'],3
Paper 5989,['Computer Science and Informatics'],2
Paper 5990,['Theology and Religious Studies'],3
Paper 5991,['Modern Languages and Linguistics'],3
Paper 5992,"['Sport and Exercise Sciences, Leisure and Tourism']",2
Paper 5993,"['Psychology, Psychiatry and Neuroscience']",2
Paper 5994,"['Communication, Cultural and Media Studies, Library and Information Management']",3
Paper 5995,['English Language and Literature'],3
Paper 5996,['Social Work and Social Policy'],2
Paper 5997,"['Music, Drama, Dance, Performing Arts, Film and Screen Studies']",3
Paper 5998,"['Sport and Exercise Sciences, Leisure and Tourism', 'Music, Drama, Dance, Performing Arts, Film and Screen Studies']",2
Paper 5999,"['Communication, Cultural and Media Studies, Library and Information Management']",3
Paper 6000,"['Sport and Exercise Sciences, Leisure and Tourism', 'Music, Drama, Dance, Performing Arts, Film and Screen Studies']",2
Paper 6001,['Politics and International Studies'],2
Paper 6002,['Chemistry'],2
Paper 6003,"['Sport and Exercise Sciences, Leisure and Tourism', 'Archaeology']",3
Paper 6004,"['Law', 'Earth Systems and Environmental Sciences']",3
Paper 6005,['Earth Systems and Environmental Sciences'],3
Paper 6006,['History'],3
Paper 6007,['Philosophy'],3
Paper 6008,"['Agriculture, Food and Veterinary Sciences']",3
Paper 6009,['English Language and Literature'],3
Paper 6010,['Biological Sciences'],3
Paper 6011,['Mathematical Sciences'],2
Paper 6012,['Theology and Religious Studies'],1
Paper 6013,"['Psychology, Psychiatry and Neuroscience']",1
Paper 6014,"['Architecture, Built Environment and Planning']",3
Paper 6015,['Education'],3
Paper 6016,['Theology and Religious Studies'],3
Paper 6017,['Area Studies'],3
Paper 6018,['Computer Science and Informatics'],3
Paper 6019,['Law'],3
Paper 6020,['History'],2
Paper 6021,['Sociology'],2
Paper 6022,"['Economics and Econometrics', 'Archaeology']",2
Paper 6023,['Biological Sciences'],3
Paper 6024,['Biological Sciences'],3
Paper 6025,['Anthropology and Development Studies'],3
Paper 6026,['Sociology'],3
Paper 6027,['Sociology'],3
Paper 6028,"['Allied Health Professions, Dentistry, Nursing and Pharmacy']",3
Paper 6029,['Anthropology and Development Studies'],3
Paper 6030,['Law'],2
Paper 6031,['Social Work and Social Policy'],2
Paper 6032,['Education'],2
Paper 6033,['Archaeology'],3
Paper 6034,['Area Studies'],3
Paper 6035,['Social Work and Social Policy'],3
Paper 6036,"['Music, Drama, Dance, Performing Arts, Film and Screen Studies']",3
Paper 6037,"['Mathematical Sciences', 'Art and Design: History, Practice and Theory']",2
Paper 6038,"['Business and Management Studies', 'Archaeology']",2
Paper 6039,['Physics'],3
Paper 6040,['Area Studies'],3
Paper 6041,['English Language and Literature'],3
Paper 6042,['Engineering'],2
Paper 6043,['English Language and Literature'],3
Paper 6044,"['Psychology, Psychiatry and Neuroscience', 'Theology and Religious Studies']",3
Paper 6045,['Economics and Econometrics'],3
Paper 6046,"['Art and Design: History, Practice and Theory']",3
Paper 6047,['Theology and Religious Studies'],3
Paper 6048,['Anthropology and Development Studies'],3
Paper 6049,['Geography and Environmental Studies'],2
Paper 6050,['Sociology'],3
Paper 6051,['Physics'],3
Paper 6052,"['Area Studies', 'Philosophy']",2
Paper 6053,['Politics and International Studies'],3
Paper 6054,['Geography and Environmental Studies'],3
Paper 6055,['Clinical Medicine'],3
Paper 6056,"['Engineering', 'Mathematical Sciences']",3
Paper 6057,['Politics and International Studies'],2
Paper 6058,['Physics'],3
Paper 6059,['Business and Management Studies'],2
Paper 6060,['Earth Systems and Environmental Sciences'],3
Paper 6061,['Engineering'],3
Paper 6062,['Classics'],3
Paper 6063,"['Music, Drama, Dance, Performing Arts, Film and Screen Studies']",3
Paper 6064,"['Music, Drama, Dance, Performing Arts, Film and Screen Studies', 'English Language and Literature']",3
Paper 6065,['Anthropology and Development Studies'],2
Paper 6066,['Business and Management Studies'],1
Paper 6067,"['Sport and Exercise Sciences, Leisure and Tourism']",3
Paper 6068,['Biological Sciences'],3
Paper 6069,['Physics'],3
Paper 6070,['Philosophy'],2
Paper 6071,['History'],3
Paper 6072,['Modern Languages and Linguistics'],3
Paper 6073,['Modern Languages and Linguistics'],3
Paper 6074,['Anthropology and Development Studies'],3
Paper 6075,"['Art and Design: History, Practice and Theory']",2
Paper 6076,"['Communication, Cultural and Media Studies, Library and Information Management']",2
Paper 6077,['Social Work and Social Policy'],2
Paper 6078,['Physics'],3
Paper 6079,"['Music, Drama, Dance, Performing Arts, Film and Screen Studies']",2
Paper 6080,['Geography and Environmental Studies'],2
Paper 6081,['Chemistry'],3
Paper 6082,"['Modern Languages and Linguistics', 'Business and Management Studies']",3
Paper 6083,['Politics and International Studies'],3
Paper 6084,"['Allied Health Professions, Dentistry, Nursing and Pharmacy']",3
Paper 6085,"['Architecture, Built Environment and Planning']",2
Paper 6086,['Sociology'],3
Paper 6087,['English Language and Literature'],2
Paper 6088,['Mathematical Sciences'],2
Paper 6089,['Modern Languages and Linguistics'],2
Paper 6090,['Modern Languages and Linguistics'],3
Paper 6091,['Social Work and Social Policy'],3
Paper 6092,['Politics and International Studies'],3
Paper 6093,"['Agriculture, Food and Veterinary Sciences']",3
Paper 6094,"['Music, Drama, Dance, Performing Arts, Film and Screen Studies']",3
Paper 6095,['Philosophy'],3
Paper 6096,['Politics and International Studies'],3
Paper 6097,['Chemistry'],3
Paper 6098,['Chemistry'],3
Paper 6099,"['Agriculture, Food and Veterinary Sciences']",3
Paper 6100,['Classics'],2
Paper 6101,['Archaeology'],3
Paper 6102,"['Sport and Exercise Sciences, Leisure and Tourism']",3
Paper 6103,['Engineering'],2
Paper 6104,"['Psychology, Psychiatry and Neuroscience', 'Communication, Cultural and Media Studies, Library and Information Management']",2
Paper 6105,['English Language and Literature'],3
Paper 6106,['Social Work and Social Policy'],2
Paper 6107,"['Art and Design: History, Practice and Theory']",2
Paper 6108,['Clinical Medicine'],3
Paper 6109,['Archaeology'],3
Paper 6110,['Computer Science and Informatics'],2
Paper 6111,['Theology and Religious Studies'],3
Paper 6112,['Education'],2
Paper 6113,"['Social Work and Social Policy', 'Classics']",2
Paper 6114,['Chemistry'],3
Paper 6115,['Computer Science and Informatics'],3
Paper 6116,['Engineering'],2
Paper 6117,['Computer Science and Informatics'],3
Paper 6118,"['Economics and Econometrics', 'Law']",2
Paper 6119,['Earth Systems and Environmental Sciences'],3
Paper 6120,['Anthropology and Development Studies'],2
Paper 6121,['Modern Languages and Linguistics'],3
Paper 6122,"['Public Health, Health Services and Primary Care']",3
Paper 6123,['Chemistry'],3
Paper 6124,['Chemistry'],3
Paper 6125,"['Art and Design: History, Practice and Theory']",2
Paper 6126,"['Modern Languages and Linguistics', 'Clinical Medicine']",3
Paper 6127,['Biological Sciences'],3
Paper 6128,['Earth Systems and Environmental Sciences'],3
Paper 6129,['Classics'],3
Paper 6130,"['Allied Health Professions, Dentistry, Nursing and Pharmacy', 'Earth Systems and Environmental Sciences']",3
Paper 6131,['Law'],2
Paper 6132,"['Modern Languages and Linguistics', 'Social Work and Social Policy']",3
Paper 6133,"['Psychology, Psychiatry and Neuroscience']",2
Paper 6134,"['Classics', 'Economics and Econometrics']",3
Paper 6135,['Economics and Econometrics'],2
Paper 6136,['Law'],3
Paper 6137,['Economics and Econometrics'],3
Paper 6138,['Geography and Environmental Studies'],2
Paper 6139,"['Theology and Religious Studies', 'Theology and Religious Studies']",2
Paper 6140,"['Earth Systems and Environmental Sciences', 'Physics']",3
Paper 6141,['Mathematical Sciences'],2
Paper 6142,['Engineering'],2
Paper 6143,"['Agriculture, Food and Veterinary Sciences']",3
Paper 6144,['Biological Sciences'],2
Paper 6145,['Engineering'],3
Paper 6146,"['Architecture, Built Environment and Planning']",2
Paper 6147,['Anthropology and Development Studies'],3
Paper 6148,['Anthropology and Development Studies'],2
Paper 6149,['History'],2
Paper 6150,"['Allied Health Professions, Dentistry, Nursing and Pharmacy']",2
Paper 6151,"['Agriculture, Food and Veterinary Sciences']",3
Paper 6152,['Geography and Environmental Studies'],3
Paper 6153,"['Modern Languages and Linguistics', 'Theology and Religious Studies']",2
Paper 6154,['Chemistry'],3
Paper 6155,['Physics'],3
Paper 6156,['Biological Sciences'],2
Paper 6157,['Theology and Religious Studies'],3
Paper 6158,['Clinical Medicine'],3
Paper 6159,['History'],3
Paper 6160,['Law'],2
Paper 6161,"['Communication, Cultural and Media Studies, Library and Information Management']",3
Paper 6162,"['Sport and Exercise Sciences, Leisure and Tourism', 'Earth Systems and Environmental Sciences']",3
Paper 6163,"['Allied Health Professions, Dentistry, Nursing and Pharmacy']",2
Paper 6164,['Philosophy'],3
Paper 6165,['Philosophy'],2
Paper 6166,['Theology and Religious Studies'],3
Paper 6167,['Mathematical Sciences'],3
Paper 6168,['Business and Management Studies'],2
Paper 6169,"['Communication, Cultural and Media Studies, Library and Information Management', 'Archaeology']",3
Paper 6170,"['Psychology, Psychiatry and Neuroscience']",3
Paper 6171,"['Psychology, Psychiatry and Neuroscience', 'Chemistry']",3
Paper 6172,['Engineering'],2
Paper 6173,['Mathematical Sciences'],3
Paper 6174,['Biological Sciences'],3
Paper 6175,['Mathematical Sciences'],3
Paper 6176,['Law'],2
Paper 6177,"['Architecture, Built Environment and Planning']",3
Paper 6178,"['Architecture, Built Environment and Planning']",2
Paper 6179,['Physics'],3
Paper 6180,['Engineering'],3
Paper 6181,['Engineering'],2
Paper 6182,"['Sociology', 'Agriculture, Food and Veterinary Sciences']",3
Paper 6183,['Philosophy'],3
Paper 6184,['Engineering'],2
Paper 6185,"['Politics and International Studies', 'Clinical Medicine']",3
Paper 6186,['Engineering'],2
Paper 6187,['Biological Sciences'],2
Paper 6188,['Education'],1
Paper 6189,['Biological Sciences'],3
Paper 6190,"['Art and Design: History, Practice and Theory']",2
Paper 6191,"['Philosophy', 'Psychology, Psychiatry and Neuroscience']",3
Paper 6192,"['Art and Design: History, Practice and Theory']",3
Paper 6193,['Philosophy'],3
Paper 6194,['Chemistry'],3
Paper 6195,"['Agriculture, Food and Veterinary Sciences']",3
Paper 6196,['Modern Languages and Linguistics'],3
Paper 6197,['Education'],3
Paper 6198,['Business and Management Studies'],3
Paper 6199,['Classics'],3
Paper 6200,"['Art and Design: History, Practice and Theory']",2
Paper 6201,"['Agriculture, Food and Veterinary Sciences']",2
Paper 6202,['Business and Management Studies'],3
Paper 6203,['Computer Science and Informatics'],3
Paper 6204,['Area Studies'],2
Paper 6205,['Clinical Medicine'],3
Paper 6206,['Engineering'],3
Paper 6207,['History'],3
Paper 6208,['Anthropology and Development Studies'],3
Paper 6209,['Earth Systems and Environmental Sciences'],3
Paper 6210,"['Music, Drama, Dance, Performing Arts, Film and Screen Studies']",3
Paper 6211,['Earth Systems and Environmental Sciences'],2
Paper 6212,['Anthropology and Development Studies'],3
Paper 6213,['Theology and Religious Studies'],2
Paper 6214,['Earth Systems and Environmental Sciences'],2
Paper 6215,['Area Studies'],3
Paper 6216,['Education'],2
Paper 6217,"['Allied Health Professions, Dentistry, Nursing and Pharmacy', 'Psychology, Psychiatry and Neuroscience']",2
Paper 6218,"['Allied Health Professions, Dentistry, Nursing and Pharmacy']",3
Paper 6219,['Politics and International Studies'],3
Paper 6220,['Area Studies'],3
Paper 6221,['Physics'],3
Paper 6222,['Biological Sciences'],3
Paper 6223,['Biological Sciences'],3
Paper 6224,['Clinical Medicine'],3
Paper 6225,"['Communication, Cultural and Media Studies, Library and Information Management']",3
Paper 6226,['Anthropology and Development Studies'],3
Paper 6227,"['Social Work and Social Policy', 'Philosophy']",3
Paper 6228,['Sociology'],3
Paper 6229,"['Sport and Exercise Sciences, Leisure and Tourism']",3
Paper 6230,['Archaeology'],3
Paper 6231,"['Agriculture, Food and Veterinary Sciences']",3
Paper 6232,"['Allied Health Professions, Dentistry, Nursing and Pharmacy']",3
Paper 6233,['History'],2
Paper 6234,"['Agriculture, Food and Veterinary Sciences']",2
Paper 6235,['Modern Languages and Linguistics'],3
Paper 6236,['Anthropology and Development Studies'],3
Paper 6237,['Clinical Medicine'],3
Paper 6238,"['Public Health, Health Services and Primary Care']",3
Paper 6239,['Theology and Religious Studies'],3
Paper 6240,"['Art and Design: History, Practice and Theory']",2
Paper 6241,"['Computer Science and Informatics', 'Music, Drama, Dance, Performing Arts, Film and Screen Studies']",3
Paper 6242,['Law'],2
Paper 6243,"['Music, Drama, Dance, Performing Arts, Film and Screen Studies']",3
Paper 6244,['History'],2
Paper 6245,"['Allied Health Professions, Dentistry, Nursing and Pharmacy']",3
Paper 6246,['Economics and Econometrics'],3
Paper 6247,"['Public Health, Health Services and Primary Care']",3
Paper 6248,['Biological Sciences'],3
Paper 6249,"['Music, Drama, Dance, Performing Arts, Film and Screen Studies']",2
Paper 6250,['Theology and Religious Studies'],2
Paper 6251,"['Archaeology', 'Education']",2
Paper 6252,"['Sport and Exercise Sciences, Leisure and Tourism']",3
Paper 6253,"['Sport and Exercise Sciences, Leisure and Tourism']",2
Paper 6254,"['Archaeology', 'Theology and Religious Studies']",2
Paper 6255,['Sociology'],2
Paper 6256,['Biological Sciences'],2
Paper 6257,['Biological Sciences'],3
Paper 6258,['History'],2
Paper 6259,"['Sociology', 'Business and Management Studies']",3
Paper 6260,['Anthropology and Development Studies'],3
Paper 6261,"['Architecture, Built Environment and Planning']",3
Paper 6262,"['Psychology, Psychiatry and Neuroscience']",2
Paper 6263,['Social Work and Social Policy'],3
Paper 6264,['Anthropology and Development Studies'],3
Paper 6265,['Clinical Medicine'],3
Paper 6266,['Engineering'],2
Paper 6267,['Economics and Econometrics'],2
Paper 6268,['Computer Science and Informatics'],2
Paper 6269,['English Language and Literature'],3
Paper 6270,['Philosophy'],2
Paper 6271,['English Language and Literature'],3
Paper 6272,['Theology and Religious Studies'],3
Paper 6273,"['Communication, Cultural and Media Studies, Library and Information Management']",2
Paper 6274,['Economics and Econometrics'],2
Paper 6275,['Economics and Econometrics'],4
Paper 6276,['Anthropology and Development Studies'],3
Paper 6277,['Mathematical Sciences'],3
Paper 6278,"['Social Work and Social Policy', 'Clinical Medicine']",2
Paper 6279,['Sociology'],3
Paper 6280,"['Art and Design: History, Practice and Theory']",2
Paper 6281,"['Agriculture, Food and Veterinary Sciences']",3
Paper 6282,"['Art and Design: History, Practice and Theory']",3
Paper 6283,"['Architecture, Built Environment and Planning']",3
Paper 6284,['Sociology'],3
Paper 6285,['Social Work and Social Policy'],2
Paper 6286,"['Politics and International Studies', 'Business and Management Studies']",3
Paper 6287,['Classics'],3
Paper 6288,['English Language and Literature'],3
Paper 6289,"['Engineering', 'Clinical Medicine']",3
Paper 6290,"['Psychology, Psychiatry and Neuroscience']",2
Paper 6291,"['Philosophy', 'Anthropology and Development Studies']",3
Paper 6292,['Area Studies'],2
Paper 6293,['Chemistry'],2
Paper 6294,['Anthropology and Development Studies'],3
Paper 6295,"['Communication, Cultural and Media Studies, Library and Information Management']",2
Paper 6296,"['Education', 'Law']",3
Paper 6297,['Classics'],3
Paper 6298,['Mathematical Sciences'],3
Paper 6299,"['Allied Health Professions, Dentistry, Nursing and Pharmacy']",2
Paper 6300,"['Music, Drama, Dance, Performing Arts, Film and Screen Studies', 'Communication, Cultural and Media Studies, Library and Information Management']",2
Paper 6301,['Area Studies'],3
Paper 6302,"['Anthropology and Development Studies', 'Business and Management Studies']",2
Paper 6303,"['Psychology, Psychiatry and Neuroscience']",3
Paper 6304,"['Allied Health Professions, Dentistry, Nursing and Pharmacy']",3
Paper 6305,['Modern Languages and Linguistics'],3
Paper 6306,['Sociology'],1
Paper 6307,['Physics'],3
Paper 6308,['Biological Sciences'],4
Paper 6309,['Social Work and Social Policy'],2
Paper 6310,['History'],2
Paper 6311,['Chemistry'],3
Paper 6312,"['Public Health, Health Services and Primary Care']",2
Paper 6313,['Modern Languages and Linguistics'],3
Paper 6314,['Economics and Econometrics'],3
Paper 6315,['Chemistry'],3
Paper 6316,['Classics'],3
Paper 6317,['Politics and International Studies'],2
Paper 6318,['Anthropology and Development Studies'],3
Paper 6319,['Business and Management Studies'],3
Paper 6320,"['Art and Design: History, Practice and Theory']",3
Paper 6321,"['Public Health, Health Services and Primary Care']",2
Paper 6322,"['Sport and Exercise Sciences, Leisure and Tourism']",2
Paper 6323,['Sociology'],3
Paper 6324,"['Social Work and Social Policy', 'Communication, Cultural and Media Studies, Library and Information Management']",3
Paper 6325,['Sociology'],2
Paper 6326,"['Art and Design: History, Practice and Theory']",3
Paper 6327,['Earth Systems and Environmental Sciences'],3
Paper 6328,"['Art and Design: History, Practice and Theory']",2
Paper 6329,['Geography and Environmental Studies'],3
Paper 6330,['Earth Systems and Environmental Sciences'],3
Paper 6331,['Theology and Religious Studies'],2
Paper 6332,['English Language and Literature'],2
Paper 6333,['Biological Sciences'],3
Paper 6334,['Earth Systems and Environmental Sciences'],3
Paper 6335,['Philosophy'],3
Paper 6336,"['Psychology, Psychiatry and Neuroscience']",2
Paper 6337,"['Music, Drama, Dance, Performing Arts, Film and Screen Studies', 'Economics and Econometrics']",3
Paper 6338,"['Classics', 'Archaeology']",2
Paper 6339,['Geography and Environmental Studies'],2
Paper 6340,"['Agriculture, Food and Veterinary Sciences']",4
Paper 6341,"['Public Health, Health Services and Primary Care']",3
Paper 6342,['Theology and Religious Studies'],3
Paper 6343,['Classics'],3
Paper 6344,['Archaeology'],3
Paper 6345,['Biological Sciences'],3
Paper 6346,['Biological Sciences'],3
Paper 6347,"['Public Health, Health Services and Primary Care']",2
Paper 6348,['Engineering'],2
Paper 6349,"['Engineering', 'Communication, Cultural and Media Studies, Library and Information Management']",1
Paper 6350,['Law'],3
Paper 6351,['Law'],1
Paper 6352,"['Psychology, Psychiatry and Neuroscience']",2
Paper 6353,"['Psychology, Psychiatry and Neuroscience']",2
Paper 6354,['Earth Systems and Environmental Sciences'],3
Paper 6355,"['Physics', 'English Language and Literature']",3
Paper 6356,['Theology and Religious Studies'],2
Paper 6357,['Area Studies'],3
Paper 6358,['Social Work and Social Policy'],2
Paper 6359,['Politics and International Studies'],3
Paper 6360,['History'],2
Paper 6361,['Economics and Econometrics'],2
Paper 6362,['Politics and International Studies'],3
Paper 6363,"['Communication, Cultural and Media Studies, Library and Information Management']",3
Paper 6364,['History'],2
Paper 6365,"['Engineering', 'Physics']",2
Paper 6366,"['Communication, Cultural and Media Studies, Library and Information Management']",2
Paper 6367,['Classics'],3
Paper 6368,"['Agriculture, Food and Veterinary Sciences']",3
Paper 6369,"['Music, Drama, Dance, Performing Arts, Film and Screen Studies']",3
Paper 6370,['Archaeology'],3
Paper 6371,['History'],3
Paper 6372,['Area Studies'],3
Paper 6373,"['Allied Health Professions, Dentistry, Nursing and Pharmacy']",3
Paper 6374,['Business and Management Studies'],3
Paper 6375,"['Communication, Cultural and Media Studies, Library and Information Management']",4
Paper 6376,['Chemistry'],3
Paper 6377,"['Sociology', 'Modern Languages and Linguistics']",3
Paper 6378,"['Agriculture, Food and Veterinary Sciences']",3
Paper 6379,"['Music, Drama, Dance, Performing Arts, Film and Screen Studies']",3
Paper 6380,['History'],3
Paper 6381,"['Art and Design: History, Practice and Theory']",2
Paper 6382,['Law'],3
Paper 6383,['Classics'],3
Paper 6384,['Engineering'],3
Paper 6385,"['Earth Systems and Environmental Sciences', 'Education']",3
Paper 6386,"['Psychology, Psychiatry and Neuroscience']",3
Paper 6387,['Law'],3
Paper 6388,['Chemistry'],3
Paper 6389,"['Architecture, Built Environment and Planning']",3
Paper 6390,['Sociology'],2
Paper 6391,['Politics and International Studies'],3
Paper 6392,['Earth Systems and Environmental Sciences'],3
Paper 6393,"['Allied Health Professions, Dentistry, Nursing and Pharmacy']",2
Paper 6394,['Physics'],2
Paper 6395,['Geography and Environmental Studies'],3
Paper 6396,"['Music, Drama, Dance, Performing Arts, Film and Screen Studies']",2
Paper 6397,"['Music, Drama, Dance, Performing Arts, Film and Screen Studies']",3
Paper 6398,"['Sport and Exercise Sciences, Leisure and Tourism']",3
Paper 6399,['Physics'],3
Paper 6400,"['Music, Drama, Dance, Performing Arts, Film and Screen Studies']",2
Paper 6401,"['Agriculture, Food and Veterinary Sciences', 'Allied Health Professions, Dentistry, Nursing and Pharmacy']",2
Paper 6402,['Modern Languages and Linguistics'],3
Paper 6403,['Computer Science and Informatics'],2
Paper 6404,['Classics'],3
Paper 6405,['History'],2
Paper 6406,"['Art and Design: History, Practice and Theory']",2
Paper 6407,"['Architecture, Built Environment and Planning']",3
Paper 6408,['Area Studies'],3
Paper 6409,"['Allied Health Professions, Dentistry, Nursing and Pharmacy']",1
Paper 6410,['Engineering'],3
Paper 6411,['Social Work and Social Policy'],2
Paper 6412,['Clinical Medicine'],3
Paper 6413,['Law'],2
Paper 6414,['Physics'],3
Paper 6415,"['Art and Design: History, Practice and Theory']",3
Paper 6416,"['Art and Design: History, Practice and Theory', 'Modern Languages and Linguistics']",2
Paper 6417,"['Psychology, Psychiatry and Neuroscience']",3
Paper 6418,['Law'],2
Paper 6419,['Sociology'],3
Paper 6420,['Biological Sciences'],2
Paper 6421,['Earth Systems and Environmental Sciences'],3
Paper 6422,['Law'],2
Paper 6423,['Anthropology and Development Studies'],3
Paper 6424,['Earth Systems and Environmental Sciences'],3
Paper 6425,['Clinical Medicine'],3
Paper 6426,"['Archaeology', 'Mathematical Sciences']",3
Paper 6427,['Politics and International Studies'],3
Paper 6428,['Archaeology'],3
Paper 6429,"['Sport and Exercise Sciences, Leisure and Tourism']",2
Paper 6430,"['Allied Health Professions, Dentistry, Nursing and Pharmacy']",3
Paper 6431,['Education'],2
Paper 6432,['Economics and Econometrics'],3
Paper 6433,"['History', 'Archaeology']",3
Paper 6434,"['Anthropology and Development Studies', 'Politics and International Studies']",2
Paper 6435,['Politics and International Studies'],2
Paper 6436,['Politics and International Studies'],3
Paper 6437,['Economics and Econometrics'],2
Paper 6438,['Computer Science and Informatics'],2
Paper 6439,['Computer Science and Informatics'],3
Paper 6440,['Anthropology and Development Studies'],3
Paper 6441,"['Music, Drama, Dance, Performing Arts, Film and Screen Studies']",2
Paper 6442,['History'],3
Paper 6443,"['Communication, Cultural and Media Studies, Library and Information Management']",3
Paper 6444,"['Sport and Exercise Sciences, Leisure and Tourism']",2
Paper 6445,['Sociology'],2
Paper 6446,"['Communication, Cultural and Media Studies, Library and Information Management']",2
Paper 6447,['Anthropology and Development Studies'],3
Paper 6448,['Law'],2
Paper 6449,['Theology and Religious Studies'],2
Paper 6450,['Theology and Religious Studies'],3
Paper 6451,['Geography and Environmental Studies'],3
Paper 6452,['Biological Sciences'],3
Paper 6453,['Computer Science and Informatics'],2
Paper 6454,"['Physics', 'Archaeology']",3
Paper 6455,['Archaeology'],3
Paper 6456,"['Music, Drama, Dance, Performing Arts, Film and Screen Studies']",2
Paper 6457,"['Sport and Exercise Sciences, Leisure and Tourism']",2
Paper 6458,['Business and Management Studies'],3
Paper 6459,"['Agriculture, Food and Veterinary Sciences']",3
Paper 6460,['Clinical Medicine'],3
Paper 6461,['Business and Management Studies'],2
Paper 6462,['Engineering'],3
Paper 6463,"['Agriculture, Food and Veterinary Sciences']",3
Paper 6464,['Earth Systems and Environmental Sciences'],3
Paper 6465,['Mathematical Sciences'],3
Paper 6466,['Economics and Econometrics'],3
Paper 6467,['Sociology'],2
Paper 6468,['Business and Management Studies'],2
Paper 6469,['Archaeology'],2
Paper 6470,['Social Work and Social Policy'],2
Paper 6471,['Computer Science and Informatics'],3
Paper 6472,"['Art and Design: History, Practice and Theory']",4
Paper 6473,['Biological Sciences'],4
Paper 6474,['Business and Management Studies'],2
Paper 6475,"['Education', 'Theology and Religious Studies']",3
Paper 6476,['Geography and Environmental Studies'],2
Paper 6477,['History'],2
Paper 6478,['Physics'],3
Paper 6479,"['Agriculture, Food and Veterinary Sciences']",2
Paper 6480,['Earth Systems and Environmental Sciences'],3
Paper 6481,['Social Work and Social Policy'],3
Paper 6482,['Physics'],3
Paper 6483,['Biological Sciences'],3
Paper 6484,"['Engineering', 'Modern Languages and Linguistics']",3
Paper 6485,['Politics and International Studies'],2
Paper 6486,"['Art and Design: History, Practice and Theory']",3
Paper 6487,"['Sport and Exercise Sciences, Leisure and Tourism']",2
Paper 6488,['Archaeology'],2
Paper 6489,['History'],2
Paper 6490,['Clinical Medicine'],3
Paper 6491,"['Public Health, Health Services and Primary Care']",2
Paper 6492,['Biological Sciences'],2
Paper 6493,['Social Work and Social Policy'],2
Paper 6494,['Physics'],3
Paper 6495,"['Architecture, Built Environment and Planning']",2
Paper 6496,['Theology and Religious Studies'],2
Paper 6497,"['Public Health, Health Services and Primary Care']",3
Paper 6498,['Theology and Religious Studies'],3
Paper 6499,"['Architecture, Built Environment and Planning']",2
Paper 6500,['English Language and Literature'],3
Paper 6501,"['Sport and Exercise Sciences, Leisure and Tourism']",3
Paper 6502,"['Modern Languages and Linguistics', 'Allied Health Professions, Dentistry, Nursing and Pharmacy']",3
Paper 6503,['Chemistry'],2
Paper 6504,['Computer Science and Informatics'],3
Paper 6505,"['Theology and Religious Studies', 'Architecture, Built Environment and Planning']",3
Paper 6506,['Biological Sciences'],3
Paper 6507,"['English Language and Literature', 'Law']",3
Paper 6508,['Theology and Religious Studies'],2
Paper 6509,['Biological Sciences'],3
Paper 6510,['Philosophy'],2
Paper 6511,"['Agriculture, Food and Veterinary Sciences']",3
Paper 6512,['Engineering'],2
Paper 6513,['Chemistry'],3
Paper 6514,['Area Studies'],3
Paper 6515,['Area Studies'],3
Paper 6516,"['Art and Design: History, Practice and Theory']",3
Paper 6517,['Business and Management Studies'],3
Paper 6518,['Social Work and Social Policy'],2
Paper 6519,"['Architecture, Built Environment and Planning']",3
Paper 6520,['Physics'],3
Paper 6521,['Modern Languages and Linguistics'],3
Paper 6522,"['Agriculture, Food and Veterinary Sciences']",3
Paper 6523,['Area Studies'],3
Paper 6524,['Biological Sciences'],2
Paper 6525,"['Agriculture, Food and Veterinary Sciences', 'Communication, Cultural and Media Studies, Library and Information Management']",2
Paper 6526,['Mathematical Sciences'],3
Paper 6527,['Modern Languages and Linguistics'],3
Paper 6528,['Politics and International Studies'],3
Paper 6529,"['Communication, Cultural and Media Studies, Library and Information Management']",2
Paper 6530,['Physics'],3
Paper 6531,"['Agriculture, Food and Veterinary Sciences']",2
Paper 6532,['Computer Science and Informatics'],2
Paper 6533,"['Engineering', 'Social Work and Social Policy']",2
Paper 6534,"['Architecture, Built Environment and Planning']",2
Paper 6535,"['Music, Drama, Dance, Performing Arts, Film and Screen Studies', 'Physics']",2
Paper 6536,"['Communication, Cultural and Media Studies, Library and Information Management']",2
Paper 6537,['Engineering'],3
Paper 6538,"['Art and Design: History, Practice and Theory']",2
Paper 6539,"['Art and Design: History, Practice and Theory']",2
Paper 6540,['Archaeology'],2
Paper 6541,['Social Work and Social Policy'],2
Paper 6542,['English Language and Literature'],3
Paper 6543,['Theology and Religious Studies'],2
Paper 6544,"['Agriculture, Food and Veterinary Sciences']",3
Paper 6545,"['Sport and Exercise Sciences, Leisure and Tourism']",2
Paper 6546,['Politics and International Studies'],3
Paper 6547,['Archaeology'],2
Paper 6548,['Law'],2
Paper 6549,['Chemistry'],3
Paper 6550,"['Music, Drama, Dance, Performing Arts, Film and Screen Studies']",3
Paper 6551,['Physics'],3
Paper 6552,['Physics'],3
Paper 6553,['Physics'],3
Paper 6554,['Classics'],3
Paper 6555,['Mathematical Sciences'],3
Paper 6556,['Biological Sciences'],2
Paper 6557,"['Music, Drama, Dance, Performing Arts, Film and Screen Studies', 'Classics']",3
Paper 6558,"['Music, Drama, Dance, Performing Arts, Film and Screen Studies']",2
Paper 6559,"['Sport and Exercise Sciences, Leisure and Tourism']",3
Paper 6560,['Philosophy'],2
Paper 6561,"['Allied Health Professions, Dentistry, Nursing and Pharmacy']",3
Paper 6562,"['Art and Design: History, Practice and Theory']",3
Paper 6563,"['Anthropology and Development Studies', 'Physics']",3
Paper 6564,"['Psychology, Psychiatry and Neuroscience']",2
Paper 6565,['English Language and Literature'],2
Paper 6566,"['Communication, Cultural and Media Studies, Library and Information Management']",2
Paper 6567,"['Allied Health Professions, Dentistry, Nursing and Pharmacy']",2
Paper 6568,['Physics'],3
Paper 6569,['Clinical Medicine'],3
Paper 6570,['Modern Languages and Linguistics'],2
Paper 6571,['Clinical Medicine'],3
Paper 6572,['Computer Science and Informatics'],2
Paper 6573,['Theology and Religious Studies'],3
Paper 6574,['Social Work and Social Policy'],3
Paper 6575,['Modern Languages and Linguistics'],3
Paper 6576,"['Communication, Cultural and Media Studies, Library and Information Management']",2
Paper 6577,['Social Work and Social Policy'],2
Paper 6578,['History'],3
Paper 6579,['Physics'],3
Paper 6580,['Theology and Religious Studies'],3
Paper 6581,"['Agriculture, Food and Veterinary Sciences']",2
Paper 6582,['Philosophy'],2
Paper 6583,['Earth Systems and Environmental Sciences'],3
Paper 6584,['Anthropology and Development Studies'],2
Paper 6585,['Biological Sciences'],3
Paper 6586,['Geography and Environmental Studies'],3
Paper 6587,['Engineering'],2
Paper 6588,"['Sport and Exercise Sciences, Leisure and Tourism']",2
Paper 6589,['Law'],2
Paper 6590,['Geography and Environmental Studies'],2
Paper 6591,['Archaeology'],2
Paper 6592,"['Archaeology', 'Business and Management Studies']",3
Paper 6593,['Sociology'],3
Paper 6594,"['Allied Health Professions, Dentistry, Nursing and Pharmacy']",2
Paper 6595,"['Communication, Cultural and Media Studies, Library and Information Management', 'Earth Systems and Environmental Sciences']",2
Paper 6596,['Education'],2
Paper 6597,['Computer Science and Informatics'],2
Paper 6598,"['Music, Drama, Dance, Performing Arts, Film and Screen Studies', 'Geography and Environmental Studies']",3
Paper 6599,['Education'],3
Paper 6600,['Biological Sciences'],3
Paper 6601,['Theology and Religious Studies'],3
Paper 6602,['Economics and Econometrics'],3
Paper 6603,['Mathematical Sciences'],3
Paper 6604,"['Law', 'Biological Sciences']",2
Paper 6605,['Education'],3
Paper 6606,['Theology and Religious Studies'],1
Paper 6607,"['Music, Drama, Dance, Performing Arts, Film and Screen Studies']",2
Paper 6608,['Area Studies'],3
Paper 6609,['Chemistry'],3
Paper 6610,['History'],2
Paper 6611,['Archaeology'],3
Paper 6612,['English Language and Literature'],3
Paper 6613,['Biological Sciences'],3
Paper 6614,"['Art and Design: History, Practice and Theory']",2
Paper 6615,['Education'],2
Paper 6616,['Social Work and Social Policy'],2
Paper 6617,"['Art and Design: History, Practice and Theory']",2
Paper 6618,"['Allied Health Professions, Dentistry, Nursing and Pharmacy']",3
Paper 6619,"['Sport and Exercise Sciences, Leisure and Tourism']",2
Paper 6620,['Geography and Environmental Studies'],3
Paper 6621,"['Architecture, Built Environment and Planning']",3
Paper 6622,['English Language and Literature'],2
Paper 6623,['Anthropology and Development Studies'],3
Paper 6624,['Biological Sciences'],2
Paper 6625,"['Public Health, Health Services and Primary Care']",3
Paper 6626,['Mathematical Sciences'],3
Paper 6627,"['Architecture, Built Environment and Planning', 'Biological Sciences']",2
Paper 6628,['Biological Sciences'],3
Paper 6629,"['Psychology, Psychiatry and Neuroscience']",3
Paper 6630,['Sociology'],3
Paper 6631,"['Music, Drama, Dance, Performing Arts, Film and Screen Studies']",2
Paper 6632,['Philosophy'],3
Paper 6633,['Physics'],3
Paper 6634,"['Clinical Medicine', 'Modern Languages and Linguistics']",3
Paper 6635,"['Sport and Exercise Sciences, Leisure and Tourism']",3
Paper 6636,"['Psychology, Psychiatry and Neuroscience']",2
Paper 6637,"['Psychology, Psychiatry and Neuroscience']",2
Paper 6638,"['Music, Drama, Dance, Performing Arts, Film and Screen Studies']",2
Paper 6639,"['Modern Languages and Linguistics', 'Theology and Religious Studies']",3
Paper 6640,['Sociology'],3
Paper 6641,['Chemistry'],3
Paper 6642,"['Modern Languages and Linguistics', 'Psychology, Psychiatry and Neuroscience']",2
Paper 6643,['Sociology'],2
Paper 6644,"['Allied Health Professions, Dentistry, Nursing and Pharmacy']",2
Paper 6645,['Biological Sciences'],3
Paper 6646,['Social Work and Social Policy'],3
Paper 6647,['Politics and International Studies'],2
Paper 6648,['Philosophy'],3
Paper 6649,['Social Work and Social Policy'],2
Paper 6650,['Business and Management Studies'],2
Paper 6651,"['Education', 'Allied Health Professions, Dentistry, Nursing and Pharmacy']",3
Paper 6652,['Theology and Religious Studies'],3
Paper 6653,['Biological Sciences'],3
Paper 6654,"['Geography and Environmental Studies', 'History']",2
Paper 6655,['Social Work and Social Policy'],3
Paper 6656,"['Classics', 'Allied Health Professions, Dentistry, Nursing and Pharmacy']",3
Paper 6657,['English Language and Literature'],3
Paper 6658,['Earth Systems and Environmental Sciences'],3
Paper 6659,['Archaeology'],4
Paper 6660,['Philosophy'],3
Paper 6661,['Computer Science and Informatics'],2
Paper 6662,"['Psychology, Psychiatry and Neuroscience']",2
Paper 6663,['Computer Science and Informatics'],3
Paper 6664,['History'],3
Paper 6665,['Earth Systems and Environmental Sciences'],3
Paper 6666,['Social Work and Social Policy'],3
Paper 6667,['Education'],2
Paper 6668,['Computer Science and Informatics'],2
Paper 6669,['Business and Management Studies'],2
Paper 6670,['Earth Systems and Environmental Sciences'],3
Paper 6671,['Computer Science and Informatics'],2
Paper 6672,['Theology and Religious Studies'],2
Paper 6673,['Sociology'],3
Paper 6674,"['Sociology', 'Engineering']",3
Paper 6675,"['Engineering', 'Agriculture, Food and Veterinary Sciences']",3
Paper 6676,"['Philosophy', 'Chemistry']",3
Paper 6677,"['Public Health, Health Services and Primary Care']",3
Paper 6678,['Politics and International Studies'],3
Paper 6679,['Law'],2
Paper 6680,"['Music, Drama, Dance, Performing Arts, Film and Screen Studies']",2
Paper 6681,['Education'],2
Paper 6682,"['Sociology', 'Art and Design: History, Practice and Theory']",2
Paper 6683,"['Chemistry', 'Chemistry']",2
Paper 6684,['Earth Systems and Environmental Sciences'],4
Paper 6685,"['Law', 'Public Health, Health Services and Primary Care']",3
Paper 6686,"['Public Health, Health Services and Primary Care']",2
Paper 6687,"['Allied Health Professions, Dentistry, Nursing and Pharmacy']",3
Paper 6688,['Clinical Medicine'],3
Paper 6689,['Clinical Medicine'],3
Paper 6690,"['Psychology, Psychiatry and Neuroscience']",1
Paper 6691,['Area Studies'],3
Paper 6692,['Physics'],3
Paper 6693,['Modern Languages and Linguistics'],3
Paper 6694,"['Agriculture, Food and Veterinary Sciences']",3
Paper 6695,"['Allied Health Professions, Dentistry, Nursing and Pharmacy']",3
Paper 6696,"['Allied Health Professions, Dentistry, Nursing and Pharmacy']",2
Paper 6697,['Geography and Environmental Studies'],2
Paper 6698,['Education'],2
Paper 6699,"['Public Health, Health Services and Primary Care']",3
Paper 6700,['Law'],3
Paper 6701,['Geography and Environmental Studies'],3
Paper 6702,['Classics'],3
Paper 6703,['Classics'],3
Paper 6704,['Mathematical Sciences'],3
Paper 6705,['Area Studies'],3
Paper 6706,"['Anthropology and Development Studies', 'Anthropology and Development Studies']",3
Paper 6707,['Chemistry'],3
Paper 6708,['Social Work and Social Policy'],2
Paper 6709,['Physics'],3
Paper 6710,['Business and Management Studies'],2
Paper 6711,['Theology and Religious Studies'],3
Paper 6712,['Geography and Environmental Studies'],2
Paper 6713,['Area Studies'],2
Paper 6714,['Business and Management Studies'],3
Paper 6715,"['Public Health, Health Services and Primary Care']",3
Paper 6716,"['Education', 'Public Health, Health Services and Primary Care']",2
Paper 6717,['Earth Systems and Environmental Sciences'],3
Paper 6718,"['Social Work and Social Policy', 'Classics']",3
Paper 6719,"['Art and Design: History, Practice and Theory', 'Agriculture, Food and Veterinary Sciences']",3
Paper 6720,"['Music, Drama, Dance, Performing Arts, Film and Screen Studies']",3
Paper 6721,"['Architecture, Built Environment and Planning']",2
Paper 6722,"['Public Health, Health Services and Primary Care']",3
Paper 6723,['Sociology'],2
Paper 6724,['Geography and Environmental Studies'],3
Paper 6725,"['Communication, Cultural and Media Studies, Library and Information Management']",3
Paper 6726,['Engineering'],2
Paper 6727,"['Music, Drama, Dance, Performing Arts, Film and Screen Studies']",2
Paper 6728,['Social Work and Social Policy'],3
Paper 6729,['Philosophy'],3
Paper 6730,['Earth Systems and Environmental Sciences'],3
Paper 6731,['Theology and Religious Studies'],3
Paper 6732,"['Sport and Exercise Sciences, Leisure and Tourism']",3
Paper 6733,"['Public Health, Health Services and Primary Care']",2
Paper 6734,['Geography and Environmental Studies'],2
Paper 6735,['Social Work and Social Policy'],3
Paper 6736,['Law'],3
Paper 6737,['Area Studies'],3
Paper 6738,"['Communication, Cultural and Media Studies, Library and Information Management']",2
Paper 6739,['Chemistry'],3
Paper 6740,"['Agriculture, Food and Veterinary Sciences']",2
Paper 6741,"['Architecture, Built Environment and Planning']",3
Paper 6742,"['Public Health, Health Services and Primary Care']",2
Paper 6743,"['Sport and Exercise Sciences, Leisure and Tourism']",3
Paper 6744,['Physics'],3
Paper 6745,"['Sport and Exercise Sciences, Leisure and Tourism']",3
Paper 6746,['Politics and International Studies'],3
Paper 6747,['Engineering'],2
Paper 6748,['Philosophy'],2
Paper 6749,['Clinical Medicine'],3
Paper 6750,['Law'],3
Paper 6751,"['Art and Design: History, Practice and Theory']",3
Paper 6752,['Theology and Religious Studies'],2
Paper 6753,"['Public Health, Health Services and Primary Care']",3
Paper 6754,['Archaeology'],3
Paper 6755,"['Agriculture, Food and Veterinary Sciences']",2
Paper 6756,['Social Work and Social Policy'],2
Paper 6757,['History'],3
Paper 6758,['Chemistry'],3
Paper 6759,"['Clinical Medicine', 'English Language and Literature']",3
Paper 6760,['Biological Sciences'],3
Paper 6761,"['Agriculture, Food and Veterinary Sciences']",3
Paper 6762,['Archaeology'],3
Paper 6763,['Archaeology'],2
Paper 6764,"['Music, Drama, Dance, Performing Arts, Film and Screen Studies']",2
Paper 6765,['Anthropology and Development Studies'],2
Paper 6766,['Computer Science and Informatics'],3
Paper 6767,['Archaeology'],3
Paper 6768,['Physics'],3
Paper 6769,['Politics and International Studies'],3
Paper 6770,"['Agriculture, Food and Veterinary Sciences']",3
Paper 6771,"['Art and Design: History, Practice and Theory']",3
Paper 6772,['Theology and Religious Studies'],3
Paper 6773,['Business and Management Studies'],2
Paper 6774,['Geography and Environmental Studies'],2
Paper 6775,['Computer Science and Informatics'],2
Paper 6776,['Economics and Econometrics'],2
Paper 6777,['Biological Sciences'],3
Paper 6778,['Engineering'],2
Paper 6779,['Engineering'],3
Paper 6780,"['Economics and Econometrics', 'Classics']",3
Paper 6781,"['Sport and Exercise Sciences, Leisure and Tourism']",3
Paper 6782,"['Sport and Exercise Sciences, Leisure and Tourism']",3
Paper 6783,['Sociology'],3
Paper 6784,['English Language and Literature'],3
Paper 6785,['Business and Management Studies'],3
Paper 6786,['Physics'],3
Paper 6787,['Mathematical Sciences'],3
Paper 6788,['Anthropology and Development Studies'],3
Paper 6789,"['Sport and Exercise Sciences, Leisure and Tourism']",3
Paper 6790,['History'],3
Paper 6791,['Philosophy'],3
Paper 6792,"['Agriculture, Food and Veterinary Sciences']",3
Paper 6793,"['Geography and Environmental Studies', 'Sociology']",3
Paper 6794,['English Language and Literature'],2
Paper 6795,"['Biological Sciences', 'Classics']",3
Paper 6796,['Sociology'],3
Paper 6797,['Modern Languages and Linguistics'],3
Paper 6798,['Theology and Religious Studies'],2
Paper 6799,['Biological Sciences'],3
Paper 6800,['Engineering'],3
Paper 6801,"['Psychology, Psychiatry and Neuroscience']",2
Paper 6802,"['Music, Drama, Dance, Performing Arts, Film and Screen Studies']",2
Paper 6803,['Law'],2
Paper 6804,"['Sport and Exercise Sciences, Leisure and Tourism']",3
Paper 6805,['Geography and Environmental Studies'],2
Paper 6806,['Archaeology'],3
Paper 6807,['Geography and Environmental Studies'],3
Paper 6808,"['Earth Systems and Environmental Sciences', 'Communication, Cultural and Media Studies, Library and Information Management']",3
Paper 6809,"['Sport and Exercise Sciences, Leisure and Tourism']",3
Paper 6810,['Law'],2
Paper 6811,['Politics and International Studies'],3
Paper 6812,"['Mathematical Sciences', 'Modern Languages and Linguistics']",3
Paper 6813,['Economics and Econometrics'],3
Paper 6814,['Computer Science and Informatics'],3
Paper 6815,['Business and Management Studies'],2
Paper 6816,['Theology and Religious Studies'],2
Paper 6817,"['Music, Drama, Dance, Performing Arts, Film and Screen Studies']",2
Paper 6818,"['Earth Systems and Environmental Sciences', 'Politics and International Studies']",3
Paper 6819,"['Allied Health Professions, Dentistry, Nursing and Pharmacy']",2
Paper 6820,['Modern Languages and Linguistics'],2
Paper 6821,"['Economics and Econometrics', 'Sociology']",3
Paper 6822,['Law'],3
Paper 6823,"['Allied Health Professions, Dentistry, Nursing and Pharmacy']",2
Paper 6824,"['Sport and Exercise Sciences, Leisure and Tourism']",2
Paper 6825,"['Allied Health Professions, Dentistry, Nursing and Pharmacy']",2
Paper 6826,"['Psychology, Psychiatry and Neuroscience']",3
Paper 6827,['Chemistry'],3
Paper 6828,['Earth Systems and Environmental Sciences'],3
Paper 6829,"['Music, Drama, Dance, Performing Arts, Film and Screen Studies']",3
Paper 6830,['Earth Systems and Environmental Sciences'],4
Paper 6831,"['Music, Drama, Dance, Performing Arts, Film and Screen Studies']",2
Paper 6832,"['Communication, Cultural and Media Studies, Library and Information Management']",3
Paper 6833,['Clinical Medicine'],3
Paper 6834,['Business and Management Studies'],3
Paper 6835,['Law'],2
Paper 6836,"['Art and Design: History, Practice and Theory', 'Archaeology']",2
Paper 6837,"['Psychology, Psychiatry and Neuroscience', 'Social Work and Social Policy']",3
Paper 6838,"['Art and Design: History, Practice and Theory']",3
Paper 6839,['Philosophy'],3
Paper 6840,['Philosophy'],3
Paper 6841,['Social Work and Social Policy'],3
Paper 6842,"['Theology and Religious Studies', 'English Language and Literature']",4
Paper 6843,['Geography and Environmental Studies'],3
Paper 6844,"['Art and Design: History, Practice and Theory']",3
Paper 6845,['Theology and Religious Studies'],2
Paper 6846,['Biological Sciences'],2
Paper 6847,['Mathematical Sciences'],3
Paper 6848,['History'],3
Paper 6849,['Engineering'],3
Paper 6850,"['Physics', 'Economics and Econometrics']",4
Paper 6851,"['Sport and Exercise Sciences, Leisure and Tourism']",2
Paper 6852,['Law'],2
Paper 6853,"['Archaeology', 'Geography and Environmental Studies']",3
Paper 6854,"['Sport and Exercise Sciences, Leisure and Tourism']",3
Paper 6855,['Business and Management Studies'],3
Paper 6856,"['Sport and Exercise Sciences, Leisure and Tourism', 'Biological Sciences']",3
Paper 6857,['Geography and Environmental Studies'],2
Paper 6858,['Archaeology'],3
Paper 6859,['Law'],2
Paper 6860,['Engineering'],2
Paper 6861,"['Allied Health Professions, Dentistry, Nursing and Pharmacy']",2
Paper 6862,"['Allied Health Professions, Dentistry, Nursing and Pharmacy', 'Archaeology']",3
Paper 6863,['Computer Science and Informatics'],3
Paper 6864,['Sociology'],2
Paper 6865,['Clinical Medicine'],3
Paper 6866,['Geography and Environmental Studies'],3
Paper 6867,"['Psychology, Psychiatry and Neuroscience']",1
Paper 6868,['Archaeology'],3
Paper 6869,"['Sport and Exercise Sciences, Leisure and Tourism']",3
Paper 6870,"['Public Health, Health Services and Primary Care']",3
Paper 6871,['Education'],3
Paper 6872,"['Sport and Exercise Sciences, Leisure and Tourism']",3
Paper 6873,"['Architecture, Built Environment and Planning']",2
Paper 6874,"['Art and Design: History, Practice and Theory']",2
Paper 6875,['Clinical Medicine'],3
Paper 6876,['Law'],2
Paper 6877,['Philosophy'],3
Paper 6878,['Social Work and Social Policy'],2
Paper 6879,['Earth Systems and Environmental Sciences'],3
Paper 6880,['Sociology'],2
Paper 6881,['Mathematical Sciences'],2
Paper 6882,['Physics'],3
Paper 6883,['Physics'],3
Paper 6884,['Modern Languages and Linguistics'],3
Paper 6885,['Politics and International Studies'],2
Paper 6886,"['Art and Design: History, Practice and Theory', 'Biological Sciences']",3
Paper 6887,['Geography and Environmental Studies'],2
Paper 6888,"['Agriculture, Food and Veterinary Sciences']",2
Paper 6889,"['Architecture, Built Environment and Planning']",2
Paper 6890,['Business and Management Studies'],3
Paper 6891,['English Language and Literature'],3
Paper 6892,['Economics and Econometrics'],2
Paper 6893,['History'],3
Paper 6894,['Archaeology'],2
Paper 6895,['Law'],2
Paper 6896,"['Sociology', 'Social Work and Social Policy']",2
Paper 6897,"['Agriculture, Food and Veterinary Sciences']",2
Paper 6898,['Chemistry'],3
Paper 6899,['Social Work and Social Policy'],2
Paper 6900,['Mathematical Sciences'],3
Paper 6901,['Mathematical Sciences'],3
Paper 6902,"['Allied Health Professions, Dentistry, Nursing and Pharmacy']",3
Paper 6903,['English Language and Literature'],3
Paper 6904,['Politics and International Studies'],2
Paper 6905,"['Agriculture, Food and Veterinary Sciences']",3
Paper 6906,"['Public Health, Health Services and Primary Care', 'Geography and Environmental Studies']",3
Paper 6907,['Anthropology and Development Studies'],3
Paper 6908,['English Language and Literature'],3
Paper 6909,"['Agriculture, Food and Veterinary Sciences']",3
Paper 6910,['Business and Management Studies'],2
Paper 6911,['Archaeology'],2
Paper 6912,['Chemistry'],2
Paper 6913,['Clinical Medicine'],3
Paper 6914,['Politics and International Studies'],3
Paper 6915,['Law'],2
Paper 6916,['Anthropology and Development Studies'],3
Paper 6917,['Geography and Environmental Studies'],3
Paper 6918,"['Public Health, Health Services and Primary Care']",2
Paper 6919,['Politics and International Studies'],2
Paper 6920,['Archaeology'],3
Paper 6921,['Biological Sciences'],3
Paper 6922,['Physics'],3
Paper 6923,['Philosophy'],2
Paper 6924,"['Music, Drama, Dance, Performing Arts, Film and Screen Studies', 'Chemistry']",2
Paper 6925,"['Architecture, Built Environment and Planning']",2
Paper 6926,['Politics and International Studies'],3
Paper 6927,['Physics'],3
Paper 6928,"['Public Health, Health Services and Primary Care']",3
Paper 6929,['Modern Languages and Linguistics'],3
Paper 6930,['Economics and Econometrics'],3
Paper 6931,['Biological Sciences'],3
Paper 6932,"['Music, Drama, Dance, Performing Arts, Film and Screen Studies']",3
Paper 6933,['Chemistry'],3
Paper 6934,['Computer Science and Informatics'],3
Paper 6935,"['Allied Health Professions, Dentistry, Nursing and Pharmacy']",3
Paper 6936,"['Chemistry', 'Psychology, Psychiatry and Neuroscience']",3
Paper 6937,"['Art and Design: History, Practice and Theory']",2
Paper 6938,"['Allied Health Professions, Dentistry, Nursing and Pharmacy']",2
Paper 6939,['Sociology'],3
Paper 6940,['Social Work and Social Policy'],3
Paper 6941,"['Communication, Cultural and Media Studies, Library and Information Management']",3
Paper 6942,"['Agriculture, Food and Veterinary Sciences']",3
Paper 6943,"['Sport and Exercise Sciences, Leisure and Tourism']",3
Paper 6944,"['Public Health, Health Services and Primary Care', 'Clinical Medicine']",3
Paper 6945,['Philosophy'],3
Paper 6946,['Engineering'],2
Paper 6947,['Modern Languages and Linguistics'],3
Paper 6948,['Classics'],3
Paper 6949,"['Art and Design: History, Practice and Theory']",3
Paper 6950,"['Music, Drama, Dance, Performing Arts, Film and Screen Studies']",2
Paper 6951,['Earth Systems and Environmental Sciences'],3
Paper 6952,['Earth Systems and Environmental Sciences'],3
Paper 6953,"['Art and Design: History, Practice and Theory']",3
Paper 6954,['Physics'],3
Paper 6955,['Business and Management Studies'],2
Paper 6956,"['Politics and International Studies', 'Modern Languages and Linguistics']",3
Paper 6957,['Chemistry'],3
Paper 6958,"['Music, Drama, Dance, Performing Arts, Film and Screen Studies']",2
Paper 6959,['Philosophy'],3
Paper 6960,['Politics and International Studies'],2
Paper 6961,"['Agriculture, Food and Veterinary Sciences']",2
Paper 6962,['Archaeology'],3
Paper 6963,['Law'],3
Paper 6964,"['Art and Design: History, Practice and Theory']",3
Paper 6965,['Computer Science and Informatics'],3
Paper 6966,"['Agriculture, Food and Veterinary Sciences']",3
Paper 6967,['History'],3
Paper 6968,['Archaeology'],2
Paper 6969,"['Public Health, Health Services and Primary Care']",3
Paper 6970,['Computer Science and Informatics'],3
Paper 6971,['History'],2
Paper 6972,['Area Studies'],3
Paper 6973,['Clinical Medicine'],3
Paper 6974,['Clinical Medicine'],3
Paper 6975,['Geography and Environmental Studies'],3
Paper 6976,['Engineering'],3
Paper 6977,"['Agriculture, Food and Veterinary Sciences']",2
Paper 6978,"['Public Health, Health Services and Primary Care']",2
Paper 6979,['Geography and Environmental Studies'],3
Paper 6980,['Economics and Econometrics'],3
Paper 6981,['Business and Management Studies'],2
Paper 6982,['Archaeology'],3
Paper 6983,['Theology and Religious Studies'],3
Paper 6984,['Sociology'],2
Paper 6985,['English Language and Literature'],3
Paper 6986,['Geography and Environmental Studies'],3
Paper 6987,['Theology and Religious Studies'],3
Paper 6988,"['Psychology, Psychiatry and Neuroscience']",2
Paper 6989,"['Agriculture, Food and Veterinary Sciences']",3
Paper 6990,['Clinical Medicine'],3
Paper 6991,['Geography and Environmental Studies'],3
Paper 6992,['Biological Sciences'],2
Paper 6993,['Earth Systems and Environmental Sciences'],2
Paper 6994,['Clinical Medicine'],3
Paper 6995,"['Psychology, Psychiatry and Neuroscience']",3
Paper 6996,['Theology and Religious Studies'],2
Paper 6997,['Physics'],3
Paper 6998,"['Psychology, Psychiatry and Neuroscience', 'Physics']",2
Paper 6999,['Business and Management Studies'],2
Paper 7000,"['Allied Health Professions, Dentistry, Nursing and Pharmacy']",2
Paper 7001,['Economics and Econometrics'],2
Paper 7002,"['Allied Health Professions, Dentistry, Nursing and Pharmacy']",3
Paper 7003,"['Sport and Exercise Sciences, Leisure and Tourism']",3
Paper 7004,['Theology and Religious Studies'],3
Paper 7005,['Earth Systems and Environmental Sciences'],3
Paper 7006,"['Art and Design: History, Practice and Theory']",2
Paper 7007,"['Public Health, Health Services and Primary Care']",3
Paper 7008,['Sociology'],2
Paper 7009,['Biological Sciences'],3
Paper 7010,['History'],2
Paper 7011,['Business and Management Studies'],2
Paper 7012,['Mathematical Sciences'],3
Paper 7013,['Earth Systems and Environmental Sciences'],3
Paper 7014,['Classics'],3
Paper 7015,['Clinical Medicine'],3
Paper 7016,['English Language and Literature'],3
Paper 7017,"['Public Health, Health Services and Primary Care']",3
Paper 7018,"['Music, Drama, Dance, Performing Arts, Film and Screen Studies']",2
Paper 7019,['Physics'],3
Paper 7020,['Computer Science and Informatics'],3
Paper 7021,"['Communication, Cultural and Media Studies, Library and Information Management']",2
Paper 7022,['Sociology'],2
Paper 7023,['Computer Science and Informatics'],2
Paper 7024,['Computer Science and Informatics'],3
Paper 7025,['Politics and International Studies'],3
Paper 7026,"['Sport and Exercise Sciences, Leisure and Tourism']",3
Paper 7027,"['Communication, Cultural and Media Studies, Library and Information Management']",3
Paper 7028,['Chemistry'],3
Paper 7029,['Theology and Religious Studies'],2
Paper 7030,['Earth Systems and Environmental Sciences'],3
Paper 7031,"['Economics and Econometrics', 'Geography and Environmental Studies']",3
Paper 7032,['Politics and International Studies'],2
Paper 7033,['Chemistry'],4
Paper 7034,['Physics'],3
Paper 7035,"['Education', 'Business and Management Studies']",2
Paper 7036,['Sociology'],2
Paper 7037,"['Earth Systems and Environmental Sciences', 'Art and Design: History, Practice and Theory']",3
Paper 7038,['Social Work and Social Policy'],3
Paper 7039,['Theology and Religious Studies'],3
Paper 7040,['Sociology'],3
Paper 7041,"['Sport and Exercise Sciences, Leisure and Tourism']",2
Paper 7042,['Law'],3
Paper 7043,"['Engineering', 'Earth Systems and Environmental Sciences']",3
Paper 7044,"['Communication, Cultural and Media Studies, Library and Information Management']",2
Paper 7045,['Mathematical Sciences'],2
Paper 7046,"['Allied Health Professions, Dentistry, Nursing and Pharmacy']",3
Paper 7047,['Modern Languages and Linguistics'],2
Paper 7048,['Social Work and Social Policy'],2
Paper 7049,"['Communication, Cultural and Media Studies, Library and Information Management']",3
Paper 7050,['Philosophy'],3
Paper 7051,['English Language and Literature'],3
Paper 7052,"['Psychology, Psychiatry and Neuroscience']",2
Paper 7053,['Economics and Econometrics'],3
Paper 7054,['English Language and Literature'],2
Paper 7055,"['Music, Drama, Dance, Performing Arts, Film and Screen Studies']",2
Paper 7056,['Classics'],2
Paper 7057,"['Psychology, Psychiatry and Neuroscience']",3
Paper 7058,['Area Studies'],3
Paper 7059,['Area Studies'],2
Paper 7060,['Classics'],3
Paper 7061,['Law'],2
Paper 7062,['Mathematical Sciences'],3
Paper 7063,"['Communication, Cultural and Media Studies, Library and Information Management']",2
Paper 7064,"['Psychology, Psychiatry and Neuroscience']",2
Paper 7065,['Politics and International Studies'],3
Paper 7066,['Economics and Econometrics'],2
Paper 7067,['Modern Languages and Linguistics'],3
Paper 7068,['Area Studies'],3
Paper 7069,['Anthropology and Development Studies'],3
Paper 7070,['Archaeology'],3
Paper 7071,"['Art and Design: History, Practice and Theory']",2
Paper 7072,"['Agriculture, Food and Veterinary Sciences']",3
Paper 7073,['Physics'],3
Paper 7074,['Social Work and Social Policy'],3
Paper 7075,['Geography and Environmental Studies'],3
Paper 7076,['Economics and Econometrics'],3
Paper 7077,['Computer Science and Informatics'],3
Paper 7078,['Mathematical Sciences'],3
Paper 7079,"['Biological Sciences', 'Allied Health Professions, Dentistry, Nursing and Pharmacy']",2
Paper 7080,"['Public Health, Health Services and Primary Care']",3
Paper 7081,['Business and Management Studies'],3
Paper 7082,"['Theology and Religious Studies', 'Geography and Environmental Studies']",2
Paper 7083,['Law'],2
Paper 7084,['Politics and International Studies'],3
Paper 7085,['Politics and International Studies'],4
Paper 7086,['Anthropology and Development Studies'],3
Paper 7087,['Theology and Religious Studies'],3
Paper 7088,['Business and Management Studies'],2
Paper 7089,['Anthropology and Development Studies'],3
Paper 7090,['Chemistry'],3
Paper 7091,['Chemistry'],3
Paper 7092,"['Sociology', 'Agriculture, Food and Veterinary Sciences']",3
Paper 7093,['History'],3
Paper 7094,['Clinical Medicine'],3
Paper 7095,['History'],3
Paper 7096,"['Music, Drama, Dance, Performing Arts, Film and Screen Studies']",3
Paper 7097,['Business and Management Studies'],3
Paper 7098,['Physics'],2
Paper 7099,['Area Studies'],3
Paper 7100,['Physics'],2
Paper 7101,['Classics'],3
Paper 7102,"['Sociology', 'Chemistry']",2
Paper 7103,"['Agriculture, Food and Veterinary Sciences']",3
Paper 7104,['Sociology'],3
Paper 7105,['Economics and Econometrics'],3
Paper 7106,"['Communication, Cultural and Media Studies, Library and Information Management']",3
Paper 7107,['Area Studies'],3
Paper 7108,['Archaeology'],3
Paper 7109,"['Sport and Exercise Sciences, Leisure and Tourism']",2
Paper 7110,"['Public Health, Health Services and Primary Care']",2
Paper 7111,['Economics and Econometrics'],3
Paper 7112,"['Allied Health Professions, Dentistry, Nursing and Pharmacy']",3
Paper 7113,['Clinical Medicine'],3
Paper 7114,['Area Studies'],3
Paper 7115,['Modern Languages and Linguistics'],3
Paper 7116,['Anthropology and Development Studies'],3
Paper 7117,['Social Work and Social Policy'],2
Paper 7118,['Education'],2
Paper 7119,['Philosophy'],3
Paper 7120,['Law'],2
Paper 7121,['Mathematical Sciences'],2
Paper 7122,['Physics'],3
Paper 7123,"['Psychology, Psychiatry and Neuroscience']",2
Paper 7124,"['History', 'Sport and Exercise Sciences, Leisure and Tourism']",2
Paper 7125,['Earth Systems and Environmental Sciences'],3
Paper 7126,['Business and Management Studies'],2
Paper 7127,['Modern Languages and Linguistics'],2
Paper 7128,['Business and Management Studies'],2
Paper 7129,['Earth Systems and Environmental Sciences'],3
Paper 7130,['Business and Management Studies'],3
Paper 7131,['Physics'],3
Paper 7132,"['Politics and International Studies', 'Art and Design: History, Practice and Theory']",3
Paper 7133,"['Sport and Exercise Sciences, Leisure and Tourism']",3
Paper 7134,['Geography and Environmental Studies'],2
Paper 7135,['History'],2
Paper 7136,['Mathematical Sciences'],3
Paper 7137,['History'],3
Paper 7138,['Area Studies'],3
Paper 7139,['Engineering'],1
Paper 7140,['Engineering'],3
Paper 7141,"['Engineering', 'History']",3
Paper 7142,"['Law', 'Mathematical Sciences']",3
Paper 7143,['Geography and Environmental Studies'],3
Paper 7144,"['Allied Health Professions, Dentistry, Nursing and Pharmacy', 'Mathematical Sciences']",2
Paper 7145,['Theology and Religious Studies'],1
Paper 7146,['Politics and International Studies'],3
Paper 7147,['Modern Languages and Linguistics'],3
Paper 7148,['Computer Science and Informatics'],3
Paper 7149,['Clinical Medicine'],3
Paper 7150,"['Allied Health Professions, Dentistry, Nursing and Pharmacy']",3
Paper 7151,['Chemistry'],3
Paper 7152,"['Agriculture, Food and Veterinary Sciences', 'Engineering']",2
Paper 7153,['Area Studies'],3
Paper 7154,['Chemistry'],3
Paper 7155,['Clinical Medicine'],3
Paper 7156,['Politics and International Studies'],3
Paper 7157,['Philosophy'],3
Paper 7158,['Politics and International Studies'],3
Paper 7159,"['Allied Health Professions, Dentistry, Nursing and Pharmacy']",3
Paper 7160,"['Biological Sciences', 'Earth Systems and Environmental Sciences']",4
Paper 7161,['Engineering'],2
Paper 7162,['Computer Science and Informatics'],2
Paper 7163,['English Language and Literature'],3
Paper 7164,['English Language and Literature'],2
Paper 7165,['Clinical Medicine'],3
Paper 7166,"['Public Health, Health Services and Primary Care']",3
Paper 7167,"['Earth Systems and Environmental Sciences', 'Computer Science and Informatics']",2
Paper 7168,"['Sport and Exercise Sciences, Leisure and Tourism', 'Mathematical Sciences']",3
Paper 7169,"['Earth Systems and Environmental Sciences', 'Law']",3
Paper 7170,['Philosophy'],2
Paper 7171,['Law'],3
Paper 7172,['Classics'],3
Paper 7173,['English Language and Literature'],3
Paper 7174,['Computer Science and Informatics'],2
Paper 7175,['Computer Science and Informatics'],3
Paper 7176,"['Music, Drama, Dance, Performing Arts, Film and Screen Studies']",2
Paper 7177,"['Public Health, Health Services and Primary Care']",3
Paper 7178,"['Sport and Exercise Sciences, Leisure and Tourism', 'Sport and Exercise Sciences, Leisure and Tourism']",3
Paper 7179,['Mathematical Sciences'],3
Paper 7180,"['Music, Drama, Dance, Performing Arts, Film and Screen Studies', 'Agriculture, Food and Veterinary Sciences']",3
Paper 7181,['Clinical Medicine'],3
Paper 7182,['Engineering'],2
Paper 7183,['Theology and Religious Studies'],2
Paper 7184,"['Art and Design: History, Practice and Theory']",2
Paper 7185,['Chemistry'],3
Paper 7186,['History'],2
Paper 7187,"['Public Health, Health Services and Primary Care']",3
Paper 7188,"['Public Health, Health Services and Primary Care']",2
Paper 7189,['Education'],2
Paper 7190,['Politics and International Studies'],3
Paper 7191,['Engineering'],2
Paper 7192,['Anthropology and Development Studies'],3
Paper 7193,['Economics and Econometrics'],2
Paper 7194,['Earth Systems and Environmental Sciences'],3
Paper 7195,['Sociology'],2
Paper 7196,"['Allied Health Professions, Dentistry, Nursing and Pharmacy', 'History']",2
Paper 7197,['Clinical Medicine'],3
Paper 7198,['Chemistry'],2
Paper 7199,['Geography and Environmental Studies'],2
Paper 7200,"['Psychology, Psychiatry and Neuroscience']",2
Paper 7201,"['Law', 'Modern Languages and Linguistics']",3
Paper 7202,['Classics'],3
Paper 7203,['Geography and Environmental Studies'],3
Paper 7204,"['Agriculture, Food and Veterinary Sciences']",3
Paper 7205,['Archaeology'],3
Paper 7206,['Education'],2
Paper 7207,['Clinical Medicine'],3
Paper 7208,['Biological Sciences'],3
Paper 7209,"['Architecture, Built Environment and Planning']",3
Paper 7210,"['Clinical Medicine', 'Communication, Cultural and Media Studies, Library and Information Management']",3
Paper 7211,['Geography and Environmental Studies'],2
Paper 7212,['Classics'],3
Paper 7213,"['Music, Drama, Dance, Performing Arts, Film and Screen Studies']",2
Paper 7214,"['Music, Drama, Dance, Performing Arts, Film and Screen Studies']",3
Paper 7215,"['Allied Health Professions, Dentistry, Nursing and Pharmacy']",4
Paper 7216,['Classics'],3
Paper 7217,['Engineering'],2
Paper 7218,['English Language and Literature'],2
Paper 7219,['Biological Sciences'],3
Paper 7220,['Sociology'],2
Paper 7221,"['Psychology, Psychiatry and Neuroscience']",2
Paper 7222,"['Communication, Cultural and Media Studies, Library and Information Management']",3
Paper 7223,"['Architecture, Built Environment and Planning']",3
Paper 7224,"['Sport and Exercise Sciences, Leisure and Tourism']",3
Paper 7225,['Area Studies'],2
Paper 7226,"['Art and Design: History, Practice and Theory']",2
Paper 7227,"['Philosophy', 'Theology and Religious Studies']",3
Paper 7228,['Earth Systems and Environmental Sciences'],3
Paper 7229,['Area Studies'],3
Paper 7230,['Clinical Medicine'],3
Paper 7231,"['Agriculture, Food and Veterinary Sciences']",3
Paper 7232,['Education'],1
Paper 7233,['Earth Systems and Environmental Sciences'],3
Paper 7234,['Economics and Econometrics'],3
Paper 7235,"['Architecture, Built Environment and Planning']",2
Paper 7236,"['Music, Drama, Dance, Performing Arts, Film and Screen Studies']",2
Paper 7237,['Earth Systems and Environmental Sciences'],2
Paper 7238,['Earth Systems and Environmental Sciences'],3
Paper 7239,"['Area Studies', 'Earth Systems and Environmental Sciences']",2
Paper 7240,['Anthropology and Development Studies'],3
Paper 7241,['Engineering'],3
Paper 7242,['Chemistry'],3
Paper 7243,['Physics'],3
Paper 7244,['Business and Management Studies'],2
Paper 7245,"['Biological Sciences', 'Social Work and Social Policy']",3
Paper 7246,['Physics'],3
Paper 7247,"['Sport and Exercise Sciences, Leisure and Tourism']",3
Paper 7248,['Philosophy'],2
Paper 7249,"['Psychology, Psychiatry and Neuroscience']",2
Paper 7250,['Business and Management Studies'],3
Paper 7251,['Politics and International Studies'],3
Paper 7252,['Mathematical Sciences'],2
Paper 7253,['Anthropology and Development Studies'],3
Paper 7254,"['Earth Systems and Environmental Sciences', 'Public Health, Health Services and Primary Care']",3
Paper 7255,['Engineering'],3
Paper 7256,"['Law', 'Modern Languages and Linguistics']",3
Paper 7257,['Physics'],3
Paper 7258,['Clinical Medicine'],3
Paper 7259,['Physics'],3
Paper 7260,['Clinical Medicine'],3
Paper 7261,"['Sport and Exercise Sciences, Leisure and Tourism']",2
Paper 7262,['Business and Management Studies'],3
Paper 7263,['Politics and International Studies'],3
Paper 7264,['Physics'],3
Paper 7265,['Physics'],3
Paper 7266,['Mathematical Sciences'],3
Paper 7267,"['Agriculture, Food and Veterinary Sciences']",2
Paper 7268,['Engineering'],2
Paper 7269,"['Allied Health Professions, Dentistry, Nursing and Pharmacy']",2
Paper 7270,"['Communication, Cultural and Media Studies, Library and Information Management']",2
Paper 7271,['Clinical Medicine'],3
Paper 7272,['Economics and Econometrics'],3
Paper 7273,['Chemistry'],3
Paper 7274,"['Sport and Exercise Sciences, Leisure and Tourism']",2
Paper 7275,['Business and Management Studies'],3
Paper 7276,['Earth Systems and Environmental Sciences'],3
Paper 7277,"['Allied Health Professions, Dentistry, Nursing and Pharmacy']",3
Paper 7278,['Physics'],3
Paper 7279,['Social Work and Social Policy'],2
Paper 7280,['Classics'],3
Paper 7281,['Biological Sciences'],2
Paper 7282,['Business and Management Studies'],3
Paper 7283,['Engineering'],2
Paper 7284,['Area Studies'],2
Paper 7285,"['Music, Drama, Dance, Performing Arts, Film and Screen Studies']",4
Paper 7286,"['Music, Drama, Dance, Performing Arts, Film and Screen Studies']",2
Paper 7287,['History'],2
Paper 7288,['Computer Science and Informatics'],3
Paper 7289,['Earth Systems and Environmental Sciences'],3
Paper 7290,['Social Work and Social Policy'],3
Paper 7291,"['Agriculture, Food and Veterinary Sciences']",3
Paper 7292,['Physics'],3
Paper 7293,"['Agriculture, Food and Veterinary Sciences']",2
Paper 7294,"['Agriculture, Food and Veterinary Sciences']",2
Paper 7295,"['Public Health, Health Services and Primary Care']",3
Paper 7296,"['Psychology, Psychiatry and Neuroscience']",1
Paper 7297,['Physics'],3
Paper 7298,['Theology and Religious Studies'],2
Paper 7299,['Law'],3
Paper 7300,"['Sport and Exercise Sciences, Leisure and Tourism']",3
Paper 7301,['Politics and International Studies'],3
Paper 7302,"['Agriculture, Food and Veterinary Sciences']",3
Paper 7303,['Clinical Medicine'],3
Paper 7304,['Business and Management Studies'],3
Paper 7305,"['Agriculture, Food and Veterinary Sciences']",3
Paper 7306,['Law'],2
Paper 7307,['Physics'],3
Paper 7308,"['Archaeology', 'Geography and Environmental Studies']",2
Paper 7309,['Mathematical Sciences'],3
Paper 7310,"['Psychology, Psychiatry and Neuroscience']",3
Paper 7311,['Physics'],3
Paper 7312,['Politics and International Studies'],2
Paper 7313,['Area Studies'],3
Paper 7314,"['Art and Design: History, Practice and Theory']",2
Paper 7315,['Geography and Environmental Studies'],4
Paper 7316,['Economics and Econometrics'],3
Paper 7317,['Engineering'],2
Paper 7318,['Education'],2
Paper 7319,['Physics'],3
Paper 7320,['Education'],2
Paper 7321,['Archaeology'],3
Paper 7322,['Sociology'],3
Paper 7323,['Computer Science and Informatics'],3
Paper 7324,['Politics and International Studies'],2
Paper 7325,"['Art and Design: History, Practice and Theory']",3
Paper 7326,['Physics'],3
Paper 7327,['Law'],2
Paper 7328,['Mathematical Sciences'],3
Paper 7329,"['English Language and Literature', 'Clinical Medicine']",3
Paper 7330,"['Public Health, Health Services and Primary Care', 'Communication, Cultural and Media Studies, Library and Information Management']",3
Paper 7331,['Business and Management Studies'],3
Paper 7332,['Archaeology'],2
Paper 7333,"['Politics and International Studies', 'Public Health, Health Services and Primary Care']",2
Paper 7334,"['Philosophy', 'Architecture, Built Environment and Planning']",2
Paper 7335,['Clinical Medicine'],3
Paper 7336,['Sociology'],3
Paper 7337,"['Public Health, Health Services and Primary Care']",3
Paper 7338,['Theology and Religious Studies'],2
Paper 7339,['Mathematical Sciences'],2
Paper 7340,"['Public Health, Health Services and Primary Care']",3
Paper 7341,['Chemistry'],3
Paper 7342,['Clinical Medicine'],3
Paper 7343,['Modern Languages and Linguistics'],3
Paper 7344,['English Language and Literature'],3
Paper 7345,['Chemistry'],3
Paper 7346,['Education'],2
Paper 7347,"['Communication, Cultural and Media Studies, Library and Information Management']",3
Paper 7348,['Archaeology'],2
Paper 7349,"['Agriculture, Food and Veterinary Sciences']",3
Paper 7350,['Business and Management Studies'],1
Paper 7351,['Area Studies'],2
Paper 7352,['Anthropology and Development Studies'],3
Paper 7353,['Classics'],3
Paper 7354,['Computer Science and Informatics'],3
Paper 7355,['Anthropology and Development Studies'],2
Paper 7356,"['Art and Design: History, Practice and Theory']",3
Paper 7357,['Engineering'],3
Paper 7358,"['Biological Sciences', 'Allied Health Professions, Dentistry, Nursing and Pharmacy']",3
Paper 7359,"['Chemistry', 'History']",3
Paper 7360,"['Allied Health Professions, Dentistry, Nursing and Pharmacy', 'Engineering']",2
Paper 7361,['Modern Languages and Linguistics'],2
Paper 7362,"['Area Studies', 'Anthropology and Development Studies']",2
Paper 7363,['Geography and Environmental Studies'],3
Paper 7364,"['Communication, Cultural and Media Studies, Library and Information Management']",3
Paper 7365,['Politics and International Studies'],3
Paper 7366,['Education'],2
Paper 7367,['Education'],1
Paper 7368,['Engineering'],2
Paper 7369,['Chemistry'],3
Paper 7370,['Modern Languages and Linguistics'],2
Paper 7371,['Biological Sciences'],2
Paper 7372,['Engineering'],2
Paper 7373,['Biological Sciences'],2
Paper 7374,"['Public Health, Health Services and Primary Care']",2
Paper 7375,"['Agriculture, Food and Veterinary Sciences']",3
Paper 7376,['Philosophy'],2
Paper 7377,['Politics and International Studies'],3
Paper 7378,"['Economics and Econometrics', 'Area Studies']",3
Paper 7379,['English Language and Literature'],2
Paper 7380,['Theology and Religious Studies'],3
Paper 7381,"['English Language and Literature', 'Public Health, Health Services and Primary Care']",3
Paper 7382,"['Communication, Cultural and Media Studies, Library and Information Management']",3
Paper 7383,['Mathematical Sciences'],2
Paper 7384,['Business and Management Studies'],2
Paper 7385,"['Psychology, Psychiatry and Neuroscience']",1
Paper 7386,"['Music, Drama, Dance, Performing Arts, Film and Screen Studies']",3
Paper 7387,['Politics and International Studies'],3
Paper 7388,['Chemistry'],3
Paper 7389,['Physics'],3
Paper 7390,"['Allied Health Professions, Dentistry, Nursing and Pharmacy']",3
Paper 7391,"['Philosophy', 'Modern Languages and Linguistics']",3
Paper 7392,['Theology and Religious Studies'],3
Paper 7393,['Sociology'],3
Paper 7394,"['Architecture, Built Environment and Planning']",3
Paper 7395,['Economics and Econometrics'],3
Paper 7396,['Engineering'],2
Paper 7397,"['Sport and Exercise Sciences, Leisure and Tourism']",2
Paper 7398,['Area Studies'],3
Paper 7399,"['Physics', 'Politics and International Studies']",3
Paper 7400,['Computer Science and Informatics'],3
Paper 7401,"['Art and Design: History, Practice and Theory']",3
Paper 7402,['Chemistry'],3
Paper 7403,['Classics'],3
Paper 7404,"['Architecture, Built Environment and Planning', 'Art and Design: History, Practice and Theory']",3
Paper 7405,['Mathematical Sciences'],3
Paper 7406,['Computer Science and Informatics'],3
Paper 7407,"['Engineering', 'Earth Systems and Environmental Sciences']",2
Paper 7408,['History'],3
Paper 7409,"['Allied Health Professions, Dentistry, Nursing and Pharmacy']",2
Paper 7410,"['Music, Drama, Dance, Performing Arts, Film and Screen Studies']",3
Paper 7411,"['Art and Design: History, Practice and Theory']",2
Paper 7412,['Area Studies'],3
Paper 7413,"['Communication, Cultural and Media Studies, Library and Information Management']",2
Paper 7414,['Modern Languages and Linguistics'],2
Paper 7415,['Sociology'],2
Paper 7416,['Economics and Econometrics'],3
Paper 7417,['Business and Management Studies'],2
Paper 7418,['Area Studies'],3
Paper 7419,"['Allied Health Professions, Dentistry, Nursing and Pharmacy']",3
Paper 7420,['Clinical Medicine'],2
Paper 7421,['Classics'],2
Paper 7422,['Chemistry'],3
Paper 7423,"['Music, Drama, Dance, Performing Arts, Film and Screen Studies']",2
Paper 7424,['History'],3
Paper 7425,['Area Studies'],3
Paper 7426,['Engineering'],2
Paper 7427,"['Art and Design: History, Practice and Theory']",2
Paper 7428,['Computer Science and Informatics'],2
Paper 7429,"['Art and Design: History, Practice and Theory']",2
Paper 7430,['Classics'],3
Paper 7431,['Area Studies'],3
Paper 7432,['Modern Languages and Linguistics'],3
Paper 7433,['Engineering'],3
Paper 7434,"['Art and Design: History, Practice and Theory', 'Biological Sciences']",3
Paper 7435,['Computer Science and Informatics'],3
Paper 7436,['Clinical Medicine'],3
Paper 7437,"['Music, Drama, Dance, Performing Arts, Film and Screen Studies']",3
Paper 7438,['Economics and Econometrics'],3
Paper 7439,"['Communication, Cultural and Media Studies, Library and Information Management']",2
Paper 7440,['Business and Management Studies'],2
Paper 7441,['Classics'],3
Paper 7442,"['Agriculture, Food and Veterinary Sciences']",2
Paper 7443,['Chemistry'],3
Paper 7444,"['Art and Design: History, Practice and Theory']",4
Paper 7445,['Business and Management Studies'],3
Paper 7446,"['Area Studies', 'Biological Sciences']",3
Paper 7447,['Physics'],3
Paper 7448,"['Communication, Cultural and Media Studies, Library and Information Management']",3
Paper 7449,"['Psychology, Psychiatry and Neuroscience', 'Theology and Religious Studies']",3
Paper 7450,"['Archaeology', 'Modern Languages and Linguistics']",3
Paper 7451,['Clinical Medicine'],2
Paper 7452,['Mathematical Sciences'],3
Paper 7453,['Archaeology'],4
Paper 7454,['Anthropology and Development Studies'],3
Paper 7455,"['Allied Health Professions, Dentistry, Nursing and Pharmacy', 'Classics']",3
Paper 7456,"['Chemistry', 'History']",3
Paper 7457,['Mathematical Sciences'],2
Paper 7458,['Physics'],3
Paper 7459,"['Agriculture, Food and Veterinary Sciences']",3
Paper 7460,"['Public Health, Health Services and Primary Care']",3
Paper 7461,['Computer Science and Informatics'],3
Paper 7462,"['Music, Drama, Dance, Performing Arts, Film and Screen Studies']",2
Paper 7463,"['Engineering', 'Education']",2
Paper 7464,['Politics and International Studies'],3
Paper 7465,['Theology and Religious Studies'],2
Paper 7466,['Economics and Econometrics'],3
Paper 7467,['Physics'],3
Paper 7468,['Social Work and Social Policy'],3
Paper 7469,"['Communication, Cultural and Media Studies, Library and Information Management']",3
Paper 7470,"['Music, Drama, Dance, Performing Arts, Film and Screen Studies']",2
Paper 7471,['Education'],3
Paper 7472,['Theology and Religious Studies'],2
Paper 7473,"['Allied Health Professions, Dentistry, Nursing and Pharmacy']",2
Paper 7474,['Chemistry'],3
Paper 7475,"['Philosophy', 'Economics and Econometrics']",3
Paper 7476,['Physics'],3
Paper 7477,['Business and Management Studies'],2
Paper 7478,['History'],2
Paper 7479,['English Language and Literature'],3
Paper 7480,['Clinical Medicine'],3
Paper 7481,['Sociology'],3
Paper 7482,['Education'],3
Paper 7483,['Law'],3
Paper 7484,"['Communication, Cultural and Media Studies, Library and Information Management', 'Engineering']",2
Paper 7485,['Politics and International Studies'],3
Paper 7486,"['Psychology, Psychiatry and Neuroscience']",3
Paper 7487,"['History', 'Physics']",3
Paper 7488,"['Agriculture, Food and Veterinary Sciences']",3
Paper 7489,['Education'],2
Paper 7490,['Business and Management Studies'],2
Paper 7491,"['Allied Health Professions, Dentistry, Nursing and Pharmacy']",3
Paper 7492,['Chemistry'],3
Paper 7493,['Law'],3
Paper 7494,['Politics and International Studies'],2
Paper 7495,"['Agriculture, Food and Veterinary Sciences']",2
Paper 7496,['English Language and Literature'],3
Paper 7497,['Education'],3
Paper 7498,['Business and Management Studies'],2
Paper 7499,['Theology and Religious Studies'],3
Paper 7500,['Chemistry'],3
Paper 7501,['Engineering'],2
Paper 7502,['Archaeology'],3
Paper 7503,"['Art and Design: History, Practice and Theory']",2
Paper 7504,"['Sport and Exercise Sciences, Leisure and Tourism']",3
Paper 7505,"['Agriculture, Food and Veterinary Sciences']",3
Paper 7506,['Theology and Religious Studies'],2
Paper 7507,['Education'],1
Paper 7508,['Earth Systems and Environmental Sciences'],2
Paper 7509,['Philosophy'],3
Paper 7510,['English Language and Literature'],2
Paper 7511,['Area Studies'],2
Paper 7512,"['Computer Science and Informatics', 'Anthropology and Development Studies']",3
Paper 7513,['Archaeology'],3
Paper 7514,['Classics'],3
Paper 7515,['Geography and Environmental Studies'],2
Paper 7516,['Economics and Econometrics'],3
Paper 7517,['Economics and Econometrics'],2
Paper 7518,['Geography and Environmental Studies'],3
Paper 7519,['Clinical Medicine'],2
Paper 7520,['Chemistry'],2
Paper 7521,['Business and Management Studies'],3
Paper 7522,['Law'],3
Paper 7523,"['Politics and International Studies', 'Business and Management Studies']",2
Paper 7524,"['Music, Drama, Dance, Performing Arts, Film and Screen Studies']",3
Paper 7525,['Philosophy'],3
Paper 7526,"['Clinical Medicine', 'Physics']",3
Paper 7527,"['Sport and Exercise Sciences, Leisure and Tourism']",3
Paper 7528,"['Agriculture, Food and Veterinary Sciences']",3
Paper 7529,['Physics'],3
Paper 7530,['Modern Languages and Linguistics'],3
Paper 7531,['Engineering'],3
Paper 7532,['Clinical Medicine'],3
Paper 7533,['Geography and Environmental Studies'],2
Paper 7534,['History'],2
Paper 7535,['Politics and International Studies'],3
Paper 7536,['Education'],2
Paper 7537,['Engineering'],3
Paper 7538,"['Art and Design: History, Practice and Theory']",3
Paper 7539,"['Art and Design: History, Practice and Theory']",3
Paper 7540,"['Computer Science and Informatics', 'Philosophy']",2
Paper 7541,['Chemistry'],3
Paper 7542,['Computer Science and Informatics'],2
Paper 7543,['Philosophy'],3
Paper 7544,['History'],3
Paper 7545,['Physics'],3
Paper 7546,['Sociology'],3
Paper 7547,"['Sport and Exercise Sciences, Leisure and Tourism', 'Area Studies']",2
Paper 7548,['Computer Science and Informatics'],2
Paper 7549,"['Computer Science and Informatics', 'Allied Health Professions, Dentistry, Nursing and Pharmacy']",3
Paper 7550,"['Philosophy', 'History']",2
Paper 7551,['Biological Sciences'],2
Paper 7552,"['Communication, Cultural and Media Studies, Library and Information Management']",2
Paper 7553,"['Allied Health Professions, Dentistry, Nursing and Pharmacy']",3
Paper 7554,['Modern Languages and Linguistics'],3
Paper 7555,['Clinical Medicine'],3
Paper 7556,['History'],3
Paper 7557,['Biological Sciences'],3
Paper 7558,['Education'],2
Paper 7559,['Education'],3
Paper 7560,['Business and Management Studies'],3
Paper 7561,"['Public Health, Health Services and Primary Care']",4
Paper 7562,['Geography and Environmental Studies'],2
Paper 7563,['Physics'],3
Paper 7564,"['Sport and Exercise Sciences, Leisure and Tourism']",2
Paper 7565,['Social Work and Social Policy'],3
Paper 7566,['History'],3
Paper 7567,['Classics'],3
Paper 7568,"['Psychology, Psychiatry and Neuroscience']",2
Paper 7569,['Education'],2
Paper 7570,"['Psychology, Psychiatry and Neuroscience', 'Art and Design: History, Practice and Theory']",3
Paper 7571,['History'],2
Paper 7572,"['Music, Drama, Dance, Performing Arts, Film and Screen Studies']",2
Paper 7573,['Mathematical Sciences'],2
Paper 7574,['Sociology'],2
Paper 7575,"['Communication, Cultural and Media Studies, Library and Information Management']",2
Paper 7576,"['Psychology, Psychiatry and Neuroscience']",2
Paper 7577,['Biological Sciences'],2
Paper 7578,"['Earth Systems and Environmental Sciences', 'Chemistry']",3
Paper 7579,['History'],2
Paper 7580,['Modern Languages and Linguistics'],3
Paper 7581,['Business and Management Studies'],2
Paper 7582,"['Agriculture, Food and Veterinary Sciences']",3
Paper 7583,['Mathematical Sciences'],3
Paper 7584,['Biological Sciences'],2
Paper 7585,['Anthropology and Development Studies'],3
Paper 7586,"['Earth Systems and Environmental Sciences', 'Business and Management Studies']",3
Paper 7587,['Economics and Econometrics'],3
Paper 7588,"['Allied Health Professions, Dentistry, Nursing and Pharmacy']",3
Paper 7589,['English Language and Literature'],3
Paper 7590,['Social Work and Social Policy'],2
Paper 7591,['Clinical Medicine'],3
Paper 7592,"['Communication, Cultural and Media Studies, Library and Information Management']",3
Paper 7593,"['Agriculture, Food and Veterinary Sciences']",3
Paper 7594,['Archaeology'],3
Paper 7595,"['Sport and Exercise Sciences, Leisure and Tourism']",2
Paper 7596,"['Art and Design: History, Practice and Theory']",3
Paper 7597,['Politics and International Studies'],2
Paper 7598,['Social Work and Social Policy'],2
Paper 7599,"['Agriculture, Food and Veterinary Sciences']",3
Paper 7600,['Social Work and Social Policy'],2
Paper 7601,['English Language and Literature'],3
Paper 7602,['Mathematical Sciences'],2
Paper 7603,['Law'],2
Paper 7604,"['Psychology, Psychiatry and Neuroscience']",3
Paper 7605,['History'],2
Paper 7606,['Clinical Medicine'],3
Paper 7607,['Clinical Medicine'],3
Paper 7608,"['Biological Sciences', 'Theology and Religious Studies']",1
Paper 7609,['Theology and Religious Studies'],2
Paper 7610,['Clinical Medicine'],3
Paper 7611,['Sociology'],2
Paper 7612,"['Architecture, Built Environment and Planning']",2
Paper 7613,['Chemistry'],3
Paper 7614,['Theology and Religious Studies'],3
Paper 7615,['Politics and International Studies'],2
Paper 7616,['Area Studies'],3
Paper 7617,"['Economics and Econometrics', 'Agriculture, Food and Veterinary Sciences']",3
Paper 7618,['Engineering'],3
Paper 7619,"['Architecture, Built Environment and Planning']",2
Paper 7620,"['Earth Systems and Environmental Sciences', 'Psychology, Psychiatry and Neuroscience']",3
Paper 7621,"['Allied Health Professions, Dentistry, Nursing and Pharmacy']",3
Paper 7622,"['Allied Health Professions, Dentistry, Nursing and Pharmacy']",3
Paper 7623,"['Art and Design: History, Practice and Theory']",3
Paper 7624,['Sociology'],3
Paper 7625,['Modern Languages and Linguistics'],2
Paper 7626,['History'],2
Paper 7627,['Physics'],3
Paper 7628,['English Language and Literature'],3
Paper 7629,"['Modern Languages and Linguistics', 'Engineering']",3
Paper 7630,"['Agriculture, Food and Veterinary Sciences']",2
Paper 7631,"['Psychology, Psychiatry and Neuroscience']",2
Paper 7632,"['Architecture, Built Environment and Planning']",3
Paper 7633,['Mathematical Sciences'],3
Paper 7634,"['Agriculture, Food and Veterinary Sciences', 'Archaeology']",2
Paper 7635,['Modern Languages and Linguistics'],3
Paper 7636,['Engineering'],3
Paper 7637,['Philosophy'],2
Paper 7638,"['Music, Drama, Dance, Performing Arts, Film and Screen Studies', 'Public Health, Health Services and Primary Care']",3
Paper 7639,"['Sociology', 'Social Work and Social Policy']",3
Paper 7640,['Physics'],3
Paper 7641,"['Psychology, Psychiatry and Neuroscience']",2
Paper 7642,['History'],2
Paper 7643,['Biological Sciences'],3
Paper 7644,['Philosophy'],2
Paper 7645,['Classics'],3
Paper 7646,['Politics and International Studies'],3
Paper 7647,"['Art and Design: History, Practice and Theory']",2
Paper 7648,['Philosophy'],2
Paper 7649,['English Language and Literature'],3
Paper 7650,['Engineering'],3
Paper 7651,['Education'],2
Paper 7652,['Engineering'],2
Paper 7653,['Chemistry'],2
Paper 7654,"['Archaeology', 'Agriculture, Food and Veterinary Sciences']",2
Paper 7655,['Physics'],3
Paper 7656,['Biological Sciences'],3
Paper 7657,"['Psychology, Psychiatry and Neuroscience']",2
Paper 7658,['English Language and Literature'],3
Paper 7659,['Archaeology'],3
Paper 7660,['Area Studies'],3
Paper 7661,['Area Studies'],3
Paper 7662,"['Communication, Cultural and Media Studies, Library and Information Management']",3
Paper 7663,"['Public Health, Health Services and Primary Care']",3
Paper 7664,['Earth Systems and Environmental Sciences'],3
Paper 7665,"['Music, Drama, Dance, Performing Arts, Film and Screen Studies']",3
Paper 7666,"['Sport and Exercise Sciences, Leisure and Tourism']",1
Paper 7667,['Physics'],3
Paper 7668,['Biological Sciences'],3
Paper 7669,"['Business and Management Studies', 'Agriculture, Food and Veterinary Sciences']",2
Paper 7670,['Chemistry'],3
Paper 7671,"['Communication, Cultural and Media Studies, Library and Information Management']",3
Paper 7672,"['Allied Health Professions, Dentistry, Nursing and Pharmacy']",3
Paper 7673,"['Art and Design: History, Practice and Theory']",2
Paper 7674,['English Language and Literature'],3
Paper 7675,['Mathematical Sciences'],3
Paper 7676,['Philosophy'],3
Paper 7677,['Politics and International Studies'],3
Paper 7678,['Law'],2
Paper 7679,['History'],3
Paper 7680,"['Education', 'Social Work and Social Policy']",2
Paper 7681,['Biological Sciences'],4
Paper 7682,"['Communication, Cultural and Media Studies, Library and Information Management']",3
Paper 7683,['Classics'],3
Paper 7684,['Archaeology'],2
Paper 7685,['Chemistry'],2
Paper 7686,['Economics and Econometrics'],3
Paper 7687,['Social Work and Social Policy'],2
Paper 7688,['Physics'],3
Paper 7689,"['Art and Design: History, Practice and Theory']",3
Paper 7690,"['Architecture, Built Environment and Planning']",3
Paper 7691,"['Engineering', 'Law']",3
Paper 7692,['Theology and Religious Studies'],2
Paper 7693,"['Agriculture, Food and Veterinary Sciences']",2
Paper 7694,"['Psychology, Psychiatry and Neuroscience']",4
Paper 7695,['Business and Management Studies'],2
Paper 7696,['Area Studies'],2
Paper 7697,['Law'],3
Paper 7698,"['Mathematical Sciences', 'Economics and Econometrics']",3
Paper 7699,"['Business and Management Studies', 'Modern Languages and Linguistics']",3
Paper 7700,['Physics'],3
Paper 7701,['Education'],3
Paper 7702,['English Language and Literature'],3
Paper 7703,['English Language and Literature'],3
Paper 7704,['Clinical Medicine'],3
Paper 7705,['Anthropology and Development Studies'],3
Paper 7706,"['Architecture, Built Environment and Planning']",3
Paper 7707,['English Language and Literature'],3
Paper 7708,['Philosophy'],2
Paper 7709,['Law'],2
Paper 7710,"['Communication, Cultural and Media Studies, Library and Information Management']",3
Paper 7711,"['Allied Health Professions, Dentistry, Nursing and Pharmacy']",3
Paper 7712,['Computer Science and Informatics'],2
Paper 7713,"['Art and Design: History, Practice and Theory']",2
Paper 7714,['Business and Management Studies'],1
Paper 7715,"['Chemistry', 'Economics and Econometrics']",3
Paper 7716,['Education'],2
Paper 7717,['Archaeology'],3
Paper 7718,"['Music, Drama, Dance, Performing Arts, Film and Screen Studies']",1
Paper 7719,['Archaeology'],2
Paper 7720,['Philosophy'],3
Paper 7721,"['Public Health, Health Services and Primary Care']",3
Paper 7722,['Archaeology'],3
Paper 7723,['Business and Management Studies'],2
Paper 7724,['Law'],3
Paper 7725,['Anthropology and Development Studies'],3
Paper 7726,['Modern Languages and Linguistics'],3
Paper 7727,['Archaeology'],2
Paper 7728,"['Architecture, Built Environment and Planning']",3
Paper 7729,['Chemistry'],3
Paper 7730,['Physics'],3
Paper 7731,['Physics'],3
Paper 7732,['Geography and Environmental Studies'],3
Paper 7733,['Archaeology'],3
Paper 7734,['Education'],2
Paper 7735,"['Allied Health Professions, Dentistry, Nursing and Pharmacy']",2
Paper 7736,['Clinical Medicine'],3
Paper 7737,"['Art and Design: History, Practice and Theory']",3
Paper 7738,['Physics'],2
Paper 7739,"['Music, Drama, Dance, Performing Arts, Film and Screen Studies']",2
Paper 7740,"['Allied Health Professions, Dentistry, Nursing and Pharmacy']",2
Paper 7741,"['Communication, Cultural and Media Studies, Library and Information Management']",3
Paper 7742,['Computer Science and Informatics'],2
Paper 7743,['Theology and Religious Studies'],3
Paper 7744,['History'],3
Paper 7745,"['Social Work and Social Policy', 'Music, Drama, Dance, Performing Arts, Film and Screen Studies']",3
Paper 7746,['Geography and Environmental Studies'],2
Paper 7747,['Area Studies'],3
Paper 7748,['Clinical Medicine'],3
Paper 7749,['Physics'],3
Paper 7750,"['Music, Drama, Dance, Performing Arts, Film and Screen Studies']",3
Paper 7751,['Computer Science and Informatics'],2
Paper 7752,"['Economics and Econometrics', 'Engineering']",2
Paper 7753,['Chemistry'],3
Paper 7754,['Social Work and Social Policy'],2
Paper 7755,"['Sport and Exercise Sciences, Leisure and Tourism']",3
Paper 7756,"['Art and Design: History, Practice and Theory']",3
Paper 7757,"['English Language and Literature', 'Economics and Econometrics']",3
Paper 7758,['Business and Management Studies'],2
Paper 7759,"['Music, Drama, Dance, Performing Arts, Film and Screen Studies']",2
Paper 7760,"['Sport and Exercise Sciences, Leisure and Tourism', 'Psychology, Psychiatry and Neuroscience']",2
Paper 7761,['Anthropology and Development Studies'],2
Paper 7762,"['Allied Health Professions, Dentistry, Nursing and Pharmacy']",2
Paper 7763,['Chemistry'],3
Paper 7764,['Physics'],3
Paper 7765,['Chemistry'],2
Paper 7766,['Sociology'],3
Paper 7767,['Physics'],3
Paper 7768,['Engineering'],2
Paper 7769,['Modern Languages and Linguistics'],3
Paper 7770,['Mathematical Sciences'],3
Paper 7771,['Engineering'],3
Paper 7772,"['Public Health, Health Services and Primary Care']",2
Paper 7773,"['Public Health, Health Services and Primary Care']",3
Paper 7774,['Biological Sciences'],3
Paper 7775,['Biological Sciences'],3
Paper 7776,['Clinical Medicine'],3
Paper 7777,"['Communication, Cultural and Media Studies, Library and Information Management']",2
Paper 7778,['Chemistry'],3
Paper 7779,['Area Studies'],3
Paper 7780,['Anthropology and Development Studies'],3
Paper 7781,"['Sport and Exercise Sciences, Leisure and Tourism']",2
Paper 7782,['Chemistry'],3
Paper 7783,['Law'],2
Paper 7784,"['Communication, Cultural and Media Studies, Library and Information Management']",2
Paper 7785,"['Music, Drama, Dance, Performing Arts, Film and Screen Studies']",2
Paper 7786,"['Clinical Medicine', 'Geography and Environmental Studies']",3
Paper 7787,['Archaeology'],3
Paper 7788,"['Sport and Exercise Sciences, Leisure and Tourism', 'Education']",3
Paper 7789,['Clinical Medicine'],3
Paper 7790,['Classics'],3
Paper 7791,"['Music, Drama, Dance, Performing Arts, Film and Screen Studies']",2
Paper 7792,"['Art and Design: History, Practice and Theory']",2
Paper 7793,"['Area Studies', 'Area Studies']",3
Paper 7794,['Area Studies'],3
Paper 7795,['Education'],1
Paper 7796,['Earth Systems and Environmental Sciences'],3
Paper 7797,"['Social Work and Social Policy', 'Music, Drama, Dance, Performing Arts, Film and Screen Studies']",1
Paper 7798,"['Sport and Exercise Sciences, Leisure and Tourism']",2
Paper 7799,"['Allied Health Professions, Dentistry, Nursing and Pharmacy', 'Philosophy']",3
Paper 7800,"['Music, Drama, Dance, Performing Arts, Film and Screen Studies']",2
Paper 7801,['Engineering'],2
Paper 7802,['Economics and Econometrics'],2
Paper 7803,"['Agriculture, Food and Veterinary Sciences']",3
Paper 7804,"['Politics and International Studies', 'English Language and Literature']",2
Paper 7805,['Philosophy'],3
Paper 7806,['Economics and Econometrics'],2
Paper 7807,"['Art and Design: History, Practice and Theory']",3
Paper 7808,['Computer Science and Informatics'],3
Paper 7809,['Anthropology and Development Studies'],2
Paper 7810,['Chemistry'],3
Paper 7811,['Biological Sciences'],3
Paper 7812,"['Archaeology', 'Allied Health Professions, Dentistry, Nursing and Pharmacy']",3
Paper 7813,['Area Studies'],3
Paper 7814,['Education'],1
Paper 7815,['Business and Management Studies'],2
Paper 7816,['Engineering'],2
Paper 7817,"['Music, Drama, Dance, Performing Arts, Film and Screen Studies']",2
Paper 7818,"['Social Work and Social Policy', 'English Language and Literature']",3
Paper 7819,['Area Studies'],3
Paper 7820,['Area Studies'],3
Paper 7821,['Social Work and Social Policy'],3
Paper 7822,"['Psychology, Psychiatry and Neuroscience']",2
Paper 7823,['Classics'],3
Paper 7824,"['Art and Design: History, Practice and Theory']",2
Paper 7825,['Business and Management Studies'],3
Paper 7826,['Sociology'],2
Paper 7827,['Earth Systems and Environmental Sciences'],3
Paper 7828,"['Psychology, Psychiatry and Neuroscience']",2
Paper 7829,"['Public Health, Health Services and Primary Care']",2
Paper 7830,['Law'],3
Paper 7831,['Mathematical Sciences'],3
Paper 7832,['Law'],2
Paper 7833,"['Allied Health Professions, Dentistry, Nursing and Pharmacy']",2
Paper 7834,['Computer Science and Informatics'],2
Paper 7835,['Modern Languages and Linguistics'],3
Paper 7836,['Classics'],3
Paper 7837,['Law'],2
Paper 7838,['Biological Sciences'],3
Paper 7839,['Chemistry'],3
Paper 7840,['Politics and International Studies'],2
Paper 7841,['Sociology'],2
Paper 7842,"['Education', 'Sociology']",1
Paper 7843,['Politics and International Studies'],2
Paper 7844,"['Public Health, Health Services and Primary Care']",3
Paper 7845,['Social Work and Social Policy'],3
Paper 7846,"['Art and Design: History, Practice and Theory']",3
Paper 7847,['Area Studies'],3
Paper 7848,['Anthropology and Development Studies'],3
Paper 7849,"['Psychology, Psychiatry and Neuroscience']",2
Paper 7850,['Social Work and Social Policy'],2
Paper 7851,['Economics and Econometrics'],2
Paper 7852,['Area Studies'],3
Paper 7853,['Area Studies'],3
Paper 7854,['Clinical Medicine'],3
Paper 7855,['Computer Science and Informatics'],3
Paper 7856,"['Sport and Exercise Sciences, Leisure and Tourism']",2
Paper 7857,"['Agriculture, Food and Veterinary Sciences']",3
Paper 7858,['Mathematical Sciences'],3
Paper 7859,['Philosophy'],2
Paper 7860,"['Art and Design: History, Practice and Theory']",3
Paper 7861,['Chemistry'],3
Paper 7862,['Modern Languages and Linguistics'],3
Paper 7863,['Sociology'],2
Paper 7864,['Politics and International Studies'],3
Paper 7865,['History'],3
Paper 7866,['Business and Management Studies'],2
Paper 7867,"['Agriculture, Food and Veterinary Sciences']",2
Paper 7868,['Business and Management Studies'],2
Paper 7869,"['Earth Systems and Environmental Sciences', 'Archaeology']",2
Paper 7870,"['Allied Health Professions, Dentistry, Nursing and Pharmacy']",3
Paper 7871,"['Sport and Exercise Sciences, Leisure and Tourism']",3
Paper 7872,['Modern Languages and Linguistics'],3
Paper 7873,"['Psychology, Psychiatry and Neuroscience']",2
Paper 7874,['History'],2
Paper 7875,['Geography and Environmental Studies'],2
Paper 7876,['Mathematical Sciences'],2
Paper 7877,['Computer Science and Informatics'],3
Paper 7878,['Education'],3
Paper 7879,['Theology and Religious Studies'],3
Paper 7880,['History'],3
Paper 7881,['Physics'],3
Paper 7882,['Clinical Medicine'],2
Paper 7883,['Earth Systems and Environmental Sciences'],3
Paper 7884,['Physics'],3
Paper 7885,"['Psychology, Psychiatry and Neuroscience']",3
Paper 7886,['Clinical Medicine'],3
Paper 7887,"['Art and Design: History, Practice and Theory', 'Engineering']",3
Paper 7888,['Theology and Religious Studies'],1
Paper 7889,['History'],2
Paper 7890,['History'],3
Paper 7891,['Mathematical Sciences'],2
Paper 7892,['Mathematical Sciences'],3
Paper 7893,['Philosophy'],3
Paper 7894,['Physics'],3
Paper 7895,['Business and Management Studies'],3
Paper 7896,['Clinical Medicine'],3
Paper 7897,['Theology and Religious Studies'],3
Paper 7898,"['Sport and Exercise Sciences, Leisure and Tourism']",2
Paper 7899,['Clinical Medicine'],3
Paper 7900,['English Language and Literature'],2
Paper 7901,['Engineering'],3
Paper 7902,"['Sociology', 'Biological Sciences']",3
Paper 7903,['Education'],2
Paper 7904,"['History', 'Anthropology and Development Studies']",2
Paper 7905,['Business and Management Studies'],2
Paper 7906,"['Agriculture, Food and Veterinary Sciences']",2
Paper 7907,['Earth Systems and Environmental Sciences'],3
Paper 7908,['Anthropology and Development Studies'],3
Paper 7909,['Computer Science and Informatics'],3
Paper 7910,"['Art and Design: History, Practice and Theory']",2
Paper 7911,['Economics and Econometrics'],2
Paper 7912,['Archaeology'],3
Paper 7913,['History'],3
Paper 7914,['English Language and Literature'],2
Paper 7915,['Social Work and Social Policy'],3
Paper 7916,"['Art and Design: History, Practice and Theory']",2
Paper 7917,"['Sociology', 'Chemistry']",3
Paper 7918,['Biological Sciences'],2
Paper 7919,"['Public Health, Health Services and Primary Care']",4
Paper 7920,['Chemistry'],3
Paper 7921,"['Architecture, Built Environment and Planning']",3
Paper 7922,['Business and Management Studies'],3
Paper 7923,['Economics and Econometrics'],2
Paper 7924,"['Sociology', 'Engineering']",2
Paper 7925,['Modern Languages and Linguistics'],3
Paper 7926,"['Music, Drama, Dance, Performing Arts, Film and Screen Studies']",2
Paper 7927,"['Art and Design: History, Practice and Theory']",3
Paper 7928,"['Communication, Cultural and Media Studies, Library and Information Management', 'Engineering']",3
Paper 7929,['Modern Languages and Linguistics'],2
Paper 7930,['Politics and International Studies'],2
Paper 7931,['Area Studies'],2
Paper 7932,"['Agriculture, Food and Veterinary Sciences']",3
Paper 7933,['Economics and Econometrics'],3
Paper 7934,['Social Work and Social Policy'],3
Paper 7935,"['Sport and Exercise Sciences, Leisure and Tourism']",2
Paper 7936,['Economics and Econometrics'],3
Paper 7937,['Theology and Religious Studies'],2
Paper 7938,"['Public Health, Health Services and Primary Care']",3
Paper 7939,['Physics'],3
Paper 7940,"['Art and Design: History, Practice and Theory']",3
Paper 7941,['Politics and International Studies'],3
Paper 7942,"['Theology and Religious Studies', 'Physics']",3
Paper 7943,['Engineering'],1
Paper 7944,['Geography and Environmental Studies'],3
Paper 7945,['Mathematical Sciences'],3
Paper 7946,['Biological Sciences'],2
Paper 7947,"['Area Studies', 'Allied Health Professions, Dentistry, Nursing and Pharmacy']",2
Paper 7948,['Economics and Econometrics'],4
Paper 7949,"['Agriculture, Food and Veterinary Sciences']",2
Paper 7950,['Area Studies'],3
Paper 7951,"['Sport and Exercise Sciences, Leisure and Tourism']",3
Paper 7952,"['Communication, Cultural and Media Studies, Library and Information Management']",3
Paper 7953,"['Allied Health Professions, Dentistry, Nursing and Pharmacy']",2
Paper 7954,['Business and Management Studies'],2
Paper 7955,"['Archaeology', 'Economics and Econometrics']",3
Paper 7956,['Earth Systems and Environmental Sciences'],3
Paper 7957,['Education'],2
Paper 7958,"['Music, Drama, Dance, Performing Arts, Film and Screen Studies']",1
Paper 7959,['Anthropology and Development Studies'],3
Paper 7960,['English Language and Literature'],3
Paper 7961,"['Law', 'Allied Health Professions, Dentistry, Nursing and Pharmacy']",3
Paper 7962,['Physics'],2
Paper 7963,"['Allied Health Professions, Dentistry, Nursing and Pharmacy']",2
Paper 7964,['Law'],2
Paper 7965,['Sociology'],3
Paper 7966,['Education'],4
Paper 7967,['Modern Languages and Linguistics'],3
Paper 7968,['Chemistry'],2
Paper 7969,['Anthropology and Development Studies'],3
Paper 7970,"['Allied Health Professions, Dentistry, Nursing and Pharmacy']",2
Paper 7971,['Sociology'],3
Paper 7972,['English Language and Literature'],2
Paper 7973,"['Communication, Cultural and Media Studies, Library and Information Management']",2
Paper 7974,['Social Work and Social Policy'],2
Paper 7975,['History'],2
Paper 7976,['English Language and Literature'],3
Paper 7977,"['Allied Health Professions, Dentistry, Nursing and Pharmacy']",3
Paper 7978,"['Allied Health Professions, Dentistry, Nursing and Pharmacy']",2
Paper 7979,"['Communication, Cultural and Media Studies, Library and Information Management']",3
Paper 7980,['Computer Science and Informatics'],3
Paper 7981,['Social Work and Social Policy'],2
Paper 7982,['Politics and International Studies'],3
Paper 7983,['Physics'],3
Paper 7984,"['Social Work and Social Policy', 'Philosophy']",2
Paper 7985,['Anthropology and Development Studies'],3
Paper 7986,['Chemistry'],3
Paper 7987,['Education'],3
Paper 7988,"['Communication, Cultural and Media Studies, Library and Information Management']",3
Paper 7989,['Clinical Medicine'],3
Paper 7990,['Modern Languages and Linguistics'],2
Paper 7991,['Economics and Econometrics'],2
Paper 7992,"['English Language and Literature', 'Biological Sciences']",3
Paper 7993,['Education'],2
Paper 7994,['Education'],2
Paper 7995,"['Physics', 'Anthropology and Development Studies']",2
Paper 7996,"['Sport and Exercise Sciences, Leisure and Tourism']",3
Paper 7997,['Chemistry'],3
Paper 7998,"['Agriculture, Food and Veterinary Sciences']",3
Paper 7999,['Engineering'],3
Paper 8000,['Modern Languages and Linguistics'],2
Paper 8001,"['Public Health, Health Services and Primary Care']",2
Paper 8002,['Earth Systems and Environmental Sciences'],3
Paper 8003,['Earth Systems and Environmental Sciences'],2
Paper 8004,['Computer Science and Informatics'],3
Paper 8005,['Engineering'],3
Paper 8006,"['Art and Design: History, Practice and Theory']",2
Paper 8007,['Social Work and Social Policy'],3
Paper 8008,['Computer Science and Informatics'],2
Paper 8009,['Anthropology and Development Studies'],2
Paper 8010,['Sociology'],3
Paper 8011,"['Theology and Religious Studies', 'Allied Health Professions, Dentistry, Nursing and Pharmacy']",3
Paper 8012,"['Public Health, Health Services and Primary Care']",3
Paper 8013,['Theology and Religious Studies'],1
Paper 8014,['Business and Management Studies'],2
Paper 8015,['Sociology'],3
Paper 8016,['English Language and Literature'],3
Paper 8017,"['Communication, Cultural and Media Studies, Library and Information Management']",2
Paper 8018,"['Architecture, Built Environment and Planning']",2
Paper 8019,"['Communication, Cultural and Media Studies, Library and Information Management']",3
Paper 8020,['Anthropology and Development Studies'],3
Paper 8021,"['Allied Health Professions, Dentistry, Nursing and Pharmacy']",2
Paper 8022,['Law'],3
Paper 8023,['Earth Systems and Environmental Sciences'],3
Paper 8024,['Politics and International Studies'],3
Paper 8025,"['Communication, Cultural and Media Studies, Library and Information Management']",2
Paper 8026,['Biological Sciences'],3
Paper 8027,['Law'],3
Paper 8028,['Area Studies'],3
Paper 8029,['Economics and Econometrics'],2
Paper 8030,['Classics'],3
Paper 8031,"['Art and Design: History, Practice and Theory']",2
Paper 8032,"['Communication, Cultural and Media Studies, Library and Information Management']",2
Paper 8033,['Sociology'],3
Paper 8034,"['Psychology, Psychiatry and Neuroscience']",3
Paper 8035,"['Sport and Exercise Sciences, Leisure and Tourism']",3
Paper 8036,"['Agriculture, Food and Veterinary Sciences']",3
Paper 8037,['Chemistry'],3
Paper 8038,"['Classics', 'Education']",2
Paper 8039,['Modern Languages and Linguistics'],3
Paper 8040,"['Agriculture, Food and Veterinary Sciences']",3
Paper 8041,['Earth Systems and Environmental Sciences'],3
Paper 8042,['Mathematical Sciences'],2
Paper 8043,"['Allied Health Professions, Dentistry, Nursing and Pharmacy', 'English Language and Literature']",2
Paper 8044,"['Communication, Cultural and Media Studies, Library and Information Management']",3
Paper 8045,"['Archaeology', 'Area Studies']",3
Paper 8046,['Modern Languages and Linguistics'],3
Paper 8047,['English Language and Literature'],3
Paper 8048,['Physics'],3
Paper 8049,['Economics and Econometrics'],2
Paper 8050,['Area Studies'],3
Paper 8051,['Chemistry'],3
Paper 8052,['Theology and Religious Studies'],3
Paper 8053,['Area Studies'],2
Paper 8054,['Clinical Medicine'],3
Paper 8055,"['Computer Science and Informatics', 'Physics']",3
Paper 8056,['Mathematical Sciences'],2
Paper 8057,['Engineering'],2
Paper 8058,['Social Work and Social Policy'],3
Paper 8059,['Chemistry'],3
Paper 8060,['Classics'],3
Paper 8061,['Computer Science and Informatics'],2
Paper 8062,['Physics'],3
Paper 8063,['Physics'],3
Paper 8064,"['Communication, Cultural and Media Studies, Library and Information Management']",3
Paper 8065,['Physics'],2
Paper 8066,['Theology and Religious Studies'],2
Paper 8067,['Physics'],3
Paper 8068,['Biological Sciences'],2
Paper 8069,"['Agriculture, Food and Veterinary Sciences']",2
Paper 8070,['Business and Management Studies'],1
Paper 8071,"['Music, Drama, Dance, Performing Arts, Film and Screen Studies']",3
Paper 8072,['Physics'],3
Paper 8073,['History'],2
Paper 8074,['Engineering'],3
Paper 8075,['Business and Management Studies'],3
Paper 8076,"['Allied Health Professions, Dentistry, Nursing and Pharmacy']",3
Paper 8077,['Classics'],3
Paper 8078,"['Psychology, Psychiatry and Neuroscience']",1
Paper 8079,['Politics and International Studies'],2
Paper 8080,"['Psychology, Psychiatry and Neuroscience']",3
Paper 8081,['Clinical Medicine'],3
Paper 8082,"['Psychology, Psychiatry and Neuroscience']",3
Paper 8083,['English Language and Literature'],2
Paper 8084,['Philosophy'],3
Paper 8085,['Chemistry'],2
Paper 8086,['Theology and Religious Studies'],2
Paper 8087,"['Music, Drama, Dance, Performing Arts, Film and Screen Studies']",3
Paper 8088,"['Theology and Religious Studies', 'Physics']",3
Paper 8089,['Area Studies'],3
Paper 8090,['Law'],3
Paper 8091,['Law'],1
Paper 8092,['Physics'],3
Paper 8093,['Chemistry'],2
Paper 8094,['Social Work and Social Policy'],2
Paper 8095,['Archaeology'],3
Paper 8096,"['Sport and Exercise Sciences, Leisure and Tourism']",2
Paper 8097,['Modern Languages and Linguistics'],2
Paper 8098,['Geography and Environmental Studies'],3
Paper 8099,['Law'],2
Paper 8100,['Archaeology'],2
Paper 8101,"['Social Work and Social Policy', 'Education']",3
Paper 8102,"['Music, Drama, Dance, Performing Arts, Film and Screen Studies']",3
Paper 8103,"['Sport and Exercise Sciences, Leisure and Tourism']",2
Paper 8104,"['Communication, Cultural and Media Studies, Library and Information Management']",3
Paper 8105,"['Allied Health Professions, Dentistry, Nursing and Pharmacy']",3
Paper 8106,"['History', 'Earth Systems and Environmental Sciences']",3
Paper 8107,['Economics and Econometrics'],3
Paper 8108,['Biological Sciences'],3
Paper 8109,"['Mathematical Sciences', 'Archaeology']",3
Paper 8110,['Chemistry'],3
Paper 8111,['Classics'],3
Paper 8112,['Theology and Religious Studies'],3
Paper 8113,['Law'],3
Paper 8114,"['Clinical Medicine', 'Engineering']",3
Paper 8115,['Law'],2
Paper 8116,"['Psychology, Psychiatry and Neuroscience']",2
Paper 8117,"['Public Health, Health Services and Primary Care']",3
Paper 8118,"['Art and Design: History, Practice and Theory']",3
Paper 8119,['Geography and Environmental Studies'],2
Paper 8120,"['Sport and Exercise Sciences, Leisure and Tourism']",3
Paper 8121,['Engineering'],2
Paper 8122,['Philosophy'],3
Paper 8123,['Education'],2
Paper 8124,"['Psychology, Psychiatry and Neuroscience']",2
Paper 8125,"['Sport and Exercise Sciences, Leisure and Tourism']",3
Paper 8126,"['Public Health, Health Services and Primary Care', 'Modern Languages and Linguistics']",3
Paper 8127,['Biological Sciences'],2
Paper 8128,['Engineering'],3
Paper 8129,['History'],3
Paper 8130,"['Allied Health Professions, Dentistry, Nursing and Pharmacy']",3
Paper 8131,['Modern Languages and Linguistics'],3
Paper 8132,"['Music, Drama, Dance, Performing Arts, Film and Screen Studies']",4
Paper 8133,['Education'],3
Paper 8134,"['Art and Design: History, Practice and Theory']",2
Paper 8135,"['Allied Health Professions, Dentistry, Nursing and Pharmacy']",3
Paper 8136,['Business and Management Studies'],2
Paper 8137,['Geography and Environmental Studies'],2
Paper 8138,['Chemistry'],2
Paper 8139,['Engineering'],3
Paper 8140,['Archaeology'],2
Paper 8141,['Chemistry'],3
Paper 8142,['Modern Languages and Linguistics'],3
Paper 8143,"['Communication, Cultural and Media Studies, Library and Information Management']",3
Paper 8144,['English Language and Literature'],2
Paper 8145,['Earth Systems and Environmental Sciences'],3
Paper 8146,['Politics and International Studies'],2
Paper 8147,"['Communication, Cultural and Media Studies, Library and Information Management']",2
Paper 8148,['Biological Sciences'],3
Paper 8149,['Engineering'],3
Paper 8150,"['Geography and Environmental Studies', 'Engineering']",2
Paper 8151,['Earth Systems and Environmental Sciences'],3
Paper 8152,['Computer Science and Informatics'],2
Paper 8153,['Sociology'],2
Paper 8154,"['English Language and Literature', 'Education']",3
Paper 8155,['English Language and Literature'],3
Paper 8156,['Education'],2
Paper 8157,['Theology and Religious Studies'],3
Paper 8158,"['Communication, Cultural and Media Studies, Library and Information Management']",2
Paper 8159,['Sociology'],2
Paper 8160,['Law'],3
Paper 8161,"['Agriculture, Food and Veterinary Sciences']",3
Paper 8162,['Theology and Religious Studies'],3
Paper 8163,"['Anthropology and Development Studies', 'Art and Design: History, Practice and Theory']",2
Paper 8164,"['Public Health, Health Services and Primary Care']",3
Paper 8165,['English Language and Literature'],3
Paper 8166,['Law'],3
Paper 8167,['History'],2
Paper 8168,['Chemistry'],3
Paper 8169,"['Sport and Exercise Sciences, Leisure and Tourism']",2
Paper 8170,['English Language and Literature'],3
Paper 8171,['Mathematical Sciences'],3
Paper 8172,"['Agriculture, Food and Veterinary Sciences']",2
Paper 8173,['Physics'],3
Paper 8174,['Social Work and Social Policy'],2
Paper 8175,"['Art and Design: History, Practice and Theory']",2
Paper 8176,['Philosophy'],3
Paper 8177,['Area Studies'],3
Paper 8178,['Social Work and Social Policy'],3
Paper 8179,['Geography and Environmental Studies'],2
Paper 8180,['Theology and Religious Studies'],2
Paper 8181,"['Chemistry', 'Agriculture, Food and Veterinary Sciences']",3
Paper 8182,"['Public Health, Health Services and Primary Care']",3
Paper 8183,"['Allied Health Professions, Dentistry, Nursing and Pharmacy']",2
Paper 8184,['Physics'],3
Paper 8185,"['Sport and Exercise Sciences, Leisure and Tourism']",3
Paper 8186,['Business and Management Studies'],2
Paper 8187,"['Art and Design: History, Practice and Theory']",3
Paper 8188,['Engineering'],3
Paper 8189,['History'],3
Paper 8190,['Engineering'],3
Paper 8191,['Earth Systems and Environmental Sciences'],2
Paper 8192,['Area Studies'],2
Paper 8193,['Clinical Medicine'],3
Paper 8194,"['Agriculture, Food and Veterinary Sciences']",3
Paper 8195,['Engineering'],2
Paper 8196,['Biological Sciences'],2
Paper 8197,['Politics and International Studies'],2
Paper 8198,['Mathematical Sciences'],2
Paper 8199,['Archaeology'],2
Paper 8200,"['Public Health, Health Services and Primary Care']",3
Paper 8201,"['Communication, Cultural and Media Studies, Library and Information Management']",3
Paper 8202,['Classics'],3
Paper 8203,['Modern Languages and Linguistics'],3
Paper 8204,['Law'],2
Paper 8205,['Computer Science and Informatics'],2
Paper 8206,['Philosophy'],2
Paper 8207,['English Language and Literature'],3
Paper 8208,['Computer Science and Informatics'],3
Paper 8209,['History'],3
Paper 8210,['Engineering'],3
Paper 8211,"['Architecture, Built Environment and Planning']",2
Paper 8212,['English Language and Literature'],2
Paper 8213,['Classics'],3
Paper 8214,['Area Studies'],3
Paper 8215,['Theology and Religious Studies'],2
Paper 8216,['Physics'],3
Paper 8217,"['Psychology, Psychiatry and Neuroscience']",1
Paper 8218,['Physics'],3
Paper 8219,['Anthropology and Development Studies'],3
Paper 8220,['Theology and Religious Studies'],2
Paper 8221,['Business and Management Studies'],3
Paper 8222,['Geography and Environmental Studies'],2
Paper 8223,['Classics'],3
Paper 8224,"['Sport and Exercise Sciences, Leisure and Tourism']",2
Paper 8225,['History'],2
Paper 8226,"['Theology and Religious Studies', 'Music, Drama, Dance, Performing Arts, Film and Screen Studies']",3
Paper 8227,"['Clinical Medicine', 'Theology and Religious Studies']",3
Paper 8228,"['Business and Management Studies', 'Anthropology and Development Studies']",3
Paper 8229,"['Sport and Exercise Sciences, Leisure and Tourism']",2
Paper 8230,['Earth Systems and Environmental Sciences'],3
Paper 8231,['Computer Science and Informatics'],2
Paper 8232,"['Communication, Cultural and Media Studies, Library and Information Management']",3
Paper 8233,['History'],2
Paper 8234,['Mathematical Sciences'],3
Paper 8235,['Clinical Medicine'],3
Paper 8236,"['Allied Health Professions, Dentistry, Nursing and Pharmacy']",2
Paper 8237,['Archaeology'],3
Paper 8238,['Economics and Econometrics'],2
Paper 8239,"['Communication, Cultural and Media Studies, Library and Information Management']",2
Paper 8240,"['Music, Drama, Dance, Performing Arts, Film and Screen Studies']",3
Paper 8241,['Computer Science and Informatics'],3
Paper 8242,"['Music, Drama, Dance, Performing Arts, Film and Screen Studies']",2
Paper 8243,['Area Studies'],3
Paper 8244,['Politics and International Studies'],3
Paper 8245,"['Sport and Exercise Sciences, Leisure and Tourism']",2
Paper 8246,"['Public Health, Health Services and Primary Care']",3
Paper 8247,"['Communication, Cultural and Media Studies, Library and Information Management']",3
Paper 8248,"['Physics', 'Economics and Econometrics']",2
Paper 8249,['Business and Management Studies'],2
Paper 8250,['Geography and Environmental Studies'],3
Paper 8251,"['Classics', 'Psychology, Psychiatry and Neuroscience']",2
Paper 8252,['Mathematical Sciences'],3
Paper 8253,"['Politics and International Studies', 'Music, Drama, Dance, Performing Arts, Film and Screen Studies']",2
Paper 8254,['Earth Systems and Environmental Sciences'],3
Paper 8255,['Anthropology and Development Studies'],2
Paper 8256,['English Language and Literature'],3
Paper 8257,['Sociology'],3
Paper 8258,"['Public Health, Health Services and Primary Care']",3
Paper 8259,['Law'],2
Paper 8260,['Theology and Religious Studies'],2
Paper 8261,"['Art and Design: History, Practice and Theory']",2
Paper 8262,['Social Work and Social Policy'],2
Paper 8263,"['Sport and Exercise Sciences, Leisure and Tourism']",2
Paper 8264,['Economics and Econometrics'],3
Paper 8265,['Philosophy'],3
Paper 8266,['Law'],2
Paper 8267,['Anthropology and Development Studies'],2
Paper 8268,['Philosophy'],2
Paper 8269,"['Architecture, Built Environment and Planning']",3
Paper 8270,['Clinical Medicine'],3
Paper 8271,"['Architecture, Built Environment and Planning']",3
Paper 8272,['Archaeology'],2
Paper 8273,['Biological Sciences'],3
Paper 8274,['Social Work and Social Policy'],2
Paper 8275,['Anthropology and Development Studies'],3
Paper 8276,['Chemistry'],3
Paper 8277,['Sociology'],2
Paper 8278,['Earth Systems and Environmental Sciences'],3
Paper 8279,['Education'],2
Paper 8280,['Theology and Religious Studies'],3
Paper 8281,['Biological Sciences'],3
Paper 8282,"['Art and Design: History, Practice and Theory']",2
Paper 8283,"['Architecture, Built Environment and Planning']",2
Paper 8284,"['Sociology', 'Social Work and Social Policy']",2
Paper 8285,"['Architecture, Built Environment and Planning']",3
Paper 8286,['History'],3
Paper 8287,['Philosophy'],3
Paper 8288,['Geography and Environmental Studies'],3
Paper 8289,['English Language and Literature'],3
Paper 8290,['Chemistry'],3
Paper 8291,['Biological Sciences'],2
Paper 8292,"['Psychology, Psychiatry and Neuroscience']",2
Paper 8293,['Biological Sciences'],3
Paper 8294,['Computer Science and Informatics'],3
Paper 8295,['Mathematical Sciences'],3
Paper 8296,"['Agriculture, Food and Veterinary Sciences', 'Communication, Cultural and Media Studies, Library and Information Management']",3
Paper 8297,"['Earth Systems and Environmental Sciences', 'Mathematical Sciences']",3
Paper 8298,"['Architecture, Built Environment and Planning']",2
Paper 8299,['Business and Management Studies'],2
Paper 8300,"['Communication, Cultural and Media Studies, Library and Information Management']",2
Paper 8301,['Engineering'],3
Paper 8302,"['Mathematical Sciences', 'Sociology']",3
Paper 8303,['Clinical Medicine'],3
Paper 8304,"['Sport and Exercise Sciences, Leisure and Tourism']",3
Paper 8305,['English Language and Literature'],3
Paper 8306,['Classics'],3
Paper 8307,['Philosophy'],3
Paper 8308,['Law'],2
Paper 8309,['Archaeology'],3
Paper 8310,['Modern Languages and Linguistics'],3
Paper 8311,['Theology and Religious Studies'],2
Paper 8312,['Geography and Environmental Studies'],3
Paper 8313,['Anthropology and Development Studies'],3
Paper 8314,['Geography and Environmental Studies'],3
Paper 8315,['Theology and Religious Studies'],3
Paper 8316,['Earth Systems and Environmental Sciences'],3
Paper 8317,"['Music, Drama, Dance, Performing Arts, Film and Screen Studies']",3
Paper 8318,"['Allied Health Professions, Dentistry, Nursing and Pharmacy']",2
Paper 8319,['Classics'],3
Paper 8320,"['Chemistry', 'Engineering']",3
Paper 8321,['Clinical Medicine'],3
Paper 8322,['Modern Languages and Linguistics'],3
Paper 8323,['Earth Systems and Environmental Sciences'],3
Paper 8324,"['Engineering', 'History']",3
Paper 8325,['History'],3
Paper 8326,['Economics and Econometrics'],4
Paper 8327,['Biological Sciences'],2
Paper 8328,['Theology and Religious Studies'],2
Paper 8329,"['Public Health, Health Services and Primary Care']",3
Paper 8330,"['Agriculture, Food and Veterinary Sciences']",3
Paper 8331,['Politics and International Studies'],2
Paper 8332,['Physics'],3
Paper 8333,['Archaeology'],3
Paper 8334,"['Music, Drama, Dance, Performing Arts, Film and Screen Studies', 'Geography and Environmental Studies']",2
Paper 8335,['Social Work and Social Policy'],2
Paper 8336,['Social Work and Social Policy'],2
Paper 8337,"['Communication, Cultural and Media Studies, Library and Information Management']",2
Paper 8338,"['Communication, Cultural and Media Studies, Library and Information Management']",3
Paper 8339,"['Mathematical Sciences', 'Mathematical Sciences']",3
Paper 8340,['Archaeology'],2
Paper 8341,"['Sport and Exercise Sciences, Leisure and Tourism']",2
Paper 8342,['Chemistry'],3
Paper 8343,"['Sport and Exercise Sciences, Leisure and Tourism']",3
Paper 8344,"['Art and Design: History, Practice and Theory']",2
Paper 8345,['Earth Systems and Environmental Sciences'],3
Paper 8346,['Mathematical Sciences'],2
Paper 8347,['Philosophy'],3
Paper 8348,['Area Studies'],3
Paper 8349,['Modern Languages and Linguistics'],2
Paper 8350,['Social Work and Social Policy'],3
Paper 8351,['Geography and Environmental Studies'],3
Paper 8352,"['Allied Health Professions, Dentistry, Nursing and Pharmacy']",2
Paper 8353,"['Communication, Cultural and Media Studies, Library and Information Management']",2
Paper 8354,['Biological Sciences'],3
Paper 8355,['Archaeology'],2
Paper 8356,['Area Studies'],3
Paper 8357,['Archaeology'],3
Paper 8358,"['Sport and Exercise Sciences, Leisure and Tourism']",3
Paper 8359,['Engineering'],2
Paper 8360,['Area Studies'],3
Paper 8361,"['Agriculture, Food and Veterinary Sciences']",2
Paper 8362,['English Language and Literature'],3
Paper 8363,['Computer Science and Informatics'],3
Paper 8364,['Clinical Medicine'],3
Paper 8365,['Computer Science and Informatics'],2
Paper 8366,['Politics and International Studies'],3
Paper 8367,"['Music, Drama, Dance, Performing Arts, Film and Screen Studies', 'Archaeology']",3
Paper 8368,"['Music, Drama, Dance, Performing Arts, Film and Screen Studies']",3
Paper 8369,['Chemistry'],3
Paper 8370,['Archaeology'],3
Paper 8371,['Engineering'],2
Paper 8372,['Geography and Environmental Studies'],3
Paper 8373,"['Agriculture, Food and Veterinary Sciences']",3
Paper 8374,"['Architecture, Built Environment and Planning']",2
Paper 8375,['Geography and Environmental Studies'],3
Paper 8376,['Physics'],3
Paper 8377,['Area Studies'],3
Paper 8378,"['Anthropology and Development Studies', 'Business and Management Studies']",3
Paper 8379,['Anthropology and Development Studies'],3
Paper 8380,['Social Work and Social Policy'],2
Paper 8381,['Social Work and Social Policy'],3
Paper 8382,['Modern Languages and Linguistics'],3
Paper 8383,['Earth Systems and Environmental Sciences'],3
Paper 8384,['Social Work and Social Policy'],2
Paper 8385,['Politics and International Studies'],2
Paper 8386,['Earth Systems and Environmental Sciences'],3
Paper 8387,"['Agriculture, Food and Veterinary Sciences']",2
Paper 8388,['Philosophy'],2
Paper 8389,['Theology and Religious Studies'],2
Paper 8390,['Clinical Medicine'],3
Paper 8391,['English Language and Literature'],3
Paper 8392,['Classics'],3
Paper 8393,['Computer Science and Informatics'],2
Paper 8394,"['Sport and Exercise Sciences, Leisure and Tourism']",3
Paper 8395,['Computer Science and Informatics'],2
Paper 8396,['Earth Systems and Environmental Sciences'],3
Paper 8397,"['Agriculture, Food and Veterinary Sciences', 'Sociology']",3
Paper 8398,['Business and Management Studies'],2
Paper 8399,['Biological Sciences'],2
Paper 8400,"['Clinical Medicine', 'Sport and Exercise Sciences, Leisure and Tourism']",3
Paper 8401,['Geography and Environmental Studies'],3
Paper 8402,['English Language and Literature'],3
Paper 8403,['Mathematical Sciences'],3
Paper 8404,['Social Work and Social Policy'],2
Paper 8405,['Social Work and Social Policy'],2
Paper 8406,"['Art and Design: History, Practice and Theory']",2
Paper 8407,['Clinical Medicine'],3
Paper 8408,['Biological Sciences'],2
Paper 8409,['Area Studies'],3
Paper 8410,"['Music, Drama, Dance, Performing Arts, Film and Screen Studies']",3
Paper 8411,['Chemistry'],3
Paper 8412,"['Agriculture, Food and Veterinary Sciences']",2
Paper 8413,"['Biological Sciences', 'Law']",2
Paper 8414,['Mathematical Sciences'],3
Paper 8415,['Politics and International Studies'],3
Paper 8416,['Archaeology'],3
Paper 8417,['Business and Management Studies'],3
Paper 8418,"['Agriculture, Food and Veterinary Sciences']",3
Paper 8419,"['Architecture, Built Environment and Planning']",3
Paper 8420,"['Clinical Medicine', 'Classics']",3
Paper 8421,['Classics'],3
Paper 8422,['Social Work and Social Policy'],3
Paper 8423,"['Music, Drama, Dance, Performing Arts, Film and Screen Studies']",2
Paper 8424,['Social Work and Social Policy'],2
Paper 8425,['Engineering'],2
Paper 8426,['Business and Management Studies'],2
Paper 8427,"['Chemistry', 'Physics']",3
Paper 8428,['English Language and Literature'],3
Paper 8429,['Archaeology'],4
Paper 8430,['Sociology'],2
Paper 8431,['Chemistry'],3
Paper 8432,"['Art and Design: History, Practice and Theory']",3
Paper 8433,"['Communication, Cultural and Media Studies, Library and Information Management']",2
Paper 8434,['Business and Management Studies'],3
Paper 8435,"['Art and Design: History, Practice and Theory']",3
Paper 8436,"['Psychology, Psychiatry and Neuroscience', 'History']",3
Paper 8437,['Economics and Econometrics'],2
Paper 8438,"['Architecture, Built Environment and Planning']",2
Paper 8439,"['Sport and Exercise Sciences, Leisure and Tourism']",3
Paper 8440,['Modern Languages and Linguistics'],3
Paper 8441,['Clinical Medicine'],2
Paper 8442,['Engineering'],2
Paper 8443,"['Agriculture, Food and Veterinary Sciences']",2
Paper 8444,"['Art and Design: History, Practice and Theory']",3
Paper 8445,['Archaeology'],3
Paper 8446,['Chemistry'],3
Paper 8447,['Politics and International Studies'],3
Paper 8448,['Engineering'],2
Paper 8449,['Area Studies'],3
Paper 8450,['Mathematical Sciences'],3
Paper 8451,['English Language and Literature'],2
Paper 8452,"['Art and Design: History, Practice and Theory']",2
Paper 8453,['Sociology'],2
Paper 8454,"['Music, Drama, Dance, Performing Arts, Film and Screen Studies']",3
Paper 8455,['Philosophy'],3
Paper 8456,['Sociology'],1
Paper 8457,['Politics and International Studies'],2
Paper 8458,"['Music, Drama, Dance, Performing Arts, Film and Screen Studies']",3
Paper 8459,['Physics'],3
Paper 8460,['History'],3
Paper 8461,"['Anthropology and Development Studies', 'Architecture, Built Environment and Planning']",3
Paper 8462,['Sociology'],1
Paper 8463,"['Geography and Environmental Studies', 'Earth Systems and Environmental Sciences']",3
Paper 8464,['Law'],3
Paper 8465,"['Communication, Cultural and Media Studies, Library and Information Management']",3
Paper 8466,"['Archaeology', 'Politics and International Studies']",2
Paper 8467,['Computer Science and Informatics'],2
Paper 8468,"['Music, Drama, Dance, Performing Arts, Film and Screen Studies']",2
Paper 8469,"['Computer Science and Informatics', 'Education']",2
Paper 8470,['Modern Languages and Linguistics'],3
Paper 8471,['Anthropology and Development Studies'],3
Paper 8472,"['Art and Design: History, Practice and Theory']",2
Paper 8473,['Social Work and Social Policy'],2
Paper 8474,['Classics'],3
Paper 8475,['Computer Science and Informatics'],3
Paper 8476,['Engineering'],2
Paper 8477,['Earth Systems and Environmental Sciences'],3
Paper 8478,['Anthropology and Development Studies'],3
Paper 8479,['Modern Languages and Linguistics'],2
Paper 8480,['Business and Management Studies'],2
Paper 8481,['Business and Management Studies'],3
Paper 8482,"['Education', 'Archaeology']",2
Paper 8483,['Computer Science and Informatics'],3
Paper 8484,['Economics and Econometrics'],4
Paper 8485,['Biological Sciences'],2
Paper 8486,['Law'],2
Paper 8487,['Biological Sciences'],2
Paper 8488,['Politics and International Studies'],3
Paper 8489,['Sociology'],3
Paper 8490,"['Art and Design: History, Practice and Theory']",3
Paper 8491,['Modern Languages and Linguistics'],2
Paper 8492,"['Public Health, Health Services and Primary Care']",3
Paper 8493,"['Psychology, Psychiatry and Neuroscience']",3
Paper 8494,"['Architecture, Built Environment and Planning']",3
Paper 8495,['Area Studies'],3
Paper 8496,['Clinical Medicine'],3
Paper 8497,['Philosophy'],3
Paper 8498,"['Anthropology and Development Studies', 'Psychology, Psychiatry and Neuroscience']",3
Paper 8499,"['Sport and Exercise Sciences, Leisure and Tourism']",4
Paper 8500,['Classics'],3
Paper 8501,['Geography and Environmental Studies'],2
Paper 8502,['Philosophy'],3
Paper 8503,['Chemistry'],2
Paper 8504,['Earth Systems and Environmental Sciences'],2
Paper 8505,"['Architecture, Built Environment and Planning']",2
Paper 8506,"['Allied Health Professions, Dentistry, Nursing and Pharmacy']",1
Paper 8507,['Anthropology and Development Studies'],3
Paper 8508,['Computer Science and Informatics'],2
Paper 8509,['Computer Science and Informatics'],2
Paper 8510,"['Sport and Exercise Sciences, Leisure and Tourism']",3
Paper 8511,['Engineering'],3
Paper 8512,"['Area Studies', 'Computer Science and Informatics']",3
Paper 8513,['Anthropology and Development Studies'],3
Paper 8514,['Social Work and Social Policy'],2
Paper 8515,['Mathematical Sciences'],3
Paper 8516,['Geography and Environmental Studies'],3
Paper 8517,"['Allied Health Professions, Dentistry, Nursing and Pharmacy']",2
Paper 8518,"['Public Health, Health Services and Primary Care']",3
Paper 8519,"['Engineering', 'Sport and Exercise Sciences, Leisure and Tourism']",3
Paper 8520,"['Allied Health Professions, Dentistry, Nursing and Pharmacy']",3
Paper 8521,['Education'],2
Paper 8522,"['Psychology, Psychiatry and Neuroscience']",3
Paper 8523,"['Art and Design: History, Practice and Theory']",2
Paper 8524,['Social Work and Social Policy'],2
Paper 8525,['Clinical Medicine'],3
Paper 8526,['Clinical Medicine'],3
Paper 8527,"['Philosophy', 'Biological Sciences']",2
Paper 8528,"['Music, Drama, Dance, Performing Arts, Film and Screen Studies']",3
Paper 8529,['Philosophy'],3
Paper 8530,"['Communication, Cultural and Media Studies, Library and Information Management']",2
Paper 8531,['Classics'],3
Paper 8532,"['Art and Design: History, Practice and Theory']",2
Paper 8533,['Sociology'],3
Paper 8534,['Economics and Econometrics'],2
Paper 8535,['Philosophy'],3
Paper 8536,['Engineering'],3
Paper 8537,['Area Studies'],3
Paper 8538,['Archaeology'],3
Paper 8539,"['Allied Health Professions, Dentistry, Nursing and Pharmacy']",3
Paper 8540,['Area Studies'],3
Paper 8541,"['Sport and Exercise Sciences, Leisure and Tourism', 'Geography and Environmental Studies']",3
Paper 8542,"['Public Health, Health Services and Primary Care']",3
Paper 8543,['Economics and Econometrics'],3
Paper 8544,['Earth Systems and Environmental Sciences'],3
Paper 8545,['Education'],3
Paper 8546,['Theology and Religious Studies'],2
Paper 8547,['Philosophy'],3
Paper 8548,['English Language and Literature'],2
Paper 8549,['Law'],3
Paper 8550,"['Sport and Exercise Sciences, Leisure and Tourism']",3
Paper 8551,"['Communication, Cultural and Media Studies, Library and Information Management']",2
Paper 8552,['Engineering'],2
Paper 8553,"['Art and Design: History, Practice and Theory']",2
Paper 8554,"['Psychology, Psychiatry and Neuroscience']",2
Paper 8555,['Computer Science and Informatics'],3
Paper 8556,['Mathematical Sciences'],3
Paper 8557,['Engineering'],2
Paper 8558,['Sociology'],3
Paper 8559,"['Architecture, Built Environment and Planning']",3
Paper 8560,['Archaeology'],3
Paper 8561,['Education'],3
Paper 8562,['Business and Management Studies'],3
Paper 8563,"['Agriculture, Food and Veterinary Sciences']",3
Paper 8564,"['Area Studies', 'Psychology, Psychiatry and Neuroscience']",3
Paper 8565,['Computer Science and Informatics'],3
Paper 8566,['English Language and Literature'],3
Paper 8567,['Anthropology and Development Studies'],3
Paper 8568,['Modern Languages and Linguistics'],2
Paper 8569,"['Engineering', 'Archaeology']",3
Paper 8570,['Biological Sciences'],3
Paper 8571,"['Art and Design: History, Practice and Theory']",3
Paper 8572,['Theology and Religious Studies'],2
Paper 8573,['Chemistry'],3
Paper 8574,['Philosophy'],3
Paper 8575,['Business and Management Studies'],3
Paper 8576,"['Chemistry', 'Earth Systems and Environmental Sciences']",3
Paper 8577,"['Psychology, Psychiatry and Neuroscience']",3
Paper 8578,"['Psychology, Psychiatry and Neuroscience']",2
Paper 8579,"['Allied Health Professions, Dentistry, Nursing and Pharmacy']",2
Paper 8580,['Sociology'],3
Paper 8581,['Education'],1
Paper 8582,"['Anthropology and Development Studies', 'Politics and International Studies']",3
Paper 8583,"['Art and Design: History, Practice and Theory']",3
Paper 8584,['Biological Sciences'],3
Paper 8585,['Clinical Medicine'],3
Paper 8586,"['Music, Drama, Dance, Performing Arts, Film and Screen Studies']",3
Paper 8587,['Biological Sciences'],3
Paper 8588,"['Architecture, Built Environment and Planning']",3
Paper 8589,['Area Studies'],3
Paper 8590,['Anthropology and Development Studies'],3
Paper 8591,"['Architecture, Built Environment and Planning']",4
Paper 8592,['Computer Science and Informatics'],3
Paper 8593,['Education'],2
Paper 8594,['Engineering'],3
Paper 8595,['History'],3
Paper 8596,"['Psychology, Psychiatry and Neuroscience']",3
Paper 8597,['English Language and Literature'],2
Paper 8598,"['Allied Health Professions, Dentistry, Nursing and Pharmacy']",2
Paper 8599,['Geography and Environmental Studies'],3
Paper 8600,['Earth Systems and Environmental Sciences'],2
Paper 8601,"['Music, Drama, Dance, Performing Arts, Film and Screen Studies']",3
Paper 8602,['Politics and International Studies'],3
Paper 8603,['Education'],3
Paper 8604,['Philosophy'],2
Paper 8605,"['Communication, Cultural and Media Studies, Library and Information Management']",3
Paper 8606,['Engineering'],3
Paper 8607,['Area Studies'],3
Paper 8608,['Theology and Religious Studies'],2
Paper 8609,['Politics and International Studies'],3
Paper 8610,['Archaeology'],3
Paper 8611,['Modern Languages and Linguistics'],3
Paper 8612,['Theology and Religious Studies'],4
Paper 8613,['Business and Management Studies'],3
Paper 8614,"['Art and Design: History, Practice and Theory']",2
Paper 8615,['Biological Sciences'],3
Paper 8616,['Engineering'],3
Paper 8617,['Economics and Econometrics'],3
Paper 8618,"['Architecture, Built Environment and Planning']",3
Paper 8619,"['Psychology, Psychiatry and Neuroscience']",3
Paper 8620,"['Communication, Cultural and Media Studies, Library and Information Management']",3
Paper 8621,['Philosophy'],3
Paper 8622,['Archaeology'],2
Paper 8623,['Sociology'],3
Paper 8624,['Engineering'],2
Paper 8625,['Engineering'],2
Paper 8626,['History'],2
Paper 8627,['Philosophy'],2
Paper 8628,['Philosophy'],2
Paper 8629,['Economics and Econometrics'],2
Paper 8630,"['Public Health, Health Services and Primary Care']",3
Paper 8631,"['Art and Design: History, Practice and Theory']",2
Paper 8632,"['Sport and Exercise Sciences, Leisure and Tourism']",3
Paper 8633,['English Language and Literature'],2
Paper 8634,['Computer Science and Informatics'],2
Paper 8635,['Classics'],3
Paper 8636,['Philosophy'],3
Paper 8637,['Economics and Econometrics'],3
Paper 8638,['Clinical Medicine'],2
Paper 8639,"['Law', 'Communication, Cultural and Media Studies, Library and Information Management']",2
Paper 8640,['English Language and Literature'],2
Paper 8641,"['Public Health, Health Services and Primary Care']",3
Paper 8642,['Education'],2
Paper 8643,"['Anthropology and Development Studies', 'English Language and Literature']",3
Paper 8644,"['Music, Drama, Dance, Performing Arts, Film and Screen Studies']",2
Paper 8645,['Anthropology and Development Studies'],3
Paper 8646,"['Sport and Exercise Sciences, Leisure and Tourism']",2
Paper 8647,['Archaeology'],2
Paper 8648,"['English Language and Literature', 'Agriculture, Food and Veterinary Sciences']",3
Paper 8649,['Earth Systems and Environmental Sciences'],3
Paper 8650,['Chemistry'],3
Paper 8651,['Clinical Medicine'],3
Paper 8652,['Philosophy'],3
Paper 8653,['Geography and Environmental Studies'],3
Paper 8654,"['Public Health, Health Services and Primary Care']",3
Paper 8655,['Area Studies'],3
Paper 8656,"['Earth Systems and Environmental Sciences', 'Archaeology']",2
Paper 8657,['Physics'],3
Paper 8658,"['Psychology, Psychiatry and Neuroscience']",3
Paper 8659,['Philosophy'],3
Paper 8660,['Politics and International Studies'],3
Paper 8661,['Engineering'],3
Paper 8662,"['Engineering', 'Philosophy']",2
Paper 8663,['Archaeology'],2
Paper 8664,['Computer Science and Informatics'],2
Paper 8665,['Social Work and Social Policy'],2
Paper 8666,['Biological Sciences'],3
Paper 8667,['Business and Management Studies'],2
Paper 8668,['Chemistry'],3
Paper 8669,['History'],2
Paper 8670,['Politics and International Studies'],2
Paper 8671,['Law'],2
Paper 8672,['Physics'],3
Paper 8673,['Computer Science and Informatics'],3
Paper 8674,['Earth Systems and Environmental Sciences'],3
Paper 8675,['Economics and Econometrics'],3
Paper 8676,['Philosophy'],3
Paper 8677,"['Communication, Cultural and Media Studies, Library and Information Management', 'Sport and Exercise Sciences, Leisure and Tourism']",3
Paper 8678,['Anthropology and Development Studies'],3
Paper 8679,['History'],2
Paper 8680,['Sociology'],3
Paper 8681,['English Language and Literature'],3
Paper 8682,['Biological Sciences'],1
Paper 8683,['Earth Systems and Environmental Sciences'],3
Paper 8684,"['Public Health, Health Services and Primary Care']",3
Paper 8685,['Computer Science and Informatics'],3
Paper 8686,['Education'],2
Paper 8687,"['Agriculture, Food and Veterinary Sciences', 'Economics and Econometrics']",2
Paper 8688,['Physics'],3
Paper 8689,['Physics'],3
Paper 8690,"['Public Health, Health Services and Primary Care']",3
Paper 8691,['Computer Science and Informatics'],2
Paper 8692,"['Art and Design: History, Practice and Theory']",2
Paper 8693,"['Computer Science and Informatics', 'Business and Management Studies']",2
Paper 8694,['Chemistry'],3
Paper 8695,['English Language and Literature'],3
Paper 8696,['Education'],3
Paper 8697,['Sociology'],3
Paper 8698,"['Psychology, Psychiatry and Neuroscience']",3
Paper 8699,"['Art and Design: History, Practice and Theory']",3
Paper 8700,['Business and Management Studies'],2
Paper 8701,['Archaeology'],3
Paper 8702,['Modern Languages and Linguistics'],3
Paper 8703,['Computer Science and Informatics'],3
Paper 8704,['Area Studies'],3
Paper 8705,"['Computer Science and Informatics', 'Physics']",3
Paper 8706,"['History', 'Art and Design: History, Practice and Theory']",3
Paper 8707,['Archaeology'],3
Paper 8708,['Anthropology and Development Studies'],3
Paper 8709,['Computer Science and Informatics'],2
Paper 8710,['Earth Systems and Environmental Sciences'],3
Paper 8711,"['Art and Design: History, Practice and Theory']",3
Paper 8712,"['Public Health, Health Services and Primary Care']",3
Paper 8713,['Business and Management Studies'],3
Paper 8714,['Earth Systems and Environmental Sciences'],3
Paper 8715,"['Sport and Exercise Sciences, Leisure and Tourism']",3
Paper 8716,"['Art and Design: History, Practice and Theory']",2
Paper 8717,['Social Work and Social Policy'],2
Paper 8718,['Archaeology'],3
Paper 8719,['Engineering'],2
Paper 8720,"['Sport and Exercise Sciences, Leisure and Tourism']",2
Paper 8721,"['Art and Design: History, Practice and Theory']",3
Paper 8722,['Engineering'],3
Paper 8723,['Modern Languages and Linguistics'],2
Paper 8724,['History'],2
Paper 8725,"['Communication, Cultural and Media Studies, Library and Information Management']",2
Paper 8726,['Law'],2
Paper 8727,['Clinical Medicine'],3
Paper 8728,"['Psychology, Psychiatry and Neuroscience']",3
Paper 8729,['Computer Science and Informatics'],2
Paper 8730,"['Sport and Exercise Sciences, Leisure and Tourism']",2
Paper 8731,"['Art and Design: History, Practice and Theory']",3
Paper 8732,['Politics and International Studies'],3
Paper 8733,['Earth Systems and Environmental Sciences'],2
Paper 8734,['Politics and International Studies'],3
Paper 8735,"['Art and Design: History, Practice and Theory']",3
Paper 8736,"['Archaeology', 'Archaeology']",3
Paper 8737,['Geography and Environmental Studies'],2
Paper 8738,"['Public Health, Health Services and Primary Care']",2
Paper 8739,['Biological Sciences'],3
Paper 8740,['Business and Management Studies'],2
Paper 8741,['Chemistry'],3
Paper 8742,['Physics'],3
Paper 8743,['Economics and Econometrics'],3
Paper 8744,['Modern Languages and Linguistics'],3
Paper 8745,['Archaeology'],2
Paper 8746,['Physics'],3
Paper 8747,"['Art and Design: History, Practice and Theory', 'Music, Drama, Dance, Performing Arts, Film and Screen Studies']",3
Paper 8748,['Philosophy'],3
Paper 8749,['Area Studies'],3
Paper 8750,"['Sociology', 'Music, Drama, Dance, Performing Arts, Film and Screen Studies']",3
Paper 8751,['Area Studies'],3
Paper 8752,['Computer Science and Informatics'],3
Paper 8753,['English Language and Literature'],3
Paper 8754,['Law'],3
Paper 8755,"['Music, Drama, Dance, Performing Arts, Film and Screen Studies', 'Chemistry']",2
Paper 8756,"['Public Health, Health Services and Primary Care']",3
Paper 8757,"['Architecture, Built Environment and Planning']",3
Paper 8758,['Politics and International Studies'],2
Paper 8759,"['Public Health, Health Services and Primary Care']",3
Paper 8760,"['Music, Drama, Dance, Performing Arts, Film and Screen Studies']",2
Paper 8761,['Anthropology and Development Studies'],3
Paper 8762,['Education'],2
Paper 8763,"['Sport and Exercise Sciences, Leisure and Tourism']",2
Paper 8764,"['Archaeology', 'Art and Design: History, Practice and Theory']",3
Paper 8765,"['Psychology, Psychiatry and Neuroscience']",3
Paper 8766,"['Public Health, Health Services and Primary Care']",3
Paper 8767,"['Communication, Cultural and Media Studies, Library and Information Management']",3
Paper 8768,['Law'],3
Paper 8769,"['Music, Drama, Dance, Performing Arts, Film and Screen Studies']",2
Paper 8770,['Chemistry'],3
Paper 8771,['Earth Systems and Environmental Sciences'],3
Paper 8772,['Law'],2
Paper 8773,['History'],2
Paper 8774,['English Language and Literature'],3
Paper 8775,['Business and Management Studies'],2
Paper 8776,['Theology and Religious Studies'],2
Paper 8777,"['Agriculture, Food and Veterinary Sciences']",3
Paper 8778,['Chemistry'],3
Paper 8779,['Philosophy'],3
Paper 8780,"['Communication, Cultural and Media Studies, Library and Information Management']",2
Paper 8781,['Mathematical Sciences'],2
Paper 8782,['Chemistry'],3
Paper 8783,['Clinical Medicine'],3
Paper 8784,['Earth Systems and Environmental Sciences'],3
Paper 8785,['Economics and Econometrics'],3
Paper 8786,['Archaeology'],3
Paper 8787,['Theology and Religious Studies'],2
Paper 8788,"['Public Health, Health Services and Primary Care']",4
Paper 8789,['Theology and Religious Studies'],2
Paper 8790,['Earth Systems and Environmental Sciences'],3
Paper 8791,['Business and Management Studies'],3
Paper 8792,['Computer Science and Informatics'],3
Paper 8793,['Education'],3
Paper 8794,['Clinical Medicine'],3
Paper 8795,"['Social Work and Social Policy', 'Modern Languages and Linguistics']",2
Paper 8796,['Archaeology'],3
Paper 8797,['Computer Science and Informatics'],4
Paper 8798,['Theology and Religious Studies'],2
Paper 8799,"['Allied Health Professions, Dentistry, Nursing and Pharmacy']",3
Paper 8800,['Sociology'],3
Paper 8801,['Classics'],3
Paper 8802,['Physics'],3
Paper 8803,['Economics and Econometrics'],3
Paper 8804,['Business and Management Studies'],2
Paper 8805,['Clinical Medicine'],3
Paper 8806,['Computer Science and Informatics'],3
Paper 8807,"['Art and Design: History, Practice and Theory', 'Chemistry']",3
Paper 8808,['Mathematical Sciences'],3
Paper 8809,"['Architecture, Built Environment and Planning']",3
Paper 8810,['Mathematical Sciences'],3
Paper 8811,"['Public Health, Health Services and Primary Care']",3
Paper 8812,['Physics'],3
Paper 8813,['Earth Systems and Environmental Sciences'],3
Paper 8814,['Biological Sciences'],3
Paper 8815,['Computer Science and Informatics'],4
Paper 8816,['Law'],2
Paper 8817,['Area Studies'],3
Paper 8818,['Area Studies'],3
Paper 8819,"['Music, Drama, Dance, Performing Arts, Film and Screen Studies']",4
Paper 8820,['Social Work and Social Policy'],2
Paper 8821,"['Architecture, Built Environment and Planning']",2
Paper 8822,"['Allied Health Professions, Dentistry, Nursing and Pharmacy']",2
Paper 8823,['Law'],4
Paper 8824,"['Politics and International Studies', 'Physics']",3
Paper 8825,['Archaeology'],2
Paper 8826,['Biological Sciences'],3
Paper 8827,['Computer Science and Informatics'],3
Paper 8828,['Politics and International Studies'],3
Paper 8829,['Earth Systems and Environmental Sciences'],3
Paper 8830,['Philosophy'],3
Paper 8831,['Theology and Religious Studies'],3
Paper 8832,"['Allied Health Professions, Dentistry, Nursing and Pharmacy']",3
Paper 8833,['Physics'],3
Paper 8834,['Physics'],3
Paper 8835,['Philosophy'],2
Paper 8836,['Philosophy'],2
Paper 8837,['Economics and Econometrics'],2
Paper 8838,['Law'],1
Paper 8839,"['Communication, Cultural and Media Studies, Library and Information Management']",3
Paper 8840,['Physics'],3
Paper 8841,['Computer Science and Informatics'],3
Paper 8842,['Chemistry'],3
Paper 8843,['Physics'],3
Paper 8844,['Modern Languages and Linguistics'],2
Paper 8845,['Clinical Medicine'],3
Paper 8846,"['Art and Design: History, Practice and Theory']",2
Paper 8847,['Chemistry'],3
Paper 8848,['English Language and Literature'],2
Paper 8849,['Earth Systems and Environmental Sciences'],2
Paper 8850,"['Sport and Exercise Sciences, Leisure and Tourism']",2
Paper 8851,['Theology and Religious Studies'],2
Paper 8852,"['Allied Health Professions, Dentistry, Nursing and Pharmacy']",2
Paper 8853,['Politics and International Studies'],2
Paper 8854,"['Psychology, Psychiatry and Neuroscience']",2
Paper 8855,"['Biological Sciences', 'Philosophy']",2
Paper 8856,['Computer Science and Informatics'],3
Paper 8857,"['Psychology, Psychiatry and Neuroscience']",3
Paper 8858,"['Anthropology and Development Studies', 'Agriculture, Food and Veterinary Sciences']",3
Paper 8859,['Physics'],2
Paper 8860,"['Philosophy', 'Mathematical Sciences']",2
Paper 8861,['Biological Sciences'],2
Paper 8862,['Education'],2
Paper 8863,"['Sport and Exercise Sciences, Leisure and Tourism']",3
Paper 8864,"['Biological Sciences', 'Theology and Religious Studies']",3
Paper 8865,['Chemistry'],3
Paper 8866,['Engineering'],3
Paper 8867,['Geography and Environmental Studies'],3
Paper 8868,['Education'],2
Paper 8869,['History'],3
Paper 8870,['Modern Languages and Linguistics'],2
Paper 8871,['Earth Systems and Environmental Sciences'],2
Paper 8872,"['Music, Drama, Dance, Performing Arts, Film and Screen Studies']",2
Paper 8873,['Social Work and Social Policy'],2
Paper 8874,['Area Studies'],3
Paper 8875,['Clinical Medicine'],3
Paper 8876,['Physics'],3
Paper 8877,"['Psychology, Psychiatry and Neuroscience']",3
Paper 8878,['Area Studies'],3
Paper 8879,['Anthropology and Development Studies'],2
Paper 8880,['Archaeology'],3
Paper 8881,['English Language and Literature'],3
Paper 8882,['Archaeology'],3
Paper 8883,['Biological Sciences'],3
Paper 8884,"['Communication, Cultural and Media Studies, Library and Information Management']",3
Paper 8885,"['History', 'Business and Management Studies']",3
Paper 8886,['Chemistry'],3
Paper 8887,['Business and Management Studies'],3
Paper 8888,['Mathematical Sciences'],3
Paper 8889,['Economics and Econometrics'],3
Paper 8890,['Physics'],3
Paper 8891,['Social Work and Social Policy'],3
Paper 8892,['Theology and Religious Studies'],2
Paper 8893,['Business and Management Studies'],3
Paper 8894,"['Music, Drama, Dance, Performing Arts, Film and Screen Studies']",2
Paper 8895,['Economics and Econometrics'],3
Paper 8896,['Engineering'],3
Paper 8897,"['Public Health, Health Services and Primary Care']",2
Paper 8898,"['Art and Design: History, Practice and Theory']",3
Paper 8899,['Area Studies'],3
Paper 8900,['Social Work and Social Policy'],3
Paper 8901,['Engineering'],2
Paper 8902,['Social Work and Social Policy'],2
Paper 8903,['Area Studies'],3
Paper 8904,['Engineering'],2
Paper 8905,['English Language and Literature'],2
Paper 8906,"['Allied Health Professions, Dentistry, Nursing and Pharmacy']",3
Paper 8907,"['Music, Drama, Dance, Performing Arts, Film and Screen Studies']",3
Paper 8908,"['Classics', 'Law']",2
Paper 8909,"['Anthropology and Development Studies', 'Public Health, Health Services and Primary Care']",2
Paper 8910,"['Agriculture, Food and Veterinary Sciences']",2
Paper 8911,['Computer Science and Informatics'],3
Paper 8912,['Business and Management Studies'],2
Paper 8913,['Biological Sciences'],3
Paper 8914,"['Architecture, Built Environment and Planning']",3
Paper 8915,"['Business and Management Studies', 'Business and Management Studies']",2
Paper 8916,['Economics and Econometrics'],3
Paper 8917,['Computer Science and Informatics'],3
Paper 8918,"['Architecture, Built Environment and Planning']",2
Paper 8919,['Geography and Environmental Studies'],1
Paper 8920,"['Music, Drama, Dance, Performing Arts, Film and Screen Studies']",2
Paper 8921,['Physics'],3
Paper 8922,['Earth Systems and Environmental Sciences'],2
Paper 8923,"['Theology and Religious Studies', 'Agriculture, Food and Veterinary Sciences']",3
Paper 8924,['Law'],3
Paper 8925,['English Language and Literature'],3
Paper 8926,['Economics and Econometrics'],2
Paper 8927,['Geography and Environmental Studies'],3
Paper 8928,['Earth Systems and Environmental Sciences'],3
Paper 8929,['Mathematical Sciences'],2
Paper 8930,['Anthropology and Development Studies'],3
Paper 8931,['Politics and International Studies'],2
Paper 8932,"['Agriculture, Food and Veterinary Sciences', 'Theology and Religious Studies']",2
Paper 8933,"['Allied Health Professions, Dentistry, Nursing and Pharmacy']",2
Paper 8934,['English Language and Literature'],2
Paper 8935,"['Psychology, Psychiatry and Neuroscience']",3
Paper 8936,['Education'],3
Paper 8937,['Physics'],3
Paper 8938,"['Allied Health Professions, Dentistry, Nursing and Pharmacy']",3
Paper 8939,"['Allied Health Professions, Dentistry, Nursing and Pharmacy']",3
Paper 8940,['Engineering'],3
Paper 8941,"['Archaeology', 'Economics and Econometrics']",3
Paper 8942,['Social Work and Social Policy'],3
Paper 8943,['Politics and International Studies'],2
Paper 8944,"['Allied Health Professions, Dentistry, Nursing and Pharmacy']",2
Paper 8945,['Anthropology and Development Studies'],3
Paper 8946,['Social Work and Social Policy'],3
Paper 8947,"['Art and Design: History, Practice and Theory']",2
Paper 8948,['Biological Sciences'],3
Paper 8949,['Archaeology'],3
Paper 8950,"['Communication, Cultural and Media Studies, Library and Information Management']",2
Paper 8951,['Theology and Religious Studies'],3
Paper 8952,['Geography and Environmental Studies'],2
Paper 8953,['Geography and Environmental Studies'],3
Paper 8954,['Social Work and Social Policy'],2
Paper 8955,"['Archaeology', 'Architecture, Built Environment and Planning']",2
Paper 8956,['Classics'],3
Paper 8957,['Modern Languages and Linguistics'],3
Paper 8958,"['Psychology, Psychiatry and Neuroscience']",2
Paper 8959,['Theology and Religious Studies'],2
Paper 8960,['Earth Systems and Environmental Sciences'],3
Paper 8961,['Earth Systems and Environmental Sciences'],3
Paper 8962,"['Architecture, Built Environment and Planning']",3
Paper 8963,"['Psychology, Psychiatry and Neuroscience']",2
Paper 8964,['Classics'],3
Paper 8965,['Theology and Religious Studies'],3
Paper 8966,['Sociology'],2
Paper 8967,"['Engineering', 'Engineering']",3
Paper 8968,"['History', 'Mathematical Sciences']",3
Paper 8969,['Engineering'],2
Paper 8970,['Philosophy'],2
Paper 8971,['Physics'],3
Paper 8972,"['Theology and Religious Studies', 'Law']",2
Paper 8973,['Biological Sciences'],3
Paper 8974,['Clinical Medicine'],3
Paper 8975,['Biological Sciences'],3
Paper 8976,['Mathematical Sciences'],3
Paper 8977,"['Allied Health Professions, Dentistry, Nursing and Pharmacy']",3
Paper 8978,['Engineering'],3
Paper 8979,['Biological Sciences'],3
Paper 8980,['Engineering'],2
Paper 8981,['Sociology'],2
Paper 8982,['Anthropology and Development Studies'],2
Paper 8983,['Engineering'],2
Paper 8984,['Earth Systems and Environmental Sciences'],3
Paper 8985,['History'],3
Paper 8986,"['Sport and Exercise Sciences, Leisure and Tourism']",2
Paper 8987,['Computer Science and Informatics'],3
Paper 8988,['English Language and Literature'],3
Paper 8989,['Theology and Religious Studies'],2
Paper 8990,['Archaeology'],3
Paper 8991,['Engineering'],3
Paper 8992,['Engineering'],2
Paper 8993,['Engineering'],3
Paper 8994,['Classics'],3
Paper 8995,"['Architecture, Built Environment and Planning']",2
Paper 8996,['Engineering'],3
Paper 8997,['Physics'],3
Paper 8998,['Chemistry'],4
Paper 8999,"['Mathematical Sciences', 'Agriculture, Food and Veterinary Sciences']",2
Paper 9000,['Physics'],3
Paper 9001,['History'],3
Paper 9002,['Politics and International Studies'],2
Paper 9003,['Business and Management Studies'],2
Paper 9004,['Classics'],3
Paper 9005,['Modern Languages and Linguistics'],3
Paper 9006,['Modern Languages and Linguistics'],3
Paper 9007,"['Public Health, Health Services and Primary Care']",2
Paper 9008,['Politics and International Studies'],2
Paper 9009,['Social Work and Social Policy'],3
Paper 9010,['Engineering'],3
Paper 9011,"['Communication, Cultural and Media Studies, Library and Information Management', 'Mathematical Sciences']",3
Paper 9012,['Theology and Religious Studies'],2
Paper 9013,['Philosophy'],2
Paper 9014,"['Social Work and Social Policy', 'Area Studies']",3
Paper 9015,['Biological Sciences'],3
Paper 9016,['Education'],3
Paper 9017,['Area Studies'],3
Paper 9018,['Economics and Econometrics'],3
Paper 9019,"['Psychology, Psychiatry and Neuroscience']",2
Paper 9020,['Economics and Econometrics'],3
Paper 9021,['Biological Sciences'],2
Paper 9022,"['Computer Science and Informatics', 'Chemistry']",2
Paper 9023,['Modern Languages and Linguistics'],3
Paper 9024,"['English Language and Literature', 'History']",2
Paper 9025,['Business and Management Studies'],3
Paper 9026,['Politics and International Studies'],3
Paper 9027,['Archaeology'],2
Paper 9028,"['Biological Sciences', 'Art and Design: History, Practice and Theory']",3
Paper 9029,['Modern Languages and Linguistics'],3
Paper 9030,['Politics and International Studies'],2
Paper 9031,['Social Work and Social Policy'],2
Paper 9032,"['Sport and Exercise Sciences, Leisure and Tourism']",2
Paper 9033,['Area Studies'],3
Paper 9034,['Clinical Medicine'],3
Paper 9035,['Sociology'],3
Paper 9036,"['Engineering', 'Psychology, Psychiatry and Neuroscience']",2
Paper 9037,"['Communication, Cultural and Media Studies, Library and Information Management']",2
Paper 9038,['Sociology'],3
Paper 9039,['Economics and Econometrics'],3
Paper 9040,"['Architecture, Built Environment and Planning']",3
Paper 9041,['Theology and Religious Studies'],3
Paper 9042,['Clinical Medicine'],3
Paper 9043,['Sociology'],4
Paper 9044,"['Sport and Exercise Sciences, Leisure and Tourism']",2
Paper 9045,"['Sport and Exercise Sciences, Leisure and Tourism']",2
Paper 9046,"['Biological Sciences', 'Theology and Religious Studies']",3
Paper 9047,['History'],3
Paper 9048,['Archaeology'],4
Paper 9049,"['Politics and International Studies', 'Engineering']",2
Paper 9050,['Mathematical Sciences'],3
Paper 9051,['Anthropology and Development Studies'],3
Paper 9052,"['Agriculture, Food and Veterinary Sciences']",3
Paper 9053,['Archaeology'],3
Paper 9054,['Anthropology and Development Studies'],2
Paper 9055,['Philosophy'],3
Paper 9056,['Anthropology and Development Studies'],3
Paper 9057,['Law'],3
Paper 9058,['Classics'],3
Paper 9059,['Physics'],3
Paper 9060,"['Communication, Cultural and Media Studies, Library and Information Management']",3
Paper 9061,['Archaeology'],3
Paper 9062,['Engineering'],3
Paper 9063,"['Psychology, Psychiatry and Neuroscience']",3
Paper 9064,['Theology and Religious Studies'],2
Paper 9065,"['Mathematical Sciences', 'Communication, Cultural and Media Studies, Library and Information Management']",3
Paper 9066,"['Agriculture, Food and Veterinary Sciences']",3
Paper 9067,['Theology and Religious Studies'],4
Paper 9068,"['Communication, Cultural and Media Studies, Library and Information Management']",3
Paper 9069,['Philosophy'],3
Paper 9070,['Engineering'],3
Paper 9071,['History'],2
Paper 9072,"['Psychology, Psychiatry and Neuroscience']",3
Paper 9073,"['Communication, Cultural and Media Studies, Library and Information Management']",2
Paper 9074,"['Archaeology', 'Chemistry']",3
Paper 9075,['Mathematical Sciences'],2
Paper 9076,"['Public Health, Health Services and Primary Care']",3
Paper 9077,"['Public Health, Health Services and Primary Care']",3
Paper 9078,['Business and Management Studies'],2
Paper 9079,['Law'],2
Paper 9080,['Area Studies'],3
Paper 9081,"['Sport and Exercise Sciences, Leisure and Tourism']",3
Paper 9082,"['Psychology, Psychiatry and Neuroscience']",2
Paper 9083,['Social Work and Social Policy'],2
Paper 9084,['Archaeology'],3
Paper 9085,['Chemistry'],3
Paper 9086,"['Public Health, Health Services and Primary Care']",3
Paper 9087,"['Psychology, Psychiatry and Neuroscience']",2
Paper 9088,"['Philosophy', 'Engineering']",2
Paper 9089,['Law'],2
Paper 9090,['English Language and Literature'],3
Paper 9091,['Biological Sciences'],3
Paper 9092,"['Architecture, Built Environment and Planning']",2
Paper 9093,['Modern Languages and Linguistics'],3
Paper 9094,['Economics and Econometrics'],3
Paper 9095,"['Education', 'Social Work and Social Policy']",2
Paper 9096,"['Public Health, Health Services and Primary Care']",3
Paper 9097,"['Allied Health Professions, Dentistry, Nursing and Pharmacy']",3
Paper 9098,"['Geography and Environmental Studies', 'Music, Drama, Dance, Performing Arts, Film and Screen Studies']",2
Paper 9099,['Sociology'],3
Paper 9100,"['Computer Science and Informatics', 'Theology and Religious Studies']",2
Paper 9101,"['Classics', 'Economics and Econometrics']",3
Paper 9102,['Engineering'],2
Paper 9103,['Earth Systems and Environmental Sciences'],3
Paper 9104,['Mathematical Sciences'],3
Paper 9105,['Computer Science and Informatics'],2
Paper 9106,['Business and Management Studies'],3
Paper 9107,"['Psychology, Psychiatry and Neuroscience']",2
Paper 9108,['Business and Management Studies'],3
Paper 9109,"['Art and Design: History, Practice and Theory']",3
Paper 9110,['Geography and Environmental Studies'],2
Paper 9111,"['Clinical Medicine', 'Modern Languages and Linguistics']",2
Paper 9112,"['Area Studies', 'Chemistry']",3
Paper 9113,['Mathematical Sciences'],3
Paper 9114,['Chemistry'],3
Paper 9115,['Archaeology'],3
Paper 9116,"['Architecture, Built Environment and Planning']",3
Paper 9117,['Economics and Econometrics'],3
Paper 9118,['Sociology'],2
Paper 9119,['Anthropology and Development Studies'],2
Paper 9120,['Archaeology'],2
Paper 9121,"['Agriculture, Food and Veterinary Sciences']",3
Paper 9122,"['Communication, Cultural and Media Studies, Library and Information Management']",3
Paper 9123,['Business and Management Studies'],2
Paper 9124,"['Sport and Exercise Sciences, Leisure and Tourism']",2
Paper 9125,"['Agriculture, Food and Veterinary Sciences']",3
Paper 9126,['Social Work and Social Policy'],3
Paper 9127,"['Communication, Cultural and Media Studies, Library and Information Management']",2
Paper 9128,"['Music, Drama, Dance, Performing Arts, Film and Screen Studies']",3
Paper 9129,['Politics and International Studies'],3
Paper 9130,['Geography and Environmental Studies'],2
Paper 9131,['Geography and Environmental Studies'],3
Paper 9132,"['Music, Drama, Dance, Performing Arts, Film and Screen Studies']",3
Paper 9133,['Archaeology'],2
Paper 9134,"['Allied Health Professions, Dentistry, Nursing and Pharmacy']",2
Paper 9135,['Geography and Environmental Studies'],3
Paper 9136,['Engineering'],2
Paper 9137,['Archaeology'],3
Paper 9138,['Philosophy'],2
Paper 9139,['Computer Science and Informatics'],3
Paper 9140,['Philosophy'],2
Paper 9141,['English Language and Literature'],3
Paper 9142,['Archaeology'],2
Paper 9143,['Physics'],3
Paper 9144,['Philosophy'],2
Paper 9145,['Physics'],3
Paper 9146,['Area Studies'],3
Paper 9147,"['Allied Health Professions, Dentistry, Nursing and Pharmacy']",3
Paper 9148,"['Mathematical Sciences', 'Mathematical Sciences']",4
Paper 9149,"['Sport and Exercise Sciences, Leisure and Tourism']",2
Paper 9150,"['Computer Science and Informatics', 'Allied Health Professions, Dentistry, Nursing and Pharmacy']",3
Paper 9151,['Classics'],3
Paper 9152,"['Psychology, Psychiatry and Neuroscience']",3
Paper 9153,['Clinical Medicine'],3
Paper 9154,['Area Studies'],3
Paper 9155,['Earth Systems and Environmental Sciences'],3
Paper 9156,"['Communication, Cultural and Media Studies, Library and Information Management']",3
Paper 9157,['Theology and Religious Studies'],3
Paper 9158,['Social Work and Social Policy'],2
Paper 9159,['Physics'],3
Paper 9160,['Politics and International Studies'],3
Paper 9161,"['Sport and Exercise Sciences, Leisure and Tourism']",3
Paper 9162,"['Clinical Medicine', 'English Language and Literature']",3
Paper 9163,['Social Work and Social Policy'],2
Paper 9164,['Social Work and Social Policy'],3
Paper 9165,['Social Work and Social Policy'],3
Paper 9166,['Philosophy'],3
Paper 9167,['Chemistry'],3
Paper 9168,['English Language and Literature'],3
Paper 9169,"['Communication, Cultural and Media Studies, Library and Information Management']",3
Paper 9170,['Chemistry'],3
Paper 9171,['Politics and International Studies'],2
Paper 9172,['Area Studies'],3
Paper 9173,['Earth Systems and Environmental Sciences'],4
Paper 9174,['Chemistry'],3
Paper 9175,['Sociology'],3
Paper 9176,['Sociology'],2
Paper 9177,"['Architecture, Built Environment and Planning', 'Philosophy']",2
Paper 9178,['Classics'],3
Paper 9179,['Mathematical Sciences'],3
Paper 9180,['Clinical Medicine'],3
Paper 9181,['Geography and Environmental Studies'],3
Paper 9182,"['Allied Health Professions, Dentistry, Nursing and Pharmacy']",2
Paper 9183,"['Art and Design: History, Practice and Theory', 'Business and Management Studies']",3
Paper 9184,['Economics and Econometrics'],3
Paper 9185,['Earth Systems and Environmental Sciences'],3
Paper 9186,['Biological Sciences'],3
Paper 9187,['Classics'],3
Paper 9188,['Biological Sciences'],3
Paper 9189,['Biological Sciences'],3
Paper 9190,['Clinical Medicine'],3
Paper 9191,['Clinical Medicine'],3
Paper 9192,['Sociology'],3
Paper 9193,['Computer Science and Informatics'],2
Paper 9194,['Social Work and Social Policy'],2
Paper 9195,"['Allied Health Professions, Dentistry, Nursing and Pharmacy']",2
Paper 9196,"['Music, Drama, Dance, Performing Arts, Film and Screen Studies']",2
Paper 9197,"['Psychology, Psychiatry and Neuroscience']",2
Paper 9198,['Education'],3
Paper 9199,['Geography and Environmental Studies'],2
Paper 9200,['Theology and Religious Studies'],2
Paper 9201,"['Allied Health Professions, Dentistry, Nursing and Pharmacy']",3
Paper 9202,['Law'],2
Paper 9203,['Area Studies'],3
Paper 9204,"['Public Health, Health Services and Primary Care']",3
Paper 9205,['Philosophy'],3
Paper 9206,['Anthropology and Development Studies'],3
Paper 9207,['Mathematical Sciences'],3
Paper 9208,['Theology and Religious Studies'],3
Paper 9209,"['Mathematical Sciences', 'Theology and Religious Studies']",3
Paper 9210,"['Art and Design: History, Practice and Theory']",2
Paper 9211,['Earth Systems and Environmental Sciences'],2
Paper 9212,['Engineering'],3
Paper 9213,['Biological Sciences'],3
Paper 9214,"['Public Health, Health Services and Primary Care']",3
Paper 9215,['Engineering'],2
Paper 9216,['Computer Science and Informatics'],3
Paper 9217,['Business and Management Studies'],2
Paper 9218,['Anthropology and Development Studies'],3
Paper 9219,['Archaeology'],3
Paper 9220,['Biological Sciences'],3
Paper 9221,['Biological Sciences'],2
Paper 9222,"['Archaeology', 'Modern Languages and Linguistics']",2
Paper 9223,['Politics and International Studies'],3
Paper 9224,['Clinical Medicine'],3
Paper 9225,['Sociology'],2
Paper 9226,"['Music, Drama, Dance, Performing Arts, Film and Screen Studies', 'Physics']",3
Paper 9227,['Geography and Environmental Studies'],2
Paper 9228,['Theology and Religious Studies'],2
Paper 9229,['Education'],2
Paper 9230,['Biological Sciences'],3
Paper 9231,"['Art and Design: History, Practice and Theory']",2
Paper 9232,['Computer Science and Informatics'],3
Paper 9233,"['Education', 'Politics and International Studies']",3
Paper 9234,['Biological Sciences'],3
Paper 9235,"['Art and Design: History, Practice and Theory', 'Engineering']",2
Paper 9236,['Law'],2
Paper 9237,['Engineering'],2
Paper 9238,['Business and Management Studies'],3
Paper 9239,['Social Work and Social Policy'],2
Paper 9240,"['Public Health, Health Services and Primary Care']",3
Paper 9241,"['Agriculture, Food and Veterinary Sciences']",3
Paper 9242,"['Art and Design: History, Practice and Theory']",3
Paper 9243,['Chemistry'],3
Paper 9244,['Education'],2
Paper 9245,['Archaeology'],2
Paper 9246,['Classics'],2
Paper 9247,"['Art and Design: History, Practice and Theory']",2
Paper 9248,"['Architecture, Built Environment and Planning']",3
Paper 9249,['Biological Sciences'],3
Paper 9250,"['Sport and Exercise Sciences, Leisure and Tourism']",1
Paper 9251,"['Psychology, Psychiatry and Neuroscience']",2
Paper 9252,['Chemistry'],3
Paper 9253,['Physics'],3
Paper 9254,['Education'],2
Paper 9255,['Philosophy'],2
Paper 9256,['Biological Sciences'],2
Paper 9257,"['Art and Design: History, Practice and Theory']",3
Paper 9258,"['Public Health, Health Services and Primary Care']",3
Paper 9259,['Politics and International Studies'],2
Paper 9260,['Philosophy'],2
Paper 9261,"['Sport and Exercise Sciences, Leisure and Tourism', 'Biological Sciences']",3
Paper 9262,"['Music, Drama, Dance, Performing Arts, Film and Screen Studies']",2
Paper 9263,['Modern Languages and Linguistics'],2
Paper 9264,['Biological Sciences'],2
Paper 9265,['Theology and Religious Studies'],4
Paper 9266,['Anthropology and Development Studies'],3
Paper 9267,['Biological Sciences'],2
Paper 9268,['Economics and Econometrics'],4
Paper 9269,['Computer Science and Informatics'],2
Paper 9270,['Archaeology'],3
Paper 9271,['Physics'],3
Paper 9272,['Modern Languages and Linguistics'],3
Paper 9273,['Education'],2
Paper 9274,['Mathematical Sciences'],3
Paper 9275,['Clinical Medicine'],3
Paper 9276,['Philosophy'],2
Paper 9277,['Theology and Religious Studies'],2
Paper 9278,['Chemistry'],3
Paper 9279,"['Psychology, Psychiatry and Neuroscience']",3
Paper 9280,"['Public Health, Health Services and Primary Care', 'Chemistry']",2
Paper 9281,['Business and Management Studies'],3
Paper 9282,['Law'],2
Paper 9283,['Biological Sciences'],3
Paper 9284,"['Allied Health Professions, Dentistry, Nursing and Pharmacy', 'Area Studies']",3
Paper 9285,['Law'],3
Paper 9286,['Biological Sciences'],2
Paper 9287,['Law'],2
Paper 9288,['Sociology'],2
Paper 9289,['Earth Systems and Environmental Sciences'],3
Paper 9290,['Physics'],3
Paper 9291,"['Allied Health Professions, Dentistry, Nursing and Pharmacy']",2
Paper 9292,['Classics'],3
Paper 9293,['Modern Languages and Linguistics'],2
Paper 9294,['Area Studies'],2
Paper 9295,"['Public Health, Health Services and Primary Care']",3
Paper 9296,"['Art and Design: History, Practice and Theory']",2
Paper 9297,['Physics'],3
Paper 9298,['Anthropology and Development Studies'],3
Paper 9299,"['Psychology, Psychiatry and Neuroscience']",2
Paper 9300,['Clinical Medicine'],3
Paper 9301,"['Allied Health Professions, Dentistry, Nursing and Pharmacy', 'Sport and Exercise Sciences, Leisure and Tourism']",2
Paper 9302,['Politics and International Studies'],2
Paper 9303,"['Sport and Exercise Sciences, Leisure and Tourism']",3
Paper 9304,"['Archaeology', 'Psychology, Psychiatry and Neuroscience']",3
Paper 9305,['Mathematical Sciences'],3
Paper 9306,"['Sport and Exercise Sciences, Leisure and Tourism']",3
Paper 9307,['Earth Systems and Environmental Sciences'],3
Paper 9308,"['Mathematical Sciences', 'Mathematical Sciences']",3
Paper 9309,"['Sociology', 'Chemistry']",3
Paper 9310,['Classics'],3
Paper 9311,['Law'],2
Paper 9312,['Politics and International Studies'],3
Paper 9313,['Politics and International Studies'],3
Paper 9314,"['Politics and International Studies', 'Politics and International Studies']",3
Paper 9315,"['Psychology, Psychiatry and Neuroscience', 'Social Work and Social Policy']",3
Paper 9316,['Geography and Environmental Studies'],2
Paper 9317,['Theology and Religious Studies'],2
Paper 9318,"['Communication, Cultural and Media Studies, Library and Information Management']",2
Paper 9319,['Classics'],3
Paper 9320,"['Architecture, Built Environment and Planning']",3
Paper 9321,['Philosophy'],3
Paper 9322,"['Allied Health Professions, Dentistry, Nursing and Pharmacy']",2
Paper 9323,"['Communication, Cultural and Media Studies, Library and Information Management']",2
Paper 9324,"['Allied Health Professions, Dentistry, Nursing and Pharmacy', 'Social Work and Social Policy']",3
Paper 9325,['Biological Sciences'],3
Paper 9326,['Education'],2
Paper 9327,['Business and Management Studies'],2
Paper 9328,"['Music, Drama, Dance, Performing Arts, Film and Screen Studies']",2
Paper 9329,"['Agriculture, Food and Veterinary Sciences']",2
Paper 9330,['Archaeology'],2
Paper 9331,['Clinical Medicine'],3
Paper 9332,['Theology and Religious Studies'],3
Paper 9333,['Chemistry'],3
Paper 9334,['English Language and Literature'],3
Paper 9335,['Theology and Religious Studies'],2
Paper 9336,['Engineering'],2
Paper 9337,['Sociology'],2
Paper 9338,"['Allied Health Professions, Dentistry, Nursing and Pharmacy']",2
Paper 9339,['Archaeology'],2
Paper 9340,['Business and Management Studies'],2
Paper 9341,"['Agriculture, Food and Veterinary Sciences']",2
Paper 9342,['Philosophy'],2
Paper 9343,['English Language and Literature'],3
Paper 9344,"['Architecture, Built Environment and Planning']",3
Paper 9345,['Physics'],3
Paper 9346,['Area Studies'],2
Paper 9347,['Biological Sciences'],3
Paper 9348,['Physics'],3
Paper 9349,['Physics'],3
Paper 9350,"['Art and Design: History, Practice and Theory']",2
Paper 9351,"['Allied Health Professions, Dentistry, Nursing and Pharmacy']",2
Paper 9352,"['Sport and Exercise Sciences, Leisure and Tourism']",2
Paper 9353,['Sociology'],3
Paper 9354,"['Classics', 'Philosophy']",3
Paper 9355,['Earth Systems and Environmental Sciences'],3
Paper 9356,['Earth Systems and Environmental Sciences'],3
Paper 9357,['Anthropology and Development Studies'],3
Paper 9358,['Modern Languages and Linguistics'],2
Paper 9359,"['Architecture, Built Environment and Planning']",3
Paper 9360,['Business and Management Studies'],2
Paper 9361,['Earth Systems and Environmental Sciences'],2
Paper 9362,['Clinical Medicine'],3
Paper 9363,['Biological Sciences'],2
Paper 9364,['Chemistry'],3
Paper 9365,['Biological Sciences'],3
Paper 9366,['History'],3
Paper 9367,['Law'],3
Paper 9368,"['Clinical Medicine', 'Chemistry']",3
Paper 9369,['Philosophy'],2
Paper 9370,['Law'],2
Paper 9371,['Mathematical Sciences'],2
Paper 9372,['Physics'],3
Paper 9373,['Clinical Medicine'],3
Paper 9374,['Computer Science and Informatics'],5
Paper 9375,"['Art and Design: History, Practice and Theory']",3
Paper 9376,['Physics'],3
Paper 9377,['Biological Sciences'],3
Paper 9378,['Social Work and Social Policy'],2
Paper 9379,['Sociology'],3
Paper 9380,['Area Studies'],3
Paper 9381,['Politics and International Studies'],3
Paper 9382,"['Sport and Exercise Sciences, Leisure and Tourism']",2
Paper 9383,['Physics'],3
Paper 9384,['Geography and Environmental Studies'],2
Paper 9385,"['Public Health, Health Services and Primary Care']",2
Paper 9386,['Business and Management Studies'],2
Paper 9387,['Business and Management Studies'],2
Paper 9388,['Archaeology'],3
Paper 9389,['Engineering'],3
Paper 9390,['Biological Sciences'],3
Paper 9391,['Theology and Religious Studies'],3
Paper 9392,"['Music, Drama, Dance, Performing Arts, Film and Screen Studies']",2
Paper 9393,['Engineering'],2
Paper 9394,['Classics'],3
Paper 9395,['Social Work and Social Policy'],2
Paper 9396,['Archaeology'],2
Paper 9397,['Engineering'],2
Paper 9398,['Computer Science and Informatics'],2
Paper 9399,['Economics and Econometrics'],2
Paper 9400,"['Psychology, Psychiatry and Neuroscience']",3
Paper 9401,"['Allied Health Professions, Dentistry, Nursing and Pharmacy']",3
Paper 9402,['Engineering'],2
Paper 9403,['Earth Systems and Environmental Sciences'],3
Paper 9404,['Computer Science and Informatics'],3
Paper 9405,['Education'],3
Paper 9406,['Mathematical Sciences'],3
Paper 9407,['Politics and International Studies'],3
Paper 9408,['Philosophy'],2
Paper 9409,"['History', 'Agriculture, Food and Veterinary Sciences']",3
Paper 9410,['Computer Science and Informatics'],2
Paper 9411,['Education'],2
Paper 9412,"['Communication, Cultural and Media Studies, Library and Information Management']",3
Paper 9413,['Sociology'],3
Paper 9414,"['Sport and Exercise Sciences, Leisure and Tourism']",2
Paper 9415,['Area Studies'],3
Paper 9416,"['Public Health, Health Services and Primary Care']",3
Paper 9417,"['Public Health, Health Services and Primary Care']",3
Paper 9418,"['Politics and International Studies', 'Philosophy']",3
Paper 9419,"['Allied Health Professions, Dentistry, Nursing and Pharmacy']",3
Paper 9420,['Social Work and Social Policy'],3
Paper 9421,['Social Work and Social Policy'],2
Paper 9422,"['Communication, Cultural and Media Studies, Library and Information Management']",3
Paper 9423,['Mathematical Sciences'],3
Paper 9424,['Chemistry'],3
Paper 9425,['Mathematical Sciences'],3
Paper 9426,"['Earth Systems and Environmental Sciences', 'Agriculture, Food and Veterinary Sciences']",3
Paper 9427,"['Communication, Cultural and Media Studies, Library and Information Management']",2
Paper 9428,"['Sport and Exercise Sciences, Leisure and Tourism']",3
Paper 9429,['Politics and International Studies'],3
Paper 9430,['Clinical Medicine'],2
Paper 9431,['Education'],2
Paper 9432,['Politics and International Studies'],3
Paper 9433,['Mathematical Sciences'],2
Paper 9434,['Physics'],3
Paper 9435,"['Biological Sciences', 'Music, Drama, Dance, Performing Arts, Film and Screen Studies']",2
Paper 9436,"['Computer Science and Informatics', 'Law']",2
Paper 9437,['Education'],3
Paper 9438,['Social Work and Social Policy'],3
Paper 9439,['Engineering'],4
Paper 9440,"['Art and Design: History, Practice and Theory']",2
Paper 9441,['Biological Sciences'],4
Paper 9442,"['Psychology, Psychiatry and Neuroscience']",2
Paper 9443,['Computer Science and Informatics'],2
Paper 9444,"['Communication, Cultural and Media Studies, Library and Information Management']",2
Paper 9445,['Politics and International Studies'],3
Paper 9446,['Theology and Religious Studies'],3
Paper 9447,['Politics and International Studies'],3
Paper 9448,['Theology and Religious Studies'],2
Paper 9449,['Chemistry'],3
Paper 9450,"['Allied Health Professions, Dentistry, Nursing and Pharmacy']",3
Paper 9451,"['Communication, Cultural and Media Studies, Library and Information Management', 'Public Health, Health Services and Primary Care']",3
Paper 9452,['English Language and Literature'],3
Paper 9453,['Politics and International Studies'],3
Paper 9454,['Mathematical Sciences'],3
Paper 9455,"['Music, Drama, Dance, Performing Arts, Film and Screen Studies']",3
Paper 9456,['Biological Sciences'],2
Paper 9457,"['Philosophy', 'Classics']",2
Paper 9458,"['Allied Health Professions, Dentistry, Nursing and Pharmacy', 'Computer Science and Informatics']",3
Paper 9459,['Chemistry'],2
Paper 9460,['Anthropology and Development Studies'],3
Paper 9461,"['Public Health, Health Services and Primary Care']",2
Paper 9462,"['Geography and Environmental Studies', 'Clinical Medicine']",3
Paper 9463,"['Economics and Econometrics', 'Social Work and Social Policy']",3
Paper 9464,"['Music, Drama, Dance, Performing Arts, Film and Screen Studies']",2
Paper 9465,['Law'],3
Paper 9466,['Mathematical Sciences'],2
Paper 9467,['Mathematical Sciences'],3
Paper 9468,"['Architecture, Built Environment and Planning']",3
Paper 9469,['English Language and Literature'],3
Paper 9470,['Modern Languages and Linguistics'],2
Paper 9471,['English Language and Literature'],3
Paper 9472,"['Agriculture, Food and Veterinary Sciences']",3
Paper 9473,['English Language and Literature'],3
Paper 9474,"['Agriculture, Food and Veterinary Sciences']",2
Paper 9475,"['Communication, Cultural and Media Studies, Library and Information Management']",2
Paper 9476,['Politics and International Studies'],3
Paper 9477,['Philosophy'],3
Paper 9478,"['Anthropology and Development Studies', 'Sociology']",3
Paper 9479,['History'],3
Paper 9480,['Philosophy'],2
Paper 9481,"['Allied Health Professions, Dentistry, Nursing and Pharmacy']",3
Paper 9482,['History'],2
Paper 9483,['Economics and Econometrics'],3
Paper 9484,['Biological Sciences'],3
Paper 9485,"['Communication, Cultural and Media Studies, Library and Information Management']",2
Paper 9486,['Theology and Religious Studies'],3
Paper 9487,['Philosophy'],3
Paper 9488,"['Communication, Cultural and Media Studies, Library and Information Management']",3
Paper 9489,"['Public Health, Health Services and Primary Care', 'Mathematical Sciences']",2
Paper 9490,['Philosophy'],3
Paper 9491,"['Agriculture, Food and Veterinary Sciences']",3
Paper 9492,"['Area Studies', 'Music, Drama, Dance, Performing Arts, Film and Screen Studies']",2
Paper 9493,['Clinical Medicine'],3
Paper 9494,['Business and Management Studies'],2
Paper 9495,['Law'],2
Paper 9496,['Geography and Environmental Studies'],2
Paper 9497,"['Music, Drama, Dance, Performing Arts, Film and Screen Studies']",3
Paper 9498,['Social Work and Social Policy'],2
Paper 9499,"['Agriculture, Food and Veterinary Sciences']",3
Paper 9500,['Economics and Econometrics'],3
Paper 9501,['Chemistry'],3
Paper 9502,['Area Studies'],3
Paper 9503,['Philosophy'],3
Paper 9504,['Engineering'],2
Paper 9505,"['Music, Drama, Dance, Performing Arts, Film and Screen Studies']",4
Paper 9506,['Classics'],3
Paper 9507,['Social Work and Social Policy'],2
Paper 9508,['Engineering'],2
Paper 9509,['Philosophy'],3
Paper 9510,['Anthropology and Development Studies'],2
Paper 9511,['Law'],3
Paper 9512,['Geography and Environmental Studies'],3
Paper 9513,['Engineering'],2
Paper 9514,['Education'],3
Paper 9515,"['Music, Drama, Dance, Performing Arts, Film and Screen Studies']",2
Paper 9516,"['Modern Languages and Linguistics', 'Art and Design: History, Practice and Theory']",3
Paper 9517,['Computer Science and Informatics'],3
Paper 9518,['Classics'],3
Paper 9519,"['Politics and International Studies', 'Mathematical Sciences']",2
Paper 9520,['Politics and International Studies'],3
Paper 9521,['Social Work and Social Policy'],2
Paper 9522,['Engineering'],2
Paper 9523,['Earth Systems and Environmental Sciences'],3
Paper 9524,['Classics'],3
Paper 9525,"['Sport and Exercise Sciences, Leisure and Tourism', 'Agriculture, Food and Veterinary Sciences']",3
Paper 9526,['History'],3
Paper 9527,"['Art and Design: History, Practice and Theory']",3
Paper 9528,['Biological Sciences'],3
Paper 9529,['Business and Management Studies'],3
Paper 9530,['Mathematical Sciences'],3
Paper 9531,"['Classics', 'Physics']",3
Paper 9532,['Philosophy'],2
Paper 9533,"['Architecture, Built Environment and Planning']",2
Paper 9534,"['Art and Design: History, Practice and Theory']",3
Paper 9535,['Business and Management Studies'],3
Paper 9536,"['Psychology, Psychiatry and Neuroscience']",2
Paper 9537,['Theology and Religious Studies'],2
Paper 9538,['Archaeology'],3
Paper 9539,['Social Work and Social Policy'],2
